id;marca_madre;submarca;especie;etapa_vida;nombre;formatos;descripcion;ingredientes;analisis_garantizado;imagen_local;url_imagen_original;url_origen
"bonelo-purina-bonelo-adultos-todos-los-tamanos-con-carne";"Purina";"Bonelo";"perro";"adulto";"PURINA® BONELO® Adultos Todos los Tamaños con Carne";"19,5 kg";"Bonelo para perros adultos en mantenimiento, nutrición completa y balanceada, sin colorantes, para mantener a tu perro saludable y en condición ideal.";"Guía de alimentación";"{""Humedad (máx.)"":""12,0%"",""Proteína cruda (mín.)"":""21,0%"",""Extracto Etéreo /  Grasa bruta (mín.)"":""10,0%"",""Fibra cruda (máx.)"":""3,5%"",""Cenizas/Minerales (máx.)"":""9,0%"",""Calcio (mín./máx.)"":""1,1% | 1,8%"",""Fósforo (mín./máx.)"":""0,8% | 1,3%"",""Energía Metabolizable (prom. calculada):"":""3.600 kcal/kg""}";"Imagenes_Alimentos/Purina/perros/bonelo/purina-bonelo-adultos-todos-los-tamanos-con-carne.png";"https://purina.cl/sites/default/files/styles/webp/public/2024-08/Bonelo%20-%20Adultos%20todos%20los%20tama%C3%B1os%20con%20carne.png.webp?itok=O2Vyff7K";"https://purina.cl/bonelo/productos/carne-adulto-todos-los-tamanos"
"felix-alimento-humedo-felix-pollo-para-gatitos";"Purina";"Felix";"gato";"cachorro";"Alimento húmedo Felix® pollo para gatitos";"85 g";"Felix Pollo es un alimento húmedo completo y balanceado para tos en desarrollo, con trocitos de pollo que deleitan a tu gato. Conócelo";"Agua suficiente para proceso, carne de pollo, hígado de cerdo, gluten de trigo, carne de atún, vísceras de cerdo, almidón de maíz modificado, harina de soya, concentrado de proteína de soya, fosfato de calcio, colorantes (rojo 3, dióxido de titanio), cloruro de potasio, taurina, sal, cloruro de colina, mononitrato de tiamina, sulfato de zinc, suplemento de vitamina E, sulfato ferroso, niacina, sulfato de cobre, pantotenato de calcio, sulfato de manganeso, suplemento de vitamina A, complejo sódico de bisulfito de menadiona (fuente de actividad de vitamina K), hidrocloruro de piridoxina, suplemento de riboflavina, suplemento de vitamina B-12, biotina, acido fólico, suplemento de vitamina D-3, yoduro de potasio.";"{""HUMEDAD"":"""",""PROTEÍNA CRUDA"":"""",""GRASA CRUDA"":"""",""FIBRA CRUDA"":"""",""CENIZAS/MINERALES"":""""}";"Imagenes_Alimentos/Purina/gatos/felix/alimento-humedo-felix-pollo-para-gatitos.png";"https://purina.cl/sites/default/files/styles/webp/public/2022-10/purina-felix-gatitos-pollo-1.png.webp?itok=YYjxgcU0";"https://purina.cl/felix/filetes-y-trocitos/gatitos-sensaciones-de-pollo"
"felix-felix-pollo-e-higado-para-gatos";"Purina";"Felix";"gato";"adulto";"Felix® pollo e hígado para gatos";"85 g";"Felix Pollo e Hígado para gatos es un delicioso alimento húmedo completo para gatos en desarrollo, con trocitos de pollo e hígado. Descúbrelo aquí.";"Agua suficiente para proceso, carne de pescado blanco, hígado de cerdo, carne de pollo, gluten de trigo, carne de pavo, hígado de cerdo, carne de pollo, gluten de trigo, vísceras de cerdo, carne de salmón, almidón de maíz modificado, harina de soya, concentrado de proteína de soya, fosfato tricálcico, cloruro de potasio, taurina, cloruro de colina, sal, mononitrato de tiamina, sulfato de zinc, suplemento de vitamina E, sulfato ferroso, niacina, sulfato de cobre, pantotenato de calcio, sulfato de manganeso, suplemento de vitamina A, complejo sódico de bisulfito de menadiona (fuente de actividad de vitamina K), hidrocloruro de piridoxina, suplemento de riboflavina, suplemento de vitamina B-12, biotina, acido fólico, suplemento de vitamina D-3, ioduro de potasio.";"{""PROTEÍNA CRUDA (MÍN)"":""11% | -"",""GRASA CRUDA (MÍX)"":""2% | -"",""FIBRA CRUDA (MÁX)"":""1,5% | -"",""HUMEDAD (MÁX)"":""80% | -"",""CENIZAS / MINERALES (MÁX)"":""2,7% | -"",""CALCIO (MÍN / MÁX)"":""0,20% | 0,60%"",""FÓSFORO (MÍN / MÁX)"":""0,16% | 0,40%"",""TAURINA (MÍN)"":""0,05% | -"",""ENERGÍA METABOLIZABLE"":""840kcal/kg (70kcal/sobre) | -""}";"Imagenes_Alimentos/Purina/gatos/felix/felix-pollo-e-higado-para-gatos.png";"https://purina.cl/sites/default/files/styles/webp/public/2022-10/purina-felix-pollo-higado-gatos-1.png.webp?itok=SfiI3IR9";"https://purina.cl/felix/alimento-humedo/pollo-higado-en-salsa"
"felix-alimento-humedo-felix-pavo-en-salsa";"Purina";"Felix";"gato";"adulto";"Alimento húmedo Felix® pavo en salsa";"85 g";"Felix Pavo en salsa es un delicioso alimento húmedo completo y balanceado para gatos adultos, compuesto por deliciosos trocitos de pavo.";"Agua suficiente para proceso, carne de pollo, hígado de cerdo, gluten de trigo, vísceras de cerdo, carne de pavo, almidón de maíz modificado, harina de soya, concentrado de proteína de soya, fosfato de calcio, cloruro de potasio, taurina, cloruro de colina, colorante (dióxido de titanio), sal, mononitrato de tiamina, suplemento de vitamina E, sulfato de zinc, sulfato ferroso, niacina, pantotenato de calcio, suplemento de vitamina A, complejo sódico de bisulfito de menadiona (fuente de actividad de vitamina K), sulfato de cobre, sulfato de manganeso, hidrocloruro de piridoxina, suplemento de riboflavina, suplemento de vitamina B-12, biotina, acido fólico, suplemento de vitamina D-3, yoduro de potasio.";"{""PROTEÍNA CRUDA (MÍN)"":""10% | -"",""GRASA CRUDA (MÍX)"":""2.0% | -"",""FIBRA CRUDA (MÁX)"":""1,5% | -"",""HUMEDAD (MÁX)"":""82% | -"",""CENIZAS / MINERALES (MÍN / MÁX)"":""3% | -"",""CALCIO (MÍN / MÁX)"":""0,50% | 0,15%"",""FÓSFORO (MÍN / MÁX)"":""0,10% | 0,40%"",""TAURINA (MÍN)"":""0,05% | -""}";"Imagenes_Alimentos/Purina/gatos/felix/alimento-humedo-felix-pavo-en-salsa.png";"https://purina.cl/sites/default/files/styles/webp/public/2022-10/purina-felix-pavo-gatos-1.png.webp?itok=yUdIxxBY";"https://purina.cl/felix/filetes-y-trocitos/sensaciones-de-pavo-en-salsa"
"felix-felix-con-sardina-en-lata-para-gatos";"Purina";"Felix";"gato";"adulto";"Felix® con sardina en lata para gatos";"85 g";"Felix Sensaciones Sardina en Salsa: comida para gatos que ofrece una mezcla perfecta de sabor y textura. ¡Haz que cada comida sea un festín para tu felino!";"Agua suficiente para proceso, carne de pescado blanco, carne de pollo, gluten de trigo, carne de pavo, hígado de cerdo, almidón de maíz modificado, carne de sardina, harina de soya, concentrado de proteína de soya, fosfato tricálcico, colorantes (dióxido de titanio, caramelo, óxido de hierro), cloruro de potasio, taurina, cloruro de colina, sal, mononitrato de tiamina, suplemento de vitamina E, sulfato de zinc, sulfato ferroso, niacina, pantotenato de calcio, suplemento de vitamina A, complejo sódico de bisulfito de menadiona (fuente de actividad de vitamina K), sulfato de cobre, sulfato de manganeso, hidrocloruro de piridoxina, suplemento de riboflavina, suplemento de vitamina B-12, biotina, acido fólico, suplemento de vitamina D-3, yoduro de potasio.";"{""PROTEÍNA CRUDA (MÍN)"":""10% | -"",""GRASA CRUDA (MÍX)"":""2% | -"",""FIBRA CRUDA (MÁX)"":""1,5% | -"",""HUMEDAD (MÁX)"":""82% | -"",""CENIZAS / MINERALES (MÁX)"":""3% | -"",""CALCIO (MÍN / MÁX)"":""0,15% | 0,50%"",""FÓSFORO (MÍN / MÁX)"":""0,10% | 0,40%"",""AURINA (MÍN)"":""0,05% | -""}";"Imagenes_Alimentos/Purina/gatos/felix/felix-con-sardina-en-lata-para-gatos.png";"https://purina.cl/sites/default/files/styles/webp/public/2022-10/sardina_felix_0.png.webp?itok=VaFd90Om";"https://purina.cl/felix/filetes-y-trocitos/sensaciones-sardina-en-salsa"
"felix-felix-comida-para-gatos-de-salmon";"Purina";"Felix";"gato";"adulto";"Felix® Comida para gatos de salmón";"85 g";"Felix Comida para gatos de salmón, es un una deliciosa combinación balanceada que satisfacerá al 100% de requerimiento nutricional a tu gato adulto.";"Agua suficiente para proceso, hígado de cerdo, carne de pavo, gluten de trigo, vísceras de cerdo, carne de salmón, almidón de maíz modificado, harina de soya, concentrado de proteína de soya, fosfato de calcio, colorantes (rojo 3, óxido de hierro, dióxido de titanio), cloruro de potasio, taurina, cloruro de colina, sal, mononitrato de tiamina, sulfato de zinc, suplemento de vitamina E, sulfato ferroso, niacina, sulfato de cobre, pantotenato de calcio, sulfato de manganeso, suplemento de vitamina A, complejo sódico de bisulfito de menadiona (fuente de actividad de vitamina K), hidrocloruro de piridoxina, suplemento de riboflavina, suplemento de vitamina B-12, biotina, acido fólico, suplemento de vitamina D-3, yoduro de potasio.";"{""PROTEÍNA CRUDA (MÍN)"":""10% | -"",""GRASA CRUDA (MÍX)"":""2% | -"",""FIBRA CRUDA (MÁX)"":""1,5% | -"",""HUMEDAD (MÁX)"":""82% | -"",""CENIZAS / MINERALES (MÁX)"":""3% | -"",""CALCIO (MÍN / MÁX)"":""0,15% | 0,50%"",""FÓSFORO (MÍN / MÁX)"":""0,10% | 0,40%"",""TAURINA (MÍN)"":""0,05% | -"",""ENERGÍA METABOLIZABLE"":""840kcal/kg (70kcal/sobre) | -""}";"Imagenes_Alimentos/Purina/gatos/felix/felix-comida-para-gatos-de-salmon.png";"https://purina.cl/sites/default/files/styles/webp/public/2022-10/purina-felix-salmon-gatos-1.png.webp?itok=3Yg0R-AZ";"https://purina.cl/felix/filetes-y-trocitos/sensaciones-salmon-en-salsa"
"felix-sobre-felix-gatitos-sabor-pescado";"Purina";"Felix";"gato";"cachorro";"Sobre Felix® gatitos sabor pescado";"85 g";"Alimento húmedo para gatos con delicioso sabor a pescado. Sobre Felix gatitos, nutrición para un desarrollo sano. Descubrelo aquí. Purina.";"Agua suficiente para proceso, carne de pollo, gluten de trigo y/o harina de soya, hígado de pollo, carne de sardina, carne de tilapia, almidón de maíz, ortofosfato de calcio y/o carbonato de calcio, saborizante cárnico artificial y natural, sal, suplementos vitamínicos (A, D-3, E, K-3, Complejo B, cloruro de colina), taurina, cloruro de potasio, suplementos minerales .";"{""HUMEDAD"":""- | 80%"",""PROTEÍNA CRUDA"":""11% | -"",""GRASA CRUDA"":""- | 2.0%"",""FIBRA CRUDA"":""- | 1.5%"",""CENIZAS/MINERALES"":""- | 2.7%"",""CALCIO"":""0.20% | 0.60%"",""FÓSFORO"":""0.16% | 0.40%"",""TAURINA"":""0.05% | -"",""ENERGÍA METABOLIZABLE"":""840kcal/kg (70kcal/sobre)""}";"Imagenes_Alimentos/Purina/gatos/felix/sobre-felix-gatitos-sabor-pescado.png";"https://purina.cl/sites/default/files/styles/webp/public/2022-10/purina-felix-gatitos-pescado-1.png.webp?itok=sRmpVZgh";"https://purina.cl/felix/filetes-y-trocitos/gatitos-sensaciones-de-pescado"
"felix-alimento-humedo-para-gatos-felix-atun";"Purina";"Felix";"gato";"adulto";"Alimento húmedo para gatos Felix® atún";"85 g";"Dale a tu gato el placer de Atún en Salsa de Felix Filetes y trocitos jugosos en salsa. ¡Nutrición y sabor que lo hará ronronear de felicidad!";"Agua suficiente para proceso, carne de pollo, hígado de cerdo, gluten de trigo, carne de atún, vísceras de cerdo, almidón de maíz modificado, harina de soya, concentrado de proteína de soya, fosfato de calcio, colorantes (rojo 3, dióxido de titanio), cloruro de potasio, taurina, sal, cloruro de colina, mononitrato de tiamina, sulfato de zinc, suplemento de vitamina E, sulfato ferroso, niacina, sulfato de cobre, pantotenato de calcio, sulfato de manganeso, suplemento de vitamina A, complejo sódico de bisulfito de menadiona (fuente de actividad de vitamina K), hidrocloruro de piridoxina, suplemento de riboflavina, suplemento de vitamina B-12, biotina, acido fólico, suplemento de vitamina D-3, yoduro de potasio.";"{""PROTEÍNA CRUDA"":""10% | -"",""GRASA CRUDA"":""2% | -"",""FIBRA CRUDA"":""- | 1,5%"",""HUMEDAD"":""- | 82%"",""CENIZAS / MINERALES"":""- | 3%"",""CALCIO"":""0,15% | 0.50%"",""FÓSFORO"":""0,10% | 0.40%"",""TAURINA"":""0,05% | -"",""ENERGÍA METABOLIZABLE"":""840kcal/kg (70kcal/sobre) | -""}";"Imagenes_Alimentos/Purina/gatos/felix/alimento-humedo-para-gatos-felix-atun.png";"https://purina.cl/sites/default/files/styles/webp/public/2022-11/purina-felix-atun.png.webp?itok=Vs9twbfx";"https://purina.cl/felix/filetes-y-trocitos/sensaciones-atun-en-salsa"
"felix-alimento-humedo-purina-felix-pescado-blanco";"Purina";"Felix";"gato";"adulto";"Alimento húmedo purina Felix® pescado blanco";"85 g";"Alimento húmedo Felix Pescado para gatos, completo y balanceado para gatos adultos de todas las razas, con actividad normal.";"Agua suficiente para proceso, carne de pescado blanco, carne de pollo, gluten de trigo, carne de pavo, hígado de cerdo, almidón de maíz modificado, carne de atún, harina de soya, concentrado de proteína de soya, fosfato de calcio, colorante (dióxido de titanio), cloruro de potasio, taurina, cloruro de colina, sal, mononitrato de tiamina, suplemento de vitamina E, sulfato de zinc, sulfato ferroso, niacina, pantotenato de calcio, suplemento de vitamina A, complejo sódico de bisulfito de menadiona (fuente de actividad de vitamina K), sulfato de cobre, sulfato de manganeso, hidrocloruro de piridoxina, suplemento de riboflavina, suplemento de vitamina B-12, biotina, acido fólico, suplemento de vitamina D-3, yoduro de potasio.";"{""PROTEÍNA CRUDA"":""11% | -"",""GRASA CRUDA"":""2% | -"",""FIBRA CRUDA"":""- | 1,5%"",""HUMEDAD"":""- | 80%"",""CENIZAS / MINERALES"":""- | 2,7%"",""CALCIO"":""0,20% | 0,60%"",""FÓSFORO"":""0,16% | 0,40%"",""TAURINA"":""0,05% | -"",""ENERGÍA METABOLIZABLE"":""840kcal/kg (70kcal/sobre) | -""}";"Imagenes_Alimentos/Purina/gatos/felix/alimento-humedo-purina-felix-pescado-blanco.png";"https://purina.cl/sites/default/files/styles/webp/public/2022-10/pescado_blanco_felix_0.png.webp?itok=yR6WNi43";"https://purina.cl/felix/filetes-y-trocitos/sensaciones-de-pescado-blanco"
"felix-alimento-humedo-felix-carne-gato-adulto";"Purina";"Felix";"gato";"adulto";"Alimento húmedo Felix® carne gato adulto";"85 g";"Alimento húmedo Felix Carne para gatos adultos. Sabor irresistible y textura ideal para una dieta completa. Descrúbrelo aquí.";"";"{""PROTEÍNA CRUDA (MÍN)"":""11% | -"",""GRASA CRUDA (MÍX)"":""2% | -"",""FIBRA CRUDA (MÁX)"":""- | 1,5%"",""HUMEDAD (MÁX)"":""- | 80%"",""CENIZAS (MÁX)"":""- | 2,5%"",""CALCIO (MÍN)"":""0,20% | -"",""FÓSFORO (MÍN)"":""0,16% | -""}";"Imagenes_Alimentos/Purina/gatos/felix/alimento-humedo-felix-carne-gato-adulto.png";"https://purina.cl/sites/default/files/styles/webp/public/2022-11/purina-felix-carne.png.webp?itok=opRmOfxk";"https://purina.cl/felix/filetes-y-trocitos/sensaciones-carne-en-salsa"
"felix-alimento-humedo-purina-felix-cordero";"Purina";"Felix";"gato";"adulto";"Alimento húmedo purina Felix® cordero";"85 g";"Alimento para gatos Felix Cordero, es un alimento húmedo completo y balanceado para gatos adultos, compuesto por trocitos de cordero.";"";"{""PROTEÍNA CRUDA (MÍN)"":""10% | -"",""GRASA CRUDA (MÍX)"":""2% | -"",""FIBRA CRUDA (MÁX)"":""- | 1,5%"",""HUMEDAD (MÁX)"":""- | 82%"",""CENIZAS (MÁX)"":""- | 3%"",""CALCIO (MÍN/MÁX)"":""0,15% | 0,50%"",""FÓSFORO (MÍN/MÁX)"":""0,10% | 0,40%"",""TAURINA (MÍN)"":""- | 0,5%"",""ENERGÍA METABOLIZABLE (CALCULADA)"":""- | 70 kcal/sobre""}";"Imagenes_Alimentos/Purina/gatos/felix/alimento-humedo-purina-felix-cordero.png";"https://purina.cl/sites/default/files/styles/webp/public/2022-11/purina-felix-cordero.png.webp?itok=RSQgjEOM";"https://purina.cl/felix/filetes-y-trocitos/gatitos-sensaciones-cordero"
"felix-sobre-felix-gatitos-sabor-carne";"Purina";"Felix";"gato";"cachorro";"Sobre Felix® gatitos sabor carne";"85 g";"Sobre Felix Gatitos sabor carne es una combinación de sabores y texturas únicas para tu mascota. Su olor, sabor y apariencia serán irresistibles.";"";"{""PROTEÍNA CRUDA (MÍN)"":""11% | -"",""GRASA CRUDA (MÍX)"":""2% | -"",""FIBRA CRUDA (MÁX)"":""- | 1,5%"",""HUMEDAD (MÁX)"":""- | 80%"",""CENIZAS (MÁX)"":""- | 2,7%"",""CALCIO (MÍN)"":""0,20% | 0,60%"",""FÓSFORO (MÍN)"":""0,16% | 0,40%"",""TAURINA (MIN)"":""0,05% | -"",""ENERGÍA METABOLIZABLE (CALCULADA)"":""80 Kcal/Sobre | -""}";"Imagenes_Alimentos/Purina/gatos/felix/sobre-felix-gatitos-sabor-carne.png";"https://purina.cl/sites/default/files/styles/webp/public/2022-11/purina-felix-gatitos-carne.png.webp?itok=Q0z57oSc";"https://purina.cl/felix/filetes-y-trocitos/gatitos-sensaciones-de-carne"
"felix-snacks-purina-felix-travesuras-ocean-mix";"Purina";"Felix";"gato";"adulto";"Snacks purina Felix® travesuras ocean mix";"59 g";"Felix Travesuras Ocean Mix es un delicioso snack para gatos traviesos sabor camarón, salmón y atún ¡A tu mejor amigo le encantará, descúbrelo aquí!.";"";"{""Proteína cruda (mín.)"":""30% | -"",""Grasa cruda (mín.)"":""15% | -"",""Fibra cruda (máx.)"":""- | 4%"",""Humedad (máx.)"":""- | 8%""}";"Imagenes_Alimentos/Purina/gatos/felix/snacks-purina-felix-travesuras-ocean-mix.png";"https://purina.cl/sites/default/files/styles/webp/public/2022-10/purina-felix-travesuras-ocean-mix-frente.png.webp?itok=Eb9ecTNC";"https://purina.cl/felix/snacks/ocean-mix"
"felix-felix-pate-de-salmon";"Purina";"Felix";"gato";"adulto";"Felix® paté de salmón";"156 g";"Felix Paté de Salmón es alimento húmedo balanceado y completo para gatos adultos en mantenimiento. Sin conservadores ni colorantes artificiales.";"Descripción del producto Alimento balanceado y completo húmedo para gatos adultos de todas las razas FELIX®. Paté salmón con una suave y agradable textura en formato lata. Tu amigo disfrutará de la irresistible variedad de comida cada día, y eso no es todo, cada porción está complementada con ácidos grasos esenciales Omega 6 , con una combinación balanceada de nutrientes para satisfacer al 100% las necesidades diarias de tu gato. Este delicioso alimento provee a tu gato con todos los minerales, proteínas y vitaminas que él necesita con los sabores que a él le encantan. Su olor, sabor y apariencia serán irresistibles para tu gato por lo que hará las cosas más ingeniosas para conseguirlo. Si tienes la suerte de tener un gato astuto como Felix® , sorpréndelo con las diferentes combinaciones todos los días. Sin conservadores, saborizantes ni colorantes artificiales. Los gatos astutos harán de todo para conseguir los alimentos de Felix®. Ya sea comida seca, húmeda o bocadillos, cada uno con un sabor nuevo y delicioso. Ingredientes: Vísceras de cerdo, carne de salmón, agua suficiente para proceso, menudencias de pollo y/o pavo, carne de pescado, arroz, fosfato de calcio, goma guar, colorantes (rojo 3, dióxido de titanio), cloruro de potasio, sal, carragenina, sulfato de magnesio, taurina, cloruro de colina, suplemento de vitamina E, sulfato de zinc, mononitrato de tiamina, sulfato ferroso, niacina, nitrito de sodio, sulfato de cobre, sulfato de manganeso, pantotenato de calcio, suplemento de vitamina A, complejo sódico de bisulfito de menadiona (fuente de actividad de vitamina K), hidrocloruro de piridoxina, suplemento de riboflavina, suplemento de vitamina B-12, biotina, ácido fólico, suplemento de vitamina D-3, yoduro de potasio.";"{""PROTEÍNA CRUDA (MÍN.)"":""10% | -"",""GRASA CRUDA (MÍN.)"":""5% | -"",""FIBRA CRUDA (MÁX.)"":""- | 1,0%"",""HUMEDAD (MÁX.)"":""- | 78%"",""CENIZAS (MÁX.)"":""- | 3%"",""CALCIO (MÍN.)"":""0,22% | -"",""FÓSFORO (MÍN.)"":""0,18% | -""}";"Imagenes_Alimentos/Purina/gatos/felix/felix-pate-de-salmon.png";"https://purina.cl/sites/default/files/styles/webp/public/2026-01/Pat%C3%A9-Salm%C3%B3n.png.webp?itok=Jj7Fty96";"https://purina.cl/felix/pate-clasico/salmon"
"felix-felix-trocitos-de-pollo-en-salsa";"Purina";"Felix";"gato";"adulto";"Felix® trocitos de pollo en salsa";"156 g";"Purina Felix® Trocitos de Pollo en Salsa es alimento húmedo para gatos tipo paté con trocitos de pollo y servidos en una deliciosa salsa";"Agua suficiente para proceso, carne de pollo, hígado de cerdo, gluten de trigo, vísceras de cerdo, carne de pavo, harina de soya, almidón de maíz modificado, saborizante cárnico artificial y natural, fosfato tricálcico, minerales [cloruro de potasio, sulfato de zinc, sulfato ferroso, sulfato de manganeso, sulfato de cobre, yoduro de potasio], taurina, colorante (caramelo), sal, cloruro de colina, vitaminas [mononitrato de tiamina (vitamina B-1), suplemento de vitamina E, niacina (vitamina B-3), pantotenato de calcio (vitamina B-5), suplemento de vitamina A, complejo sódico de bisulfito de menadiona (vitamina K), hidrocloruro de piridoxina (vitamina B-6), suplemento de riboflavina (vitamina B-2), suplemento de vitamina B-12, biotina (vitamina B-7), ácido fólico (vitamina B-9), suplemento de vitamina D-3].";"{""Proteína Cruda (MÍN.)"":""11% | -"",""Grasa Cruda (MÍN.)"":""2.5% | -"",""Fibra Cruda (MÁX.)"":""- | 1.0%"",""Humedad (MÁX.)"":""- | 79.0%""}";"Imagenes_Alimentos/Purina/gatos/felix/felix-trocitos-de-pollo-en-salsa.png";"https://purina.cl/sites/default/files/styles/webp/public/2022-11/Purina-Felix-Pate-Pollo-en-Salsa.png.webp?itok=m1pJ6-BA";"https://purina.cl/felix/pate-clasico/pollo-en-salsa"
"felix-felix-pate-pavo-y-menudencias";"Purina";"Felix";"gato";"adulto";"Felix® paté pavo y menudencias";"156 g";"Felix Paté Pavo y Menudencias es delicioso alimento húmedo para gatos tipo paté con un delicioso sabor y una suave y agradable textura.";"Vísceras de cerdo, agua suficiente para proceso, vísceras de pollo y/o pavo, carne de pavo, menudencias de pollo y/o pavo, carne de pescado, arroz, saborizante cárnico artificial y natural, sal, goma guar, fosfato de calcio, minerales [cloruro de potasio, sulfato de magnesio, sulfato de zinc, sulfato ferroso, sulfato de cobre, sulfato de manganeso, yoduro de potasio], colorante (dióxido de titanio), carragenina, taurina, cloruro de colina, vitaminas [mononitrato de tiamina (vitamina B-1), suplemento de vitamina E, niacina (vitamina B-3), pantotenato de calcio (vitamina B-5), suplemento de vitamina A, complejo sódico de bisulfito de menadiona (vitamina K), hidrocloruro de piridoxina (vitamina B-6), suplemento de riboflavina (vitamina B-2), suplemento de vitamina B-12, biotina (vitamina B-7), ácido fólico (vitamina B-9), suplemento de vitamina D-3].";"{""PROTEÍNA CRUDA (MÍN.)"":""10.0% | -"",""GRASA CRUDA (MÍN.)"":""5.0% | -"",""FIBRA CRUDA (MÁX.)"":""- | 1.0%"",""HUMEDAD (MÁX.)"":""- | 78.0%""}";"Imagenes_Alimentos/Purina/gatos/felix/felix-pate-pavo-y-menudencias.png";"https://purina.cl/sites/default/files/styles/webp/public/2022-11/Purina-Felix-Pate-Pavo-y-menudencias.png.webp?itok=6LSI6o8e";"https://purina.cl/felix/pate-clasico/pavo-y-menudencias"
"felix-purina-felix-pate-pescado-y-atun-para-gatos";"Purina";"Felix";"gato";"adulto";"Purina Felix paté pescado y atún para gatos";"156 g";"Purina Felix® Paté Pescado y Atún es alimento húmedo para gatos tipo paté con una deliciosa combinación de sabores y una suave y agradable textura.";"Carne de pescado blanco, menudencias de pollo y/o pavo, vísceras de cerdo, hígado de cerdo, agua suficiente para el proceso, carne de pescado, carne de atún, arroz, saborizante cárnico artificial y natural, goma guar, colorante (dióxido de titanio), minerales [cloruro de potasio, sulfato de magnesio, sulfato de zinc, sulfato ferroso, sulfato de cobre, sulfato de manganeso, yoduro de potasio], vitaminas [suplemento de vitamina E, mononitrato de tiamina (vitamina B-1), niacina (vitamina B-3), pantotenato de calcio (vitamina B-5), suplemento de vitamina A, complejo sódico de bisulfito de menadiona (vitamina K), hidrocloruro de piridoxina (vitamina B-6), suplemento de riboflavina (vitamina B-2), suplemento de vitamina B-12, biotina (vitamina B-7), ácido fólico (vitamina B-9), suplemento de vitamina D-3], sal, carragenina, fosfato mono y dicálcico, cloruro de colina, taurina.";"{""PROTEÍNA CRUDA (MÍN.)"":""11.0% | -"",""GRASA CRUDA (MÍN.)"":""4.0% | -"",""FIBRA CRUDA (MÁX.)"":""- | 1.0%"",""HUMEDAD (MÁX.)"":""- | 78.0%""}";"Imagenes_Alimentos/Purina/gatos/felix/purina-felix-pate-pescado-y-atun-para-gatos.png";"https://purina.cl/sites/default/files/styles/webp/public/2022-11/Purina-Felix-Pate-Pescado-y-atun.png.webp?itok=QXvOBsSe";"https://purina.cl/felix/pate-clasico/pescado-y-atun"
"felix-felix-filetes-pescado-y-atun-en-salsa";"Purina";"Felix";"gato";"adulto";"Felix® filetes pescado y atún en salsa";"156 g";"Felix Filetes de Pescado y Atún en Salsa te ofrece alimento de filetes de pescado y atún en salsa para gatos, una deliciosa combinación de mar.";"Agua suficiente para proceso, hígado de cerdo, carne de pavo, gluten de trigo, carne de pollo, carne de pescado blanco, vísceras de cerdo, almidón de maíz modificado, harina de soya, carne de atún, saborizante cárnico artificial y natural, fosfato tricálcio, minerales [cloruro de potasio, sulfato de magnesio, sulfato de zinc, sulfato ferroso, sulfato de cobre, sulfato de manganeso, yoduro de potasio], colorante (dióxido de titanio), taurina, cloruro de colina, sal, vitaminas [mononitrato de tiamina (vitamina B-1), suplemento de vitamina E, niacina (vitamina B-3), pantotenato de calcio (vitamina B-5), suplemento de vitamina A, complejo sódico de bisulfito de menadiona (vitamina K), hidrocloruro de piridoxina (vitamina B-6), suplemento de riboflavina (vitamina B-2), suplemento de vitamina B-12, biotina (vitamina B-7), ácido fólico (vitamina B-9), suplemento de vitamina D-3].";"{""Proteína Cruda (MÍN.)"":""11% | -"",""Grasa Cruda (MÍN.)"":""2.5% | -"",""Fibra Cruda (MÁX.)"":""- | 1.0%"",""Humedad (MÁX.)"":""- | 79.0%""}";"Imagenes_Alimentos/Purina/gatos/felix/felix-filetes-pescado-y-atun-en-salsa.png";"https://purina.cl/sites/default/files/styles/webp/public/2022-11/Purina-Felix-Pate-Pescado-y-atun-en-salsa.png.webp?itok=zHHA5rgV";"https://purina.cl/felix/pate-clasico/filetes-de-pescado-y-atun-en-salsa"
"felix-felix-travesuras-original-mix";"Purina";"Felix";"gato";"adulto";"Felix® travesuras original mix";"59 g";"Felix Travesuras Original Mix es un delicioso snack para gatos traviesos sabor pollo; hígado y pavo ¡A tu mejor amigo le encantará!";"Maíz amarillo molido, arroz de cervecería, harina de subproductos de pollo, harina de gluten de maíz, aceite de pollo y/o grasa vacuna y/o grasa de cerdo preservados con antioxidante BHT, harina de subproductos de pavo, harina de pescado, harina de camarón, levadura seca de cervecería (Saccharomyces cerevisiae ssp), dextrosa, sal, carbonato de calcio, fosfato bicálcico, cloruro de potasio, ácido fosfórico, digesto animal a base de hígado de pollo y/o cerdo, glicina, L-lisina, DL-metionina, taurina, suplemento de vitaminas (A, D3, E, K3, B1, B2, B6, B12, niacina, biotina, ácido fólico, pantotenato de calcio, cloruro de colina), suplemento de minerales (sulfato de zinc, sulfato ferroso, sulfato de cobre, sulfato de manganeso, yodato de calcio, selenito de sodio), colorantes artificiales (rojo 40, amarillo 5, amarillo 6 y dióxido de titanio), antioxidante (BHT).";"{""PROTEÍNA CRUDA (MÍN.)"":""30% | -"",""GRASA CRUDA (MÍN.)"":""14.0% | -"",""FIBRA CRUDA (MÁX.)"":""- | 3.0%"",""HUMEDAD (MÁX.)"":""- | 12.0%"",""ENERGÍA METABOLIZABLE (CALCULADA)"":""2 KCAL/UN | -""}";"Imagenes_Alimentos/Purina/gatos/felix/felix-travesuras-original-mix.png";"https://purina.cl/sites/default/files/styles/webp/public/2022-11/Purina-Felix-travesuras-original-mix.png.webp?itok=VgBL5FCB";"https://purina.cl/felix/snacks/original-mix"
"felix-purina-felix-megamix-adultos";"Purina";"Felix";"gato";"adulto";"PURINA® FELIX® Megamix Adultos";"3 kg, 8 kg, 15 kg";"Adquiere el alimento seco, completo y balanceado para gatos de todos los tamaños en Felix. ¡Disfruta de un mix delicioso de 7 proteínas!";"Maíz y/o sorgo y/o arroz y/o trigo, concentrado proteico (de soya y/o de maíz), harinas proteicas de origen animal (pollo, pavo, res y/o cerdo), grasa (vacuna y/o porcina y/o avícola y/o vegetal y/o pescado), hidrolizado a base de hígados de pollo y/o cerdo, sal, ácido fosfórico y/o bisulfato de sodio, aminoácidos (metionina, lisina, taurina), cloruro de colina, vitaminas (A, B1, B2, B3, B5, B6, B7, B9, B12, D3, E, K3), minerales [sulfatos: (manganeso, hierro, cobre, zinc), proteinatos y/o glicinatos: (manganeso, hierro, cobre, zinc, selenio), yodato de calcio o potasio, selenito de sodio], harina de atún, harina de salmón, harina de mariscos (camarón y/o langostino), colorantes naturales, carbonato de calcio y/o fosfato de calcio, cloruro de potasio";"{""Proteína Cruda (mín.)"":""30,0%"",""Grasa Cruda (mín.)"":""10,0%"",""Humedad (máx.)"":""12,0%"",""Fibra Cruda (máx.)"":""4,0%"",""Cenizas (max)"":""- | 9,5%"",""Calcio (min/ max)"":""1,1% | 1,6%"",""Fósforo (min / max)"":""0,8% | 1,4%""}";"Imagenes_Alimentos/Purina/gatos/felix/purina-felix-megamix-adultos.png";"https://purina.cl/sites/default/files/styles/webp/public/2024-03/MKP%20Felix%20Adulto%201200x1200.png.webp?itok=MvghZSyj";"https://purina.cl/felix/megamix-adultos"
"felix-purina-felix-megamix-gatitos";"Purina";"Felix";"gato";"cachorro";"PURINA® FELIX® Megamix Gatitos";"3 kg, 8 kg, 15 kg";"Mix delicioso de 7 proteínas que a tu gatito le encantará, ofreciendo una nueva combinación en cada bocado y varios beneficios. Compra este alimento en Felix";"Maíz y/o arroz y/o sorgo y/o trigo, harinas proteicas de origen animal (pollo, pavo, res y/o cerdo), concentrado proteico (de soya y/o de maíz), grasa (vacuna y/o porcina y/o avícola y/o vegetal y /o pescado), sal, hidrolizado a base de hígados de pollo y/o cerdo, ácido fosfórico y/o bisulfato de sodio, cloruro de colina, vitaminas (A, B1, B2, B3, B5, B6, B7, B9, B12, D3, E, K3), minerales [sulfatos: (manganeso, hierro, cobre, zinc), proteinatos y/o glicinatos: (manganeso, hierro, cobre, zinc, selenio), yodato de calcio o potasio, selenito de sodio], harina de alga (Schizochytrium ssp.), leche en polvo, harinas proteicas de origen piscícola (atún, salmón, pescados), harina de mariscos (camarón y/o langostino), colorantes naturales, aminoácidos (metionina, lisina, taurina), cloruro de potasio, carbonato de calcio y/o fosfato de calcio.";"{""Proteína Cruda (mín.)"":""34,0%"",""Grasa Cruda (mín.)"":""12,0% | -"",""Humedad (máx.)"":""- | 12,0%"",""Fibra Cruda (máx.)"":""- | 3,0%"",""Cenizas (max)"":""- | 9,5%"",""Calcio (min/ max)"":""1,0% | 1,6%"",""Fósforo (min / max)"":""0,9% | 1,5%""}";"Imagenes_Alimentos/Purina/gatos/felix/purina-felix-megamix-gatitos.png";"https://purina.cl/sites/default/files/styles/webp/public/2024-03/MKP%20Felix%20Gatitos%201200x1200.png.webp?itok=37b4Rz9a";"https://purina.cl/felix/megamix-gatitos"
"purina-one-purina-one-cachorros-todos-los-tamanos-con-pollo-y-carne";"Purina";"Purina One";"perro";"cachorro";"Purina One® cachorros todos los tamaños con pollo y carne";"2 kg, 6kg, 12 kg";"Alimento de alta calidad para cachorros de todos los tamaños, ideal para perros activos. Con un delicioso sabor a pollo y carne. ¡Compralo en Purina One!";"Guías de alimentación";"{""Proteína cruda"":""28,0% | -"",""Grasa cruda"":""16,0% | -"",""Humedad"":""- | 12,0%"",""Fibra cruda (máx.)"":""- | 3,5%"",""Cenizas"":""- | 8,5%"",""Calcio"":""1.0% | 1,5%"",""Fósforo"":""0,9% | 1,4%""}";"Imagenes_Alimentos/Purina/perros/purina-one/purina-one-cachorros-todos-los-tamanos-con-pollo-y-carne.png";"https://purina.cl/sites/default/files/2023-11/1_7.png";"https://purina.cl/purina-one/productos/perros/cachorro-todos-tamanos-pollo-carne"
"purina-one-purina-one-pollo-y-carne-perros-adultos-medianos-y-grandes";"Purina";"Purina One";"perro";"adulto";"Purina One® pollo y carne perros adultos medianos y grandes";"6kg, 12 kg";"Purina One Pollo y Carne para perros adultos medianos y grandes, alimento para perros que contribuye a un corazón y músculos fuertes. Más en Purina One";"Guías de alimentación";"{""Proteína cruda"":""25,0% | -"",""Grasa cruda"":""12,0% | -"",""Humedad"":""- | 12,0%"",""Fibra cruda"":""- | 4,0%"",""Cenizas"":""- | 8,5%"",""Calcio"":""1,0% | 1,8%"",""Fósforo"":""0,8% | 1.3%""}";"Imagenes_Alimentos/Purina/perros/purina-one/purina-one-pollo-y-carne-perros-adultos-medianos-y-grandes.png";"https://purina.cl/sites/default/files/2023-11/1_3.png";"https://purina.cl/purina-one/productos/perros/adulto-mediano-grande-pollo-carne"
"purina-one-purina-one-pollo-y-cordero-perro-adulto-mediano-y-grande";"Purina";"Purina One";"perro";"adulto";"Purina One® pollo y cordero perro adulto mediano y grande";"2 kg, 6kg, 12 kg";"Purina One Pollo y Cordero, alimento para perros adultos medianos y grandes, que contribuye a un corazón sano y músculos fuertes. Ingresa en Purina One";"Guías de alimentación";"{""Proteína cruda"":""25,0% | -"",""Grasa cruda"":""12,0% | -"",""Humedad"":""- | 12,0%"",""Fibra cruda"":""- | 4,0%"",""Cenizas"":""- | 8,5%"",""Calcio"":""1,0% | 1,8%"",""Fósforo"":""0,8% | 1.3%""}";"Imagenes_Alimentos/Purina/perros/purina-one/purina-one-pollo-y-cordero-perro-adulto-mediano-y-grande.png";"https://purina.cl/sites/default/files/2023-11/1_4.png";"https://purina.cl/purina-one/productos/perros/adulto-mediano-pollo-cordero"
"purina-one-purina-one-perros-adultos-minis-y-pequenos-pollo-y-carne";"Purina";"Purina One";"perro";"adulto";"Purina One® perros adultos minis y pequeños pollo y carne";"2 kg";"Purina One Perros minis y pequeños de pollo y carne, alimento para perros adultos que contribuye a un corazón y músculos fuertes. Conoce más en Purina One";"Guías de alimentación";"{""Proteína cruda"":""27,0% | -"",""Grasa cruda"":""17,0% | -"",""Humedad"":""- | 12,0%"",""Fibra cruda"":""- | 4,0%"",""Cenizas"":""- | 9,0%"",""Calcio"":""1,0% | 1,8%"",""Fósforo"":""0,8% | 1.3%""}";"Imagenes_Alimentos/Purina/perros/purina-one/purina-one-perros-adultos-minis-y-pequenos-pollo-y-carne.png";"https://purina.cl/sites/default/files/2023-11/1_5.png";"https://purina.cl/purina-one/productos/perros/adultos-minis-pequenos-pollo-carne"
"purina-one-purina-one-raza-pequena-y-minis-adultos-con-pollo-y-cordero";"Purina";"Purina One";"perro";"adulto";"Purina One® raza pequeña y minis adultos con pollo y cordero";"2 kg, 6kg";"Purina One Raza minis y pequeños para adultos con pollo y cordero que contribuye a un corazón sano y músculos fuertes. Descubre más en Purina One";"Carnes de pollo y cordero congeladas, maíz, harina de subproductos de pollo, trigo, arroz, harina de gluten de maíz, aceite de pollo y/o grasa vacuna preservados con tocoferoles (fuente de vitamina E), hidrolizado (polvo y/o líquido) a base de subproductos de pollo y/o cerdo, pulpa de remolacha, avena, sal, carbonato de calcio y/o fosfato cálcico, colorante natural (caramelo), cloruro de potasio, zeolita, sorbato de potasio, suplemento vitamínico antioxidante (A, D3, E, K3, B1, B2, B3, B5, B6, B7, B9, B12, BHT), cloruro de colina, suplementos minerales [(sulfatos: zinc, hierro, manganeso, cobre), (proteinatos: zinc, hierro, manganeso, cobre, selenio), yodato de calcio, selenito de sodio], harina de alga (Schizochytrium sp.), aceite de coco, ácido ascórbico (fuente de vitamina C), huevo en polvo, L-lisina, zanahoria deshidratada, arveja deshidratada, DL-metionina, taurina.";"{""Proteína cruda"":""- | 27,0%"",""Grasa cruda"":""17,0% | -"",""Humedad"":""- | 12,0%"",""Fibra cruda"":""- | 4,0%"",""Cenizas"":""- | 9,0%"",""Calcio"":""1,0% | 1,8%"",""Fósforo"":""0,8% | 1.3%""}";"Imagenes_Alimentos/Purina/perros/purina-one/purina-one-raza-pequena-y-minis-adultos-con-pollo-y-cordero.png";"https://purina.cl/sites/default/files/2023-11/1_6.png";"https://purina.cl/purina-one/productos/perros/adulto-minis-pequeno-pollo-cordero"
"purina-one-purina-one-gatitos-de-pollo-y-carne";"Purina";"Purina One";"gato";"cachorro";"Purina One Gatitos de Pollo y Carne";"2 kg, 6kg";"Purina One Gatitos con Pollo y carne. Alimento para gatos en crecimiento, hembras gestantes o lactantes, Purina One ayuda al desarrollo del cerebro y visión.";"Guías de alimentación";"{""Proteína cruda"":""39,0% | -"",""Grasa cruda"":""18,0% | -"",""Humedad"":""- | 12,0%"",""Fibra cruda"":""- | 3,0%"",""Cenizas"":""- | 8,5%"",""Calcio"":""0,9% | 1,3%"",""Fósforo"":""0,9% | 1,4%""}";"Imagenes_Alimentos/Purina/gatos/purina-one/purina-one-gatitos-de-pollo-y-carne.png";"https://purina.cl/sites/default/files/2023-11/1_2.png";"https://purina.cl/purina-one/productos/gatos/gatitos-pollo-carne"
"purina-one-purina-one-gatos-adultos-con-pollo-y-carne";"Purina";"Purina One";"gato";"adulto";"Purina One® gatos adultos con pollo y carne";"2 kg, 6kg";"Purina One gatos adultos pollo y carne, alimento para gatos de actividad normal que contribuye a la salud del tracto urinario inferior. Conoce más en Purina One";"Guías de alimentación";"{""Proteína cruda"":""34,0% | -"",""Grasa cruda"":""14,0% | -"",""Humedad"":""- | 12,0%"",""Fibra cruda"":""- | 3,0%"",""Cenizas"":""- | 8,5%"",""Calcio"":""0,9% | 1,4%"",""Fósforo"":""0,9% | 1,4%""}";"Imagenes_Alimentos/Purina/gatos/purina-one/purina-one-gatos-adultos-con-pollo-y-carne.png";"https://purina.cl/sites/default/files/2023-11/1.png";"https://purina.cl/purina-one/productos/gatos/adultos-pollo-carne"
"purina-one-purina-one-pollo-y-salmon-para-gatos";"Purina";"Purina One";"gato";"adulto";"Purina One® pollo y salmón para gatos";"2 kg, 6kg";"Purina One Pollo y Salmón para gatos, es alimento para gatos de actividad normal que contribuye a la salud del tracto urinario. Descubre más en Purina One";"Guías de alimentación";"{""Proteína cruda"":""34,0% | -"",""Grasa cruda"":""14,0% | -"",""Humedad"":""- | 12,0%"",""Fibra cruda"":""- | 3,0%"",""Cenizas"":""8,5% | -"",""Calcio"":""0,9% | 1,4%"",""Fósforo"":""0,9% | 1,4%""}";"Imagenes_Alimentos/Purina/gatos/purina-one/purina-one-pollo-y-salmon-para-gatos.png";"https://purina.cl/sites/default/files/2023-11/1_1.png";"https://purina.cl/purina-one/productos/gatos/adultos-pollo-salmon"
"purina-one-purina-one-gatos-esterilizados-de-pollo-y-salmon";"Purina";"Purina One";"gato";"adulto";"Purina One® gatos esterilizados de pollo y salmón";"2 kg, 6kg";"Purina One para gatos esterilizados. Con pollo y salmón. Un alimento que contribuye a un peso saludable, con carnes. Conoce más en Purina One";"Guías de alimentación";"{""Proteína cruda"":""37,0% | -"",""Grasa cruda"":""12,0% | -"",""Humedad"":""- | 12,0%"",""Fibra cruda"":""- | 5,0%"",""Cenizas"":""- | 8,5%"",""Calcio"":""0,9% | 1,5%"",""Fósforo"":""0,9% | 1,5%""}";"Imagenes_Alimentos/Purina/gatos/purina-one/purina-one-gatos-esterilizados-de-pollo-y-salmon.png";"https://purina.cl/sites/default/files/2023-11/1_0.png";"https://purina.cl/purina-one/esterilizados-pollo-salmon"
"purina-one-purina-one-multi-proteinas-gatos-y-gatitos-de-salmon-atun-y-pescado";"Purina";"Purina One";"gato";"cachorro";"Purina One® multi proteínas gatos y gatitos de salmón, atún y pescado";"85 g";"Comida para gatos adultos con proteínas y con sabor a salmón, atún y pescado. Alimento húmedo diseñado para gatos de todos los tamaños. Descubre más en Purina One.";"Agua suficiente para proceso, carne y/o carcasa de pollo congeladas, gluten de trigo, carne mecanicamente separada de salmón, carne de atún congelada, merluza y/o carne de tilapia congeladas, concentrado proteico de soya/soja, hígado de cerdo e/o hígado de pollo y/o vísceras de cerdo congelados, almidón de maíz, glicina, dextrosa, carbonato de calcio, sal, pirofosfato tetrasódico y/o difosfato trisódico, vitaminas (A, D3, E, K3, B1, B2, B3, B5, B6, B7, B9, B12, cloruro de colina), cloruro de potasio, taurina, fosfato bicálcico, minerales [(sulfatos: zinc, hierro, manganeso, cobre), (proteinatos: zinc, hierro, manganeso, cobre, selenio), yodato de calcio, selenito de sodio].";"{""Proteína cruda"":""12,0% | -"",""Grasa cruda"":""3,0% | -"",""Humedad"":""- | 80,0%"",""Fibra cruda"":""- | 1,0%"",""Cenizas"":""- | 2,5%"",""Calcio"":""0,15% | 0,50%"",""Fósforo"":""0,10% | 0,40%"",""Taurina"":""0,05% | -""}";"Imagenes_Alimentos/Purina/gatos/purina-one/purina-one-multi-proteinas-gatos-y-gatitos-de-salmon-atun-y-pescado.png";"https://purina.cl/sites/default/files/2023-11/7891000332467-1.png";"https://purina.cl/purina-one/productos/gatos/multi-proteinas-adultos-gatitos"
"purina-one-super-nutrientes-purina-one-gatos-esterilizados-de-carne";"Purina";"Purina One";"gato";"adulto";"Super nutrientes purina one gatos esterilizados de carne";"85 g";"Purina One Super Nutrientes gatos esterilizados de Carne. Alimento húmedo para gatos adultos y esterilizados de todas las razas. Descrubre más en Purina One";"Agua suficiente para proceso, carne y/o carcasa de pollo congeladas, gluten de trigo, hígado de cerdo e/o hígado de pollo y/o vísceras de cerdo congelados, carne de res congelada, concentrado proteico de soya/soja, almidón de maíz, goma xantana, goma de algarrobo, goma guar, subproductos de salmón congelados, glicina, carbonato de calcio, dextrosa, pirofosfato tetrasódico y/o difosfato trisódico, cloruro de potasio, vitaminas (A, D3, E, K3, B1, B2, B3, B5, B6, B7, B9, B12, cloruro de colina), taurina, fosfato bicálcico, sal, minerales [(sulfatos: zinc, hierro, manganeso, cobre), (proteinatos: zinc, hierro manganeso, cobre, selenio), yodato de calcio, selenito de sodio], colágeno hidrolizado, harina de alga (Schizochytrium sp.).";"{""Proteína cruda"":""12,5% | -"",""Grasa cruda"":""2,4% | -"",""Humedad"":""- | 80,0%"",""Fibra cruda"":""- | 1,0%"",""Cenizas"":""- | 2,7%"",""Calcio"":""0,15% | 0,50%"",""Fósforo"":""0,10% | 0,40%"",""Taurina"":""0,05%. | -""}";"Imagenes_Alimentos/Purina/gatos/purina-one/super-nutrientes-purina-one-gatos-esterilizados-de-carne.png";"https://purina.cl/sites/default/files/2023-11/7891000332429-1.png";"https://purina.cl/purina-one/productos/gatos/nutrientes-adulto-esterilizado"
"purina-one-purina-one-superfoods-salmon-gatos-adultos-y-esterilizados";"Purina";"Purina One";"gato";"adulto";"Purina One® superfoods salmón gatos adultos y esterilizados";"85 g";"Purina One Superfoods de Salmón para gatos adultos y esterilizados, alimento húmedo para gatos de todas las razas. Conoce más en Purina One";"Agua suficiente para proceso, gluten de trigo, carne y/o carcasa de pollo y/o carne de atún congeladas, carne mecánicamente separada de salmón, hígado de cerdo e/o hígado de pollo y/o vísceras de cerdo congelados, concentrado proteico de soya/soja, almidón de maíz, glicina, carbonato de calcio, linaza, camote (patata dulce), quinoa, dextrosa, pirofosfato tetrasódico y/o difosfato trisódico, cloruro de potasio, vitaminas (A, D3, E, K3, B1, B2, B3, B5, B6, B7, B9, B12, cloruro de colina), taurina, fosfato bicálcico, sal, minerales [(sulfatos: zinc, hierro, manganeso, cobre), (proteinatos: zinc, hierro, manganeso, cobre, selenio), yodato de calcio, selenito de sodio].";"{""Proteína cruda"":""12,5% | -"",""Grasa cruda"":""2,4% | -"",""Humedad"":""- | 80,0%"",""Fibra cruda"":""- | 1,0%"",""Cenizas"":""- | 2,7%"",""Calcio"":""0,15% | 0,50%"",""Fósforo"":""0,10% | 0,40%"",""Taurina"":""0,05% | -""}";"Imagenes_Alimentos/Purina/gatos/purina-one/purina-one-superfoods-salmon-gatos-adultos-y-esterilizados.png";"https://purina.cl/sites/default/files/2023-11/7891000332382-1.png";"https://purina.cl/purina-one/productos/gatos/superfoods-adultos-esterilizados"
"purina-one-multi-proteinas-para-perro-con-carne-pollo-y-cordero";"Purina";"Purina One";"perro";"adulto";"Multi proteínas para perro con carne, pollo y cordero";"85 g";"Purina One Multi proteínas para perro, con carne, pollo y cordero ideal para adultos y cachorros. Alimento húmedo completo y balanceado en Purina One.";"Agua suficiente para proceso, carne de pollo congelada, gluten de trigo, hígado de cerdo e/o hígado de pollo y/o vísceras de cerdo congelados, carne de cordero congelada, carne de res congelada, concentrado proteico de soya/soja, almidón de maíz, glicina, dextrosa, sal, fosfato bicálcico, vitaminas (A, D3, E, K3, B1, B2, B3, B5, B6, B7, B9, B12, cloruro de colina), cloruro de potasio, pirofosfato tetrasódico y/o difosfato trisódico, taurina, carbonato de calcio, minerales [(sulfatos: zinc, hierro, manganeso, cobre), (proteinatos: zinc, hierro, manganeso, cobre, selenio), yodato de calcio, selenito de sodio].";"{""Proteína cruda"":""11,0%; | -"",""Grasa cruda"":""2,8% | -"",""Humedad"":""- | 81,0%"",""Fibra cruda"":""- | 1,3%"",""Cenizas"":""- | 2,8%"",""Calcio"":""0,15% | 0,50%"",""Fósforo"":""0,10% | 0,40%""}";"Imagenes_Alimentos/Purina/perros/purina-one/multi-proteinas-para-perro-con-carne-pollo-y-cordero.png";"https://purina.cl/sites/default/files/2023-11/7891000332344-1_0.png";"https://purina.cl/purina-one/productos/perros/multiproteinas-adultos-cachorros"
"purina-one-superfoods-perros-adultos-y-cachorros-de-salmon";"Purina";"Purina One";"perro";"cachorro";"Superfoods perros adultos y cachorros de salmón";"85 g";"Purina One Superfoods perros adultos y cachorros de Salmón. Alimento húmedo para perros adultos y cachorros todos los tamaños. Conoce más en Purina One.";"Agua suficiente para proceso, carne y/o carcasa de pollo congeladas, gluten de trigo, hígado de cerdo e/o hígado de pollo y/o vísceras de cerdo congelados, carne mecánicamente separada de salmón congelada, concentrado proteico de soya/soja, almidón de maíz, linaza, camote (patata dulce), quinoa, carbonato de calcio, pirofosfato tetrasódico y/o difosfato trisódico, sal, dextrosa, cloruro de potasio, vitaminas (A, D3, E, K3, B1, B2, B3, B5, B6, B7, B9, B12, cloruro de colina), taurina, fosfato bicálcico, glicina, minerales [(sulfatos: zinc, hierro, manganeso, cobre), (proteinatos: zinc, hierro, manganeso, cobre, selenio), yodato de calcio, selenito de sodio].";"{""Proteína cruda"":""11,0%; | -"",""Grasa cruda"":""2,8% | -"",""Humedad"":""- | 81,0%"",""Fibra cruda"":""- | 1,3%"",""Cenizas"":""- | 2,8%"",""Calcio"":""0,15% | 0,50%"",""Fósforo"":""0,10% | 0,40%""}";"Imagenes_Alimentos/Purina/perros/purina-one/superfoods-perros-adultos-y-cachorros-de-salmon.png";"https://purina.cl/sites/default/files/2023-11/7891000332108-1.png";"https://purina.cl/purina-one/productos/perros/superfoods-adultos-cachorros"
"purina-one-purina-one-super-nutrientes-perros-adultos-y-cachorros-con-pollo";"Purina";"Purina One";"perro";"cachorro";"Purina One® super nutrientes perros adultos y cachorros con pollo";"85 g";"Purina One Super Nutrientes Perros Adultos y Cachorros Alimento húmedo con Pollo para perros adultos y cachorros todos los tamaños. Descubrelo en Purina One";"Agua suficiente para proceso, carne de pollo congelada, gluten de trigo, hígado de cerdo e/o hígado de pollo y/o vísceras de cerdo congelados, subproductos de salmón y/o carcasa de pollo congelados, concentrado proteico de soya/soja, almidón de maíz, goma xantana, goma de algarrobo, goma guar, carbonato de calcio, pirofosfato tetrasódico y/o difosfato trisódico, sal, dextrosa, cloruro de potasio, vitaminas (A, D3, E, K3, B1, B2, B3, B5, B6, B7, B9, B12, cloruro de colina), taurina, fosfato bicálcico, glicina, minerales [(sulfatos: zinc, hierro, manganeso, cobre),(proteinatos: zinc, hierro, manganeso, cobre, selenio), yodato de calcio, selenito de sodio], colágeno hidrolizado, harina de alga (Schizochytrium sp.).";"{""Proteína cruda"":""11,0%; | -"",""Grasa cruda"":""2,8% | -"",""Humedad"":""- | 81,0%"",""Fibra cruda"":""- | 1,3%"",""Cenizas"":""- | 2,8%"",""Calcio"":""0,15% | 0,50%"",""Fósforo"":""0,10% | 0,40%""}";"Imagenes_Alimentos/Purina/perros/purina-one/purina-one-super-nutrientes-perros-adultos-y-cachorros-con-pollo.png";"https://purina.cl/sites/default/files/2023-11/7891000332306-1.png";"https://purina.cl/purina-one/productos/perros/super-nutrientes-adultos-cachorros"
"pro-plan-pro-plan-perro-adulto-razas-grandes";"Purina";"Pro Plan";"perro";"adulto";"Pro Plan® perro adulto razas grandes";"15 kg";"Pro Plan perro adulto Razas Grandes provee nutrición avanzada que ayuda a los perros de razas grandes a mantenerse fuertes y llenos de vitalidad.";"Carne de Pollo, maiz, Harina de Subproductos de Pollo (fuente natural de Glucosamina), Trigo, Arroz, Harina de Gluten De Maíz, Grasa Vacuna y/o Aceite de Pollo Preservados con Tocoferoles Mezclados (Fuente de Vitamina E), Digesto Animal (A Base de Subproductos de Pollo y/o Porcino), Fibra de Soja y/o Salvado de Maíz, Carbonato de Calcio y/o Fosfato Bicálcico, Sal, Cloruro de Potasio, Huevo en Polvo , Aceite de Pescado, L-Lisina, Spirulina (Arthrospira Platensis), Cloruro de Colina, Suplementos Vitamínicos (A, D3, E, B12), Dl-Metionina, Levadura Seca (Saccharomyces cerevisiae ssp), Sulfato de Zinc, Proteinato de Zinc, Sulfato Ferroso, Sulfato de manganeso, Proteinato de manganeso, Sulfato de cobre, Proteinato de cobre, Iodato de calcio, Selenito de sodio, BHT, Niacina, Pantotenato de calcio, Suplemento de Riboflavina, Mononitrato de tiamina, Ácido fólico, Clorhidrato de piridoxina.";"{""Proteína Bruta"":""26.0% | -"",""Grasa Bruta"":""12,0% | -"",""Fibra Bruta"":""- | 4,0%"",""Humedad"":""- | 12.0%"",""Minerales"":""- | 8.5%"",""Calcio"":""1,0% | 1,6%"",""Fósforo"":""0,8% | 1,2%""}";"Imagenes_Alimentos/Purina/perros/pro-plan/pro-plan-perro-adulto-razas-grandes.png";"https://purina.cl/sites/default/files/styles/webp/public/2022-10/ProPlan-Adulto-Razas-Grandes-01.png.webp?itok=v4Z0RkXC";"https://purina.cl/proplan/perros/adultos/razas-grandes"
"pro-plan-pro-plan-active-mind-razas-medianas-y-grandes";"Purina";"Pro Plan";"perro";"adulto";"Pro Plan Active Mind Razas Medianas y Grandes";"15 kg";"Encuentra alimento para perros Pro Plan Active Mind Razas Medianas y Grandes, nutrición de avanzada para proteger a los perros mayores de 7 años.";"";"{""Proteína bruta"":""28,0% | -"",""Extracto etéreo / Grasa bruta"":""12,0% | -"",""Fibra bruta"":""- | 3.5%"",""Humedad"":""- | 12.0%"",""Minerales/Cenizas"":""- | 8.5%"",""Calcio"":""1.0% | 1.6%"",""Fósforo"":""0.8% | 1.2%"",""Energía metabolizable (calculada):"":""3.740 kcal/kg. | -""}";"Imagenes_Alimentos/Purina/perros/pro-plan/pro-plan-active-mind-razas-medianas-y-grandes.png";"https://purina.cl/sites/default/files/styles/webp/public/2022-10/Active-Mind-Razas-Medianas-y-Grandes-Med_1.png.webp?itok=epPfWXd7";"https://purina.cl/proplan/perros/active-mind/razas-medianas-y-grandes"
"pro-plan-sensitive-skin-adulto-razas-pequenas";"Purina";"Pro Plan";"perro";"adulto";"Sensitive Skin Adulto Razas Pequeñas";"3 kg";"Sensitive Skin Adulto Razas Pequeñas es alimento que ayuda a minimizar el riesgo de irritar la piel en perros de razas pequeñas | Pro Plan Chile";"Carne de salmón congelada, gluten de maíz, maíz, arroz, harina de pescado, aceite de pollo y/o grasa vacuna preservados con tocoferoles (fuente de vitamina E), hidrolizado a base de subproductos de pollo y/o cerdo, pulpa de remolacha, carbonato y/o fosfato cálcico, cloruro de potasio, aceite de pescado y/o harina de alga (Schizochytrium sp.), suplementos minerales , zeolita, sal, suplemento vitamínico antioxidante (A, D3, E, K3, B1, B2, B3, B5, B6, B7, B9, B12, BHT), pirofosfato tetrasódico, sorbato de potasio, cloruro de colina, levadura seca(Saccharomyces cerevisiae ssp.), ácido ascórbico (fuente de vitamina C), L-lisina, Ltriptófano.";"{""Proteína Bruta"":""29,0% | -"",""Grasa Bruta"":""17,0% | -"",""Fibra Bruta"":""- | 3,5%"",""Humedad"":""- | 12,0%"",""Minerales"":""- | 9,0%"",""Calcio"":""1,1% | 1,8%"",""Fósforo"":""0,9% | 1,4%"",""Energía Metabolizable"":""4.100 kcal/kg.""}";"Imagenes_Alimentos/Purina/perros/pro-plan/sensitive-skin-adulto-razas-pequenas.png";"https://purina.cl/sites/default/files/styles/webp/public/2022-10/ProPlan-Sensitive-Skin-Pequen%CC%83os-Front.png.webp?itok=tlPexegL";"https://purina.cl/proplan/perros/piel-sensible/razas-pequenas"
"pro-plan-reduced-calorie-razas-medianas-y-grandes";"Purina";"Pro Plan";"perro";"adulto";"Reduced Calorie Razas Medianas y Grandes";"15 kg";"Reduced Calorie Razas Medianas y Grandes, alimento para perros que ayuda a lograr el peso corporal ideal, facilitando la pérdida de éste en forma sana | Pro Plan Chile";"Maíz, harina de subproductos de pollo, trigo, gluten de maíz, fibra de soja, arroz, pulpa de remolacha, hidrolizado a base de subproductos de pollo y/o cerdo, carbonato y/o fosfato cálcico, sal, aceite de pollo y/o grasa vacuna preservados con tocoferoles (fuente de vitamina E), harina de pescado y/o harina de alga (Schizochytrium sp.), fibra de caña de azúcar y/o celulosa, cloruro de potasio, sorbato de potasio, suplemento vitamínico antioxidante (A, D3, E, K3, B1, B2, B3, B5, B6, B7, B9, B12, BHT), cloruro de colina, suplementos minerales , levadura seca (Saccharomyces cerevisiae ssp.), L-lisina, ácido ascórbico (fuente de vitamina C), DL-metionina.";"{""Proteína bruta"":""26,0% | -"",""Extracto etéreo / Grasa bruta"":""4,0% | 8,0%"",""Fibra bruta"":""- | 16,0%"",""Humedad"":""- | 12,0%"",""Minerales/Cenizas"":""- | 8,5%"",""Calcio"":""1,0% | 1,8%"",""Fósforo"":""0,80% | 1,3%"",""Energía metabolizable (calculada):"":""3.150 kcal/kg | -""}";"Imagenes_Alimentos/Purina/perros/pro-plan/reduced-calorie-razas-medianas-y-grandes.png";"https://purina.cl/sites/default/files/styles/webp/public/2022-10/Reduced-Calorie-Pavo-%26-Arroz-M_L_1.png.webp?itok=b7htZNq1";"https://purina.cl/proplan/perros/calorias-reducidas/razas-medianas"
"pro-plan-pro-plan-cachorro-raza-mediana-hasta-12-meses-de-edad";"Purina";"Pro Plan";"perro";"cachorro";"Pro Plan® cachorro raza mediana hasta 12 meses de edad";"1 kg, 3 kg, 15 kg";"Pro Plan Cachorro raza mediana es un alimento para cachorros con calostro que ofrece una óptima nutrición para perros en crecimiento. ¡Conoce más!";"Carne de Pollo congelada, maíz, harina de subproductos de pollo, trigo, gluten de maíz, aceite de pollo y/o grasa vacuna preservados con tocoferoles (fuente de vitamina E), hidrolizado a base de subproductos de pollo y/o cerdo, arroz, huevo en polvo, sal, carbonato y/o fosfato cálcico, pulpa de remolacha, cloruro de potasio, zeolita, aceite de pescado y/o harina de alga (schizochytrium sp.), sorbato de potasio, suplemento vitamínico antioxidante (A, D3, E, K1, B1, B2, B3, B5, B6, B7, B9, B12, BHT), suplementos minerales [(sulfatos: zinc, hierro, manganeso, cobre, magnesio), (proteinatos: zinc, hierro, manganeso, cobre, selenio), yodato de calcio, selenito de sodio], cloruro de colina, pared celular de levadura Saccharomyces cerevisiae (fuente de manano-oligosacáridos y betaglucanos), butirato de calcio, calostro bovino en polvo (fuente natural de anticuerpos), DL_metionina, ácido ascórbico (fuente de vitamina C), L-lisina, L-triptófano, L-treonina.";"{""Proteína cruda"":""29.0% | -"",""Extracto etéreo / Grasa cruda"":""18.0% | -"",""Fibra cruda"":""- | 3.0%"",""Humedad"":""- | 12.0%"",""Minerales / Cenizas"":""- | 8.5%"",""Calcio"":""1,0% | 1,5%"",""Fósforo"":""0,9% | 1,4%"",""Energía metabolizable (calculada):"":""4080 Kcal/kg | -""}";"Imagenes_Alimentos/Purina/perros/pro-plan/pro-plan-cachorro-raza-mediana-hasta-12-meses-de-edad.png";"https://purina.cl/sites/default/files/styles/webp/public/2022-10/ProPlan-Puppy-Razas-Medianas-01.png.webp?itok=EUCvxPjH";"https://purina.cl/proplan/perros/cachorros/razas-medianas"
"pro-plan-pro-plan-puppy-razas-pequenas";"Purina";"Pro Plan";"perro";"cachorro";"Pro Plan Puppy Razas Pequeñas";"1 kg, 3 kg, 7,5 kg";"Sabías que Pro Plan Puppy Razas Pequeñas es un alimento para perros cachorros de razas pequeñas con calostro que los ayuda a crecer fuertes y sanos.";"";"{""Proteína bruta"":""32.0% | -"",""Extracto etéreo / Grasa bruta"":""20.0% | -"",""Fibra bruta"":""- | 3.0%"",""Humedad"":""- | 12.0%"",""Minerales / Cenizas"":""- | 9.0%"",""Calcio"":""1.0% | 1.5%"",""Fósforo"":""0.90% | 1.4%"",""Energía metabolizable (calculada):"":""4.240 Kcal/kg | -""}";"Imagenes_Alimentos/Purina/perros/pro-plan/pro-plan-puppy-razas-pequenas.png";"https://purina.cl/sites/default/files/styles/webp/public/2022-10/Puppy-Pollo-%26-Arroz-Small-Breed_1.png.webp?itok=b2oaq_mA";"https://purina.cl/proplan/perros/cachorros/razas-pequenas"
"pro-plan-pro-plan-gatitos-hasta-12-meses";"Purina";"Pro Plan";"gato";"cachorro";"Pro Plan Gatitos hasta 12 meses";"1 kg, 3 kg, 7,5 kg";"Descubre Pro Plan Gatitos, el alimento balanceado para gatos en crecimiento de hasta 12 meses de edad y hembras gestantes o lactantes. ¡Dale cilc aquí!";"";"{""Proteína bruta (mín.)"":""40,0% | -"",""Extracto etéreo / Grasa bruta (mín.)"":""19,0% | -"",""Fibra bruta (máx.)"":""- | 2,5%"",""Humedad (máx.)"":""- | 12,0%"",""Minerales/Cenizas (máx.)"":""- | 8,0%"",""Calcio (mín./máx.)"":""0,90% | 1,3%"",""Fósforo (mín./máx.)"":""0,90% | 1,4%"",""Energía metabolizable (calculada):"":""4.300 kcal/kg | -""}";"Imagenes_Alimentos/Purina/gatos/pro-plan/pro-plan-gatitos-hasta-12-meses.png";"https://purina.cl/sites/default/files/styles/webp/public/2022-10/Kitten-Pollo-%26-H%C3%ADgado_1.png.webp?itok=kXBsVO1g";"https://purina.cl/proplan/gatos/gatitos/producto"
"pro-plan-pro-plan-alimento-cachorro-raza-grande";"Purina";"Pro Plan";"perro";"cachorro";"Pro Plan Alimento cachorro raza grande";"15 kg";"Descubre Pro Plan Alimento Cachorro Raza Grande, para perros cachorros de razas grandes con calostro que los ayuda a crecer fuertes y sanos.";"Carne de Pollo congelada, maíz, harina de subproductos de pollo, trigo, gluten de maíz, aceite de pollo y/o grasa vacuna preservados con tocoferoles (fuente de vitamina E), hidrolizado a base de subproductos de pollo y/o cerdo, arroz, huevo en polvo, sal, carbonato y/o fosfato cálcico, pulpa de remolacha, cloruro de potasio, zeolita, aceite de pescado y/o harina de alga (schizochytrium sp.), sorbato de potasio, suplemento vitamínico antioxidante (A, D3, E, K1, B1, B2, B3, B5, B6, B7, B9, B12, BHT), suplementos minerales [(sulfatos: zinc, hierro, manganeso, cobre, magnesio), (proteinatos: zinc, hierro, manganeso, cobre, selenio), yodato de calcio, selenito de sodio], cloruro de colina, pared celular de levadura Saccharomyces cerevisiae (fuente de manano-oligosacáridos y betaglucanos), butirato de calcio, calostro bovino en polvo (fuente natural de anticuerpos), DL_metionina, ácido ascórbico (fuente de vitamina C), L-lisina, L-triptófano, L-treonina.";"{""Proteína Cruda"":""28.0% | -"",""Grasa Cruda"":""13.0% | -"",""Fibra Cruda"":""- | 4.0%"",""Humedad"":""- | 12.0%"",""Cenizas"":""- | 8.5%"",""Calcio"":""1.0% | 1.4%"",""Fósforo"":""0.8% | 1.3%""}";"Imagenes_Alimentos/Purina/perros/pro-plan/pro-plan-alimento-cachorro-raza-grande.png";"https://purina.cl/sites/default/files/styles/webp/public/2022-08/puppy_razas_grandes_front_por_plan.png.webp?itok=4o2E9-2D";"https://purina.cl/proplan/perros/cachorros/razas-grandes"
"pro-plan-pro-plan-gatitos-de-0-a-12-meses-pollo-en-salsa";"Purina";"Pro Plan";"gato";"cachorro";"Pro Plan® gatitos de 0 a 12 meses, pollo en salsa";"85 g";"Pro Plan Gatitos Pollo en Salsa es alimento húmedo balanceado y completo para gatos de 0 - 12 meses de edad, provee nutrición y digestibilidad.";"Agua suficiente para proceso, carne de pollo, carcasa de pollo y/o carne de pavo, gluten de trigo, hígado de pollo, concentrado proteico de soya, almidón de maíz, hígado y/o vísceras de cerdo, saborizante cárnico, fosfato dicálcico, sal, cloruro de potasio, harina de algas, taurina, suplementos vitamínicos (A, D3, E, B1, B2, B3, B5, B6, B7, B9, B12, K3, cloruro de colina), suplementos minerales (sulfato de zinc, proteinato de zinc, sulfato ferroso, sulfato de manganeso, proteinato de manganeso, sulfato de cobre, proteinato de cobre, yodato de calcio, selenito de sodio).";"{""Humedad (máx.)"":""- | 770 g/kg (77,0%)"",""Cruda (mín.)"":""130 g/kg (13,0%) | -"",""Grasa Cruda (mín)"":""35 g/kg (3,5%) | -"",""Fibra Cruda (máx.)"":""- | 3.000 mg/kg (0,30%)"",""Cenizas (máx.)"":""- | 25 g/kg (2,5%)"",""Calcio (mín./máx.)"":""2.500 mg/kg | 5.000 mg/kg (0,25%/0,50%)"",""Fosforo (mín./máx.)"":""2.000 mg/kg | 4.000 mg/kg (0,20%/0,40%)"",""Sodio (mín.)"":""1.000 mg/kg (0,10%) | -"",""Potasio (mín.)"":""1.000 mg/kg (0,10%) | -"",""Taurina (mín.)"":""700 mg/kg (0,07%) | -"",""DHA (mín.)"":""120 mg/kg (0,012%) | -"",""Metabolizable"":""1.160 kcal/kg (98 kcal por sobre)""}";"Imagenes_Alimentos/Purina/gatos/pro-plan/pro-plan-gatitos-de-0-a-12-meses-pollo-en-salsa.jpg";"https://purina.cl/sites/default/files/styles/webp/public/2022-08/kitten_pollo_en_salsa_humedo_frente_pro_plan.jpg.webp?itok=G_6KF__K";"https://purina.cl/proplan/gatos/gatitos/pollo-en-salsa"
"pro-plan-pro-plan-gato-adulto-con-optiprebio";"Purina";"Pro Plan";"gato";"adulto";"Pro Plan® gato adulto con optiprebio";"3 kg, 7,5 kg";"Pro Plan gato Adulto, alimento que contiene prebióticos y antioxidantes naturales para mantener fuertes sus defensas naturales. Conoce más aquí.";"";"{""Proteína bruta (mín.)"":""36.0% | -"",""Extracto etéreo / Grasa bruta (mín.)"":""16,0% | -"",""Fibra bruta (máx.)"":""- | 2,5%"",""Humedad (máx.)"":""- | 12,0%"",""Minerales/Cenizas (máx.)"":""- | 8,5%"",""Calcio (mín./máx.)"":""0,90% | 1,4%"",""Fósforo (mín./máx.)"":""0,90% | 1,4%"",""Energía metabolizable (calculada):"":""4.200 kcal/kg. | -""}";"Imagenes_Alimentos/Purina/gatos/pro-plan/pro-plan-gato-adulto-con-optiprebio.png";"https://purina.cl/sites/default/files/styles/webp/public/2022-08/gato_adulto_frenre_pro_plan.png.webp?itok=Kcw53PP-";"https://purina.cl/proplan/gatos/adultos/producto"
"pro-plan-pro-plan-adulto-razas-pequenas-para-perros";"Purina";"Pro Plan";"perro";"adulto";"Pro Plan® adulto razas pequeñas para perros";"3 kg, 7,5 kg";"Pro Plan Adulto Razas Pequeñas, provee nutrición de avanzada que ayuda a los perros de razas pequeñas a mantenerse fuertes y llenos de vitalidad.";"";"{""Proteína Cruda"":""29.0% | -"",""Grasa Cruda"":""- | 17.0%"",""Fibra Cruda"":""- | 3.0%"",""Humedad"":""- | 12.0%"",""Cenizas"":""- | 9,0%"",""Calcio"":""1.0% | 1.8%"",""Fósforo"":""0.8% | 1.3%"",""Energía metabolizable (calculada):"":""4050 Kcal/kg | -""}";"Imagenes_Alimentos/Purina/perros/pro-plan/pro-plan-adulto-razas-pequenas-para-perros.png";"https://purina.cl/sites/default/files/styles/webp/public/2022-08/ADULTO_razas_pequenas_front_proplan.png.webp?itok=lzW9VgzY";"https://purina.cl/proplan/perros/adultos/razas-pequenas"
"pro-plan-pro-plan-alimento-humedo-pollo-en-salsa-gatos";"Purina";"Pro Plan";"gato";"adulto";"Pro Plan® alimento húmedo pollo en salsa gatos";"85 g";"Conoce Pro Plan Adultos, Alimento Húmedo de pollo en salsa para gatos. La nutrición deseada y el sabor que a ellos les encanta. ¡Ingresa aquí!";"Agua suficiente para proceso, carne de pollo, gluten de trigo, hígado de cerdo, carne de atún, vísceras de cerdo, arroz salvaje, almidón de maíz modificado, sabores artificiales y naturales, sal, concentrado proteico de soya, fosfato tricálcico, cloruro de potasio, colorantes (dióxido de titanio, óxido de hierro), taurina, cloruro de colina, suplemento de vitamina E, mononitrato de tiamina, sulfato de zinc, sulfato ferroso, niacina, pantotenato de calcio, suplemento de vitamina A, complejo sódico de bisulfito de menadiona (fuente de actividad de vitamina K), sulfato de cobre, sulfato de manganeso, hidrocloruro de piridoxina, suplemento de riboflavina, suplemento de vitamina B12, biotina, ácido fólico, suplemento de vitamina D3, ioduro de potasio.";"{""Humedad (máx.)"":""- | 790 g/kg (79,0%)"",""Cruda (mín.)"":""115 g/kg (11,5%) | -"",""Grasa Cruda (mín)"":""30 g/kg (3,0%) | -"",""Fibra Cruda (máx.)"":""- | 3.000 mg/kg (0,30%)"",""Cenizas (máx.)"":""- | 19 g/kg (1,9%)"",""Calcio (mín./máx.)"":""1.500 mg/kg 0,15% | 4.000 mg/kg 0,40%"",""Fosforo (mín./máx.)"":""1.300 mg/kg 0,13% | 3.500 mg/kg 0,35%"",""Sodio (mín.)"":""1.000 mg/kg (0,10%) | -"",""Potasio (mín.)"":""1.000 mg/kg (0,10%) | -"",""Taurina (mín.)"":""700 mg/kg (0,07%) | -"",""Frutanos totais (mín)"":""3500 mg/kg"",""Metabolizable 950kcal/kg"":""(81 kcal por sobre)""}";"Imagenes_Alimentos/Purina/gatos/pro-plan/pro-plan-alimento-humedo-pollo-en-salsa-gatos.jpg";"https://purina.cl/sites/default/files/styles/webp/public/2022-08/adulto_pollo_alimento_humedo_frente_pro_plan.jpg.webp?itok=QWRbW-bx";"https://purina.cl/proplan/gatos/adultos/pollo-en-salsa"
"pro-plan-pro-plan-gatos-sobres-de-salmon-en-salsa";"Purina";"Pro Plan";"gato";"adulto";"Pro Plan® gatos sobres de salmón en salsa";"85 g";"Pro Plan gatos sobres. Alimento Húmedo de Salmón es comida completa y balanceada con trozos en salsa para gatos adultos de todas las razas.";"Agua suficiente para proceso, carne de salmón, gluten de trigo, carne de pollo y/o pavo, carcasa de pollo, hígado y/o vísceras de cerdo, concentrado proteico de soya, almidón de maíz, hígado de pollo fosfato, dicálcico, saborizante cárnico, inulina, sal, cloruro de potasio, taurina, suplementos vitamínicos (A, D3, E, B1, B2, B3, B5, B6, B7, B9, B12, K3, cloruro de colina), suplementos minerales (sulfato de zinc, proteinato de zinc, sulfato ferroso, sulfato de manganeso, proteinato de manganeso, sulfato de cobre, proteinato de cobre, yodato de calcio, selenito de sodio).";"{""Humedad (máx.)"":""- | 790 g/kg (79,0%)"",""Cruda (mín.)"":""115 g/kg (11,5%) | -"",""Grasa Cruda (mín)"":""30 g/kg (3,0%) | -"",""Fibra Cruda (máx.)"":""- | 3.000 mg/kg (0,30%)"",""Cenizas (máx.)"":""- | 19 g/kg (1,9%)"",""Calcio (mín./máx.)"":""1.500 mg/kg 0,15% | 4.000 mg/kg 0,40%"",""Fosforo (mín./máx.)"":""1.300 mg/kg 0,13% | 3.500 mg/kg 0,35%"",""Sodio (mín.)"":""1.000 mg/kg (0,10%) | -"",""Potasio (mín.)"":""1.000 mg/kg (0,10%) | -"",""Taurina (mín.)"":""700 mg/kg (0,07%) | -"",""Frutanos totais (mín)"":""3500 mg/kg | -"",""Metabolizable"":""950kcal/kg""}";"Imagenes_Alimentos/Purina/gatos/pro-plan/pro-plan-gatos-sobres-de-salmon-en-salsa.jpg";"https://purina.cl/sites/default/files/styles/webp/public/2022-08/adulto_salmon_humedo_frente_pro_plan.jpg.webp?itok=jp22R9nn";"https://purina.cl/proplan/gatos/adultos/salmon-en-salsa"
"pro-plan-active-mind-razas-pequenas";"Purina";"Pro Plan";"perro";"adulto";"Active Mind Razas Pequeñas";"3 kg, 7,5 kg";"Active Mind Razas Pequeñas provee nutrición avanzada para proteger a los perros mayores de 7 años de razas pequeñas | Pro Plan Chile";"";"{""Proteína bruta"":""29.0% | -"",""Extracto etéreo / Grasa bruta"":""15,0% | -"",""Fibra bruta"":""- | 3.0%"",""Humedad"":""- | 12.0%"",""Minerales / Cenizas"":""- | 8.5%"",""Calcio"":""1.0% | 1.8%"",""Fósforo"":""0.80% | 1.3%"",""Energía metabolizable (calculada):"":""3.900 kcal/kg | -""}";"Imagenes_Alimentos/Purina/perros/pro-plan/active-mind-razas-pequenas.png";"https://purina.cl/sites/default/files/styles/webp/public/2022-10/Active-Mind-Razas-Medianas-y-Grandes-Sml_1.png.webp?itok=31RWXNVq";"https://purina.cl/proplan/perros/active-mind/razas-pequenas"
"pro-plan-reduced-calorie-razas-pequenas";"Purina";"Pro Plan";"perro";"adulto";"Reduced Calorie Razas Pequeñas";"3 kg";"Reduced Calorie Razas Pequeñas, alimento para perros de razas pequeñas con una fórmula que ayuda a lograr un peso corporal ideal | Pro Plan Chile";"";"{""Proteína bruta"":""27,0% | -"",""Extracto etéreo /grasa bruta"":""5,0% | 9,0%"",""Fibra bruta"":""- | 14,0%"",""Humedad"":""- | 12,0%"",""Minerales/cenizas"":""- | 8,5%"",""Calcio"":""1,0% | 1,8%"",""Fósforo"":""0,8% | 1,3%"",""Energía Metabolizable (calculada):"":""3.200 kcal/kg. | -""}";"Imagenes_Alimentos/Purina/perros/pro-plan/reduced-calorie-razas-pequenas.png";"https://purina.cl/sites/default/files/styles/webp/public/2022-10/Reduced-Calorie-Pavo-%26-Arroz-Sml-Bld_1.png.webp?itok=Odais8EA";"https://purina.cl/proplan/perros/calorias-reducidas/razas-pequenas"
"pro-plan-pro-plan-sensitive-skin-adulto-razas-medianas-y-grandes";"Purina";"Pro Plan";"perro";"adulto";"Pro Plan Sensitive Skin Adulto Razas Medianas y Grandes";"3 kg, 15 kg";"La fórmula de Pro Plan Sensitive Skin Adulto Razas Medianas y Grandes provee nutrición y minimiza el riesgo de irritar la piel de los perros.";"Carne de salmón congelada, maíz, gluten de maíz, arroz, harina de pescado, aceite de pollo y/o grasa vacuna preservados con tocoferoles (fuente de vitamina E), hidrolizado a base de subproductos de pollo y/o cerdo, pulpa de remolacha, carbonato y/o fosfato cálcico, sal, cloruro de potasio, aceite de pescado y/o harina de alga, (Schizochytrium sp.), zeolita, fibra de caña de azúcar, suplementos minerales , suplemento vitamínico antioxidante (A, D3, E K3, B1, B2, B3, B5, B6, B7, B9, B12, BHT), sorbato de potasio, cloruro de colina, levadura seca (Saccharomyces cerevisiae ssp.), L-lisina, ácido ascórbico (fuente de vitamina C), DL-metionina.";"{""Proteína bruta"":""26,0% | -"",""Extracto etéreo / Grasa bruta"":""15,0% | -"",""Fibra bruta"":""- | 3,5%"",""Humedad"":""- | 12,0%"",""Minerales / Cenizas"":""- | 8,5%"",""Calcio"":""1,0% | 1,6%"",""Fósforo"":""0.8% | 1,3%"",""Energía metabolizable (calculada):"":""3.980 kcal/kg | -""}";"Imagenes_Alimentos/Purina/perros/pro-plan/pro-plan-sensitive-skin-adulto-razas-medianas-y-grandes.png";"https://purina.cl/sites/default/files/styles/webp/public/2022-10/ProPlan-Sensitive-Skin-Med-y-Gdes-Front.png.webp?itok=CmChFkEz";"https://purina.cl/proplan/perros/piel-sensible/medianas-y-grandes"
"pro-plan-pro-plan-gato-7-con-optiage";"Purina";"Pro Plan";"gato";"senior";"Pro Plan® gato 7+ con optiage";"3 kg";"Conoce Pro Plan Gato +7 es un alimento completo y balanceado para gatos de 7 o más años con aminoácidos y antioxidantes naturales. ¡Ingresa aquí!";"";"{""Proteína bruta (mín.)"":""37,0% | -"",""Extracto etéreo / Grasa bruta (mín.)"":""15,0% | -"",""Fibra bruta (máx.)"":""- | 3,0%"",""Humedad (máx.)"":""- | 12,0%"",""Minerales/Cenizas (máx.)"":""- | 8,5%"",""Calcio (mín./máx.)"":""1,0% | 1,5%"",""Fósforo (mín./máx.)"":""0,80% | 1,3%""}";"Imagenes_Alimentos/Purina/gatos/pro-plan/pro-plan-gato-7-con-optiage.png";"https://purina.cl/sites/default/files/styles/webp/public/2022-10/Adult-7%2B-Carne-%26-Arroz_1.png.webp?itok=Fsv0EsB_";"https://purina.cl/proplan/gatos/adultos-7-mas/producto"
"pro-plan-pro-plan-sensitive-skin-and-stomach-razas-pequenas";"Purina";"Pro Plan";"perro";"adulto";"Pro Plan® sensitive skin and stomach razas pequeñas";"3 kg, 7,5 kg";"Pro Plan Sensitive Skin and Stomach Razas Pequeñas está formulado con carne de pavo como primer ingrediente, ideal para perros sensibles de razas pequeñas.";"Carne de pavo congelada*, maíz, gluten de maíz, arroz, harina de pescado*, aceite de pollo y/o grasa vacuna preservados con tocoferoles (fuente de vitamina E), hidrolizado (polvo y/o líquido) a base de subproductos de pollo y/o cerdo*, aceite de pescado y/o harina de alga (Schizochytrium sp.), inulina, cloruro de potasio, pulpa de remolacha, zeolita, sal, suplemento vitamínico antioxidante (A, D3, E, K3, B1, B2, B3, B5, B6, B7, B9, B12, BHT), carbonato cálcico y/o fosfato cálcico, pirofosfato tetrasódico, suplementos minerales [(sulfatos: zinc, hierro, manganeso, cobre, magnesio), (proteinatos: zinc, hierro, manganeso, cobre, selenio), yodato de calcio, selenito de sodio], sorbato de potasio, cloruro de colina, levadura seca (Saccharomyces cerevisiae ssp.), ácido ascórbico (fuente de vitamina C), probiótico (Bacillus coagulans), L-lisina, DLmetionina, L-triptófano.";"{""Proteína bruta"":""29,0% | -"",""Extracto etéreo / Grasa bruta"":""17,0% | -"",""Fibra bruta"":""- | 3,0 %"",""Humedad"":""- | 12,0%"",""Minerales / Cenizas"":""- | 9,0%"",""Calcio"":""1,0% | 1,8%"",""Fósforo"":""0,9% | 1,4%""}";"Imagenes_Alimentos/Purina/perros/pro-plan/pro-plan-sensitive-skin-and-stomach-razas-pequenas.png";"https://purina.cl/sites/default/files/styles/webp/public/2025-01/PROPLAN%20DOG_ADULTO%20PEQUENOS%20SENSITIVE%20SKIN%20DIGESTION_3KG_CMY1-ok%20%281%29.png.webp?itok=2E3wce5H";"https://purina.cl/proplan/perros/piel-estomago-sensible/razas-pequena"
"pro-plan-sensitive-skin-and-stomach-razas-medianas-y-grandes";"Purina";"Pro Plan";"perro";"adulto";"Sensitive skin and stomach razas medianas y grandes";"15 kg";"Pro Plan Sensitive Skin and stomach razas medianas y grandes. Formulado con carne de pavo como primer ingrediente, ideal para perros sensibles de razas grandes.";"";"{""Proteína bruta"":""26,0% | -"",""Extracto etéreo / Grasa bruta"":""15,0% | -"",""Fibra bruta"":""- | 3,0 %"",""Humedad"":""- | 12,0%"",""Minerales / Cenizas"":""- | 8,5%"",""Calcio"":""1,0% | 1,6%"",""Fósforo"":""0,8% | 1,3%"",""Energía metabolizable (calculada):"":""3.980 kcal/kg. | -""}";"Imagenes_Alimentos/Purina/perros/pro-plan/sensitive-skin-and-stomach-razas-medianas-y-grandes.png";"https://purina.cl/sites/default/files/styles/webp/public/2025-01/PROPLAN%20DOG_ADULTO%20MEDIANOS%20SENSITIVE%20SKIN%20DIGESTION_3KG_CMYK1-ok%202%20%281%29.png.webp?itok=Q01ZRyQu";"https://purina.cl/proplan/perros/piel-estomago-sensible/medianas-grandes"
"pro-plan-pro-plan-pollo-en-salsa-para-perros-adultos-de-todos-los-tamanos";"Purina";"Pro Plan";"perro";"adulto";"Pro Plan® pollo en salsa para perros adultos de todos los tamaños";"100 g";"Pro Plan Pollo en salsa para Perro Adulto, es alimento húmedo completo y balanceado para perros de todos los tamaños con 1 año o más. Descúbrelo";"Agua suficiente para proceso, carcasa de pollo, gluten de trigo, carne de pollo, hígado y/o vísceras de cerdo, hígado de pollo y/o carne de pavo, concentrado proteico de soya, almidón de maíz, inulina, fosfato dicálcico, cloruro de potasio, sal, carbonato de calcio, suplementos vitamínicos (A, D3, E, B1, B2, B3, B5, B6, B7, B9, B12, cloruro de colina), suplementos minerales (sulfato de zinc, proteinato de zinc, sulfato ferroso, sulfato de manganeso, proteinato de manganeso, sulfato de cobre, proteinato de cobre, yodato de calcio, selenito de sodio).";"{""Humedad"":""- | 780 g/kg (78%)"",""Cruda"":""120 g/kg (12%) | -"",""Grasa Cruda"":""35 g/kg (3,5%) | -"",""Fibra cruda"":""- | 10 g/kg (1,0%)"",""Cenizas"":""- | 35 g/kg (3,5%)"",""Calcio"":""1.500 mg/kg (0,15%) | 5.000 mg/kg (0,50%)"",""Fosforo"":""1.500 mg/kg (0,15%) | 4.500 mg/kg (0,45%)"",""Sodio"":""1.000 mg/kg (0,10%) | -"",""Potasio"":""1.000 mg/kg (0,10%) | -"",""Energía Metabolizáble"":""1.030 kcal/kg (103kcal por sobre) | -B""}";"Imagenes_Alimentos/Purina/perros/pro-plan/pro-plan-pollo-en-salsa-para-perros-adultos-de-todos-los-tamanos.jpg";"https://purina.cl/sites/default/files/styles/webp/public/2022-08/humedo_adulto_front_pro_plan.jpg.webp?itok=2hd5QhLc";"https://purina.cl/proplan/perros/adulto/pollo-en-salsa"
"pro-plan-pro-plan-reduced-calorie-gatos-poco-activos-o-con-exceso-de-peso";"Purina";"Pro Plan";"gato";"adulto";"Pro Plan® reduced calorie gatos poco activos o con exceso de peso";"3 kg";"Pro Plan Reduced Calorie Gatos, alimento seco ideal para gatos poco activos o con exceso de peso, formulado con niveles bajos de grasas y calorías.";"";"{""Proteína bruta (mín.)"":""40,0% | -"",""Extracto etéreo / Grasa bruta (mín./máx.)"":""7,0% | 10,0%"",""Fibra bruta (máx.)"":""7,5% | -"",""Minerales/Cenizas (máx.)"":""8,5% | -"",""Calcio (mín./máx.)"":""0,90% | 1,40%"",""Fósforo (mín./máx.)"":""0,90% | 1,40%"",""Humedad (máx.)"":""- | 12,0%"",""Energía metabolizable (calculada):"":""3.550 kcal/kg. | -""}";"Imagenes_Alimentos/Purina/gatos/pro-plan/pro-plan-reduced-calorie-gatos-poco-activos-o-con-exceso-de-peso.png";"https://purina.cl/sites/default/files/styles/webp/public/2022-08/Reduced_Calorie_Gato_Lateral_Pro_Plan.png.webp?itok=9echvoCa";"https://purina.cl/proplan/gatos/calorias-reducidas/producto"
"pro-plan-pro-plan-esterilizados-para-gatos";"Purina";"Pro Plan";"gato";"adulto";"Pro Plan® esterilizados para gatos";"3 kg, 7,5 kg";"Pro Plan Esterilizados para gatos, formulado con menos calorías que el alimento para gatos adultos, ayuda a que los castrados mantengan su peso.";"";"{""Proteína bruta (mín.)"":""40,0% | -"",""Extracto etéreo / Grasa bruta (mín./máx.)"":""12,0% | 15,0%"",""Fibra bruta (máx.)"":""- | 5,5%"",""Humedad (máx.)"":""- | 12,0%"",""Minerales/Cenizas (máx.)"":""- | 8,5%"",""Calcio (mín./máx.)"":""0,90% | 1,5%"",""Fósforo (mín./máx.)"":""0,90% | 1,5%""}";"Imagenes_Alimentos/Purina/gatos/pro-plan/pro-plan-esterilizados-para-gatos.png";"https://purina.cl/sites/default/files/styles/webp/public/2022-08/Gato_Sterilize_Frente_Pro_Plan.png.webp?itok=2x2wy_Pc";"https://purina.cl/proplan/gatos/esterilizados/producto"
"pro-plan-pro-plan-alimento-urinary-gatos-con-optitract";"Purina";"Pro Plan";"gato";"adulto";"Pro Plan® alimento urinary gatos con optitract";"1 kg, 3 kg, 7,5 kg";"Pro Plan Urinary Gatos Adultos, alimento seco para gatos que previene la formación de cristales de estruvita y oxalato en el tracto urinario.";"";"{""Proteína bruta (mín.)"":""36,0% | -"",""Extracto etéreo / Grasa bruta (mín.)"":""14,0% | -"",""Fibra bruta (máx.)"":""- | 3,0%"",""Humedad (máx.)"":""- | 12,0%"",""Minerales/Cenizas (máx.)"":""- | 8,5%"",""Calcio (mín./máx.)"":""0,80% | 1,40%"",""Fósforo (mín./máx.)"":""0,80% | 1,40%""}";"Imagenes_Alimentos/Purina/gatos/pro-plan/pro-plan-alimento-urinary-gatos-con-optitract.png";"https://purina.cl/sites/default/files/styles/webp/public/2022-10/Veterinary-Diets-Urinary-St_Ox-Feline_1.png.webp?itok=5J5-Q6Uz";"https://purina.cl/proplan/gatos/urinario/producto"
"pro-plan-pro-plan-neurocare-para-perros";"Purina";"Pro Plan";"perro";"adulto";"Pro Plan® neurocare para perros";"7,5 kg";"Pro Plan Neurocare Veterinary Diets Neurológico Canine es alimento especialmente formulado para ayudar en el control de la epilepsia idiopática.";"BENEFICIOS: EPILEPSIA IDIOPÁTICA Formulado con triglicéridos de cadena media (MCT, por sus siglas en inglés) de aceite vegetal para ayudar a controlar nutricionalmente a perros con epilepsia como complemento de la terapia veterinaria - resultados comprobados en 90 días. SÍNDROME DE DISFUNCIÓN COGNITIVA Enriquecido con una mezcla única de nutrientes y triglicéridos de cadena media (MCT) de aceite vegetal para ayudar nutricionalmente a perros con Síndrome de Disfunción Cognitiva.";"{""Humedad (máx.)"":""- | 12,0%"",""Proteína bruta (mín.)"":""29,0% | -"",""Extracto etéreo/Grasa bruta (mín.)"":""15,0% | -"",""Fibra bruta (máx.)"":""- | 3,0%"",""Minerales/Cenizas (máx.)"":""- | 8,5%"",""Calcio (mín./máx.)"":""1,1% | 1,5%"",""Fósforo (mín./máx.)"":""0,9% | 1,4%""}";"Imagenes_Alimentos/Purina/perros/pro-plan/pro-plan-neurocare-para-perros.png";"https://purina.cl/sites/default/files/styles/webp/public/2023-04/purina-pro-plan-veterinay-diets-dog-nc-neurocare.png.webp?itok=uFgkbT7M";"https://purina.cl/proplan/veterinary-diets/perros/neurologico"
"pro-plan-pro-plan-gatos-esterilized-pollo-en-salsa";"Purina";"Pro Plan";"gato";"adulto";"Pro Plan® gatos esterilized pollo en salsa";"85 g";"Pro Plan Gatos Esterilizados Pollo en Salsa, alimento húmedo para gatos esterilizados de 1 año o más, con un alto contenido de proteínas.";"Agua suficiente para proceso, carne de pollo, carcasa de pollo y/o carne de pavo, hígado de pollo, gluten de trigo, hígado y/o vísceras de cerdo, germen de maíz, concentrado proteico de soya, almidón de maíz, celulosa en polvo, saborizante cárnico, fosfato dicálcico, sal, cloruro de potasio, taurina, suplementos vitamínicos (A, D3, E, B1, B2, B3, B5, B6, B7, B9, B12, K3, cloruro de colina), suplementos minerales (sulfato de zinc, proteinato de zinc, sulfato ferroso, sulfato de manganeso, proteinato de manganeso, sulfato de cobre, proteinato de cobre, yodato de calcio, selenito de sodio).";"{""Humedad (máx.)"":""- | 790 g/kg (79,0%)"",""Cruda (mín.)"":""115 g/kg (11,5%) | -"",""Grasa Cruda (mín)"":""30 g/kg (3,0%) | -"",""Fibra cruda (máx.)"":""3.000 mg/kg (0,30%)"",""Cenizas (máx.)"":""- | 19 g/kg (1,9%)"",""Calcio (mín./máx.)"":""1.500 mg/kg (0,15%) | 4.000 mg/kg (0,40%)"",""Fosforo (mín./máx.)"":""1.300 mg/kg (0,13%) | 3.500 mg/kg  (0,35%)"",""Sodio (mín.)"":""1.000 mg/kg (0,10%) | -"",""Potasio (mín.)"":""1.000 mg/kg (0,10%) | -"",""Taurina (mín.)"":""700 mg/kg (0,07%) | -"",""Frutanos totais (mín)"":""3500 mg/kg | -""}";"Imagenes_Alimentos/Purina/gatos/pro-plan/pro-plan-gatos-esterilized-pollo-en-salsa.jpg";"https://purina.cl/sites/default/files/styles/webp/public/2022-08/Gato_Sterilize_Humedo_Frente_Pro_Plan.jpeg.webp?itok=4UIk4ArK";"https://purina.cl/proplan/gatos/esterilizados/pollo-en-salsa"
"pro-plan-pro-plan-joint-mobility-para-articulaciones-de-perros";"Purina";"Pro Plan";"perro";"adulto";"Pro Plan® joint mobility para articulaciones de perros";"7,5 kg";"Pro Plan Joint Mobility Veterinary Diets, alimento terapéutico para perros formulado para ayudar en las enfermedades osteoarticulares. ¡Conoce más!";"Arroz, harina de subproductos de pollo (fuente natural de glucosamina), gluten de maíz, huevo de gallina en polvo (fuente natural de glucosamina), aceite de pescado, harina de pescado y/o harina de alga (Schizochytrium sp.), fibra de soja y/o fibra de caña de azúcar, grasa vacuna y/o aceite de pollo preservados con tocoferoles (fuente de vitamina E), hidrolizado (líquido y/o en polvo) a base de subproductos de pollo y/o cerdo, carne de salmón congelada, carbonato de calcio y/o fosfato de calcio, cloruro de potasio, suplemento vitamínico antioxidante (A, D3, E, K3, B1, B2, B3, B5, B6, B7, B9, B12, BHT), sal, sorbato de potasio, suplementos minerales [(sulfatos: zinc, hierro, manganeso, cobre), (proteinatos y/o glicinatos: zinc, hierro, manganeso, cobre, selenio), yodato de calcio, selenito de sodio], L-lisina, cloruro de colina, taurina, ácido ascórbico (fuente de vitamina C), L-treonina, L-triptófano.";"{""Humedad (máx.)"":""- | 12.0%"",""Proteína Bruta (mín.)"":""30.0% | -"",""Extracto etéreo/Grasa Bruta (mín.)"":""15.0% | -"",""Fibra Bruta (máx.)"":""- | 4.0%"",""Minerales/Cenizas (máx.)"":""- | 8.5%"",""Calcio (mín./máx.)"":""1.2 % | 1.8%"",""Fósforo (mín./máx.)"":""0.8% | 1.3%""}";"Imagenes_Alimentos/Purina/perros/pro-plan/pro-plan-joint-mobility-para-articulaciones-de-perros.png";"https://purina.cl/sites/default/files/styles/webp/public/2023-04/purina-pro-plan-veterinay-diets-dog-jm-joint-mobility.png.webp?itok=u_hfiIs_";"https://purina.cl/proplan/dietas-veterinarias/perros/movilidad-articular"
"pro-plan-pro-plan-gastrointestinal-para-perros";"Purina";"Pro Plan";"perro";"adulto";"Pro Plan Gastrointestinal para perros";"2 kg, 7,5 kg";"Pro Plan Gastrointestinal EN de Veterinary Diets, es una fórmula que ayuda a controlar los trastornos gastrointestinales de los perros. ¡Clic aquí!";"Arroz, maíz, gluten de maíz, harina de subproductos de pollo, aceite de pollo y/o grasa vacuna preservados con tocoferoles (fuente de vitamina E), carbonato de calcio y/o fosfato de calcio, carne de pollo congelada, aceite de coco, bicarbonato de sodio, cloruro de potasio, hidrolizado (polvo y/o líquido) a base de subproductos de pollo y/o cerdo, levadura seca (Saccharomyces cerevisiae), aceite de pescado y/o harina de alga (Schizochytrium sp.), suplemento vitamínico antioxidante (A, D3, E, K3, B1, B2, B3, B5, B6, B7, B9, B12, BHT), inulina y/o fructooligosacáridos y/o pared celular de levadura (fuente natural de manano-oligosacáridos y betaglucanos), L-lisina, sal, pirofosfato tetrasódico, sorbato de potasio, aceite de girasol, suplementos minerales [(sulfatos: zinc, hierro, manganeso, cobre), (proteinatos y/o glicinatos: zinc, hierro, manganeso, cobre, selenio), yodato de calcio, selenito de sodio], cloruro de colina, calostro bovino en polvo (fuente natural de anticuerpos), DL-metionina, L-treonina, ácido ascórbico (fuente de vitamina C), L-triptófano.";"{""Humedad (máx.)"":""- | 12,0%"",""Proteína bruta (mín.)"":""24,0% | -"",""Extracto etéreo/Grasa cruda (mín.)"":""10,0% | -"",""Fibra bruta (máx.)"":""- | 2,0%"",""Minerales/Cenizas (máx.)"":""- | 8,5%"",""Calcio (mín./máx.)"":""1,1% | 1,5%"",""Fósforo (mín./máx.)"":""0,9% | 1,4%""}";"Imagenes_Alimentos/Purina/perros/pro-plan/pro-plan-gastrointestinal-para-perros.png";"https://purina.cl/sites/default/files/styles/webp/public/2023-04/purina-pro-plan-veterinay-diets-dog-en-gastrointestinal.png.webp?itok=Qs5wCPEy";"https://purina.cl/proplan/veterinary-diets/perros/gastroenterico"
"pro-plan-comida-para-gatos-con-estomago-sensible";"Purina";"Pro Plan";"gato";"adulto";"Comida para gatos con estómago sensible";"3 kg";"Pro Plan Sensitive Skin and Stomach, es alimento para gatos adultos con estómago sensible. Que contribuye a la salud del sistema digestivo.";"Carne de pavo congelada, maíz, harina de subproductos de pollo, gluten de maíz, arroz, aceite de pollo y/o grasa vacuna preservados con tocoferoles (fuente de vitamina E), trigo, hidrolizado (polvo y/o liquido) a base de subproductos de pollo y/o cerdo, aceite de pescado, inulina, sal, harina de pescado y/o harina de alga (Schizochytrium sp.), cloruro de potasio, gluten de trigo, ácido fosfórico y/o bisulfato de sodio, carbonato cálcico y/o fosfato cálcico, L-lisina, pirofosfato tetrasódico, suplemento vitamínico antioxidante (A, D3, E, K3, B1, B2, B3, B5, B6, B7, B9, B12, BHT), cloruro de colina, suplementos minerales [(sulfatos: zinc, hierro, manganeso, cobre), (proteinatos: zinc, hierro, manganeso, cobre, selenio), yodato de calcio, selenito de sodio], taurina, levadura seca (Saccharomyces cerevisiae ssp.), ácido ascórbico (fuente de vitamina C), probiótico (Bacillus coagulans), DL-metionina.";"{""Proteína bruta (mín.)"":""36.0% | -"",""Extracto etéreo / Grasa bruta (mín.)"":""16,0% | -"",""Fibra bruta (máx.)"":""- | 2,5%"",""Humedad (máx.)"":""- | 12,0%"",""Minerales/Cenizas (máx.)"":""- | 8,5%"",""Calcio (mín./máx.)"":""0,90% | 1,4%"",""Fósforo (mín./máx.)"":""0,90% | 1,4%""}";"Imagenes_Alimentos/Purina/gatos/pro-plan/comida-para-gatos-con-estomago-sensible.png";"https://purina.cl/sites/default/files/styles/webp/public/2026-01/Comida-para-gatos-sensible.png.webp?itok=b65SZJTk";"https://purina.cl/proplan/gatos/piel-estomago-sensible/producto"
"pro-plan-pro-plan-om-alimento-para-perros-con-obesidad";"Purina";"Pro Plan";"perro";"adulto";"Pro Plan OM: Alimento para perros con obesidad";"2 kg, 7,5 kg";"Pro Plan OM Veterinary Diets Obesidad Canine, alimento para perros con obesidad. Nutrición balanceada y completa para perros de todas las razas.";"Maíz, harina de soja, fibra de soja y/o fibra de caña de azúcar, harina de germen de soja (fuente de isoflavonas), gluten de maíz, harina de subproductos de pollo, hidrolizado (líquido y/o en polvo) a base de subproductos de pollo y/o cerdo, harina de pescado y/o harina de alga (Schizochytrium sp.), grasa vacuna y/o aceite de pollo preservados con tocoferoles (fuente de vitamina E), carbonato de calcio y/o fosfato de calcio, suplemento vitamínico antioxidante (A, D3, E, K3, B1, B2, B3, B5, B6, B7, B9, B12, BHT), sal, sorbato de potasio, DL-metionina, suplementos minerales [(sulfatos: zinc, hierro, manganeso, cobre), (proteinatos y/o glicinatos: zinc, hierro, manganeso, cobre, selenio), yodato de calcio, selenito de sodio], cloruro de colina, cloruro de potasio, L-lisina.";"{""Humedad (máx.)"":""- | 12,0%"",""Proteína Bruta (mín.)"":""26.0% | -"",""Extracto etéreo/Grasa Bruta (mín./máx.)"":""4,0% | 8,5%"",""Fibra Bruta (máx.)"":""- | 13.0%"",""Minerales/Cenizas (máx.)"":""- | 8,0%"",""Calcio (mín./máx.)"":""0.90% | 1,3%"",""Fósforo (mín./máx.)"":""0.70% | 1,1%""}";"Imagenes_Alimentos/Purina/perros/pro-plan/pro-plan-om-alimento-para-perros-con-obesidad.png";"https://purina.cl/sites/default/files/styles/webp/public/2023-04/purina-pro-plan-veterinay-diets-dog-om-obesity-management.png.webp?itok=dxvt8v48";"https://purina.cl/proplan/veterinary-diets/perros/obesidad"
"pro-plan-pro-plan-renal-nf-alimento-renal-para-perros";"Purina";"Pro Plan";"perro";"adulto";"Pro Plan Renal NF Alimento renal para perros";"2 kg, 7,5 kg";"Pro Plan Renal es el alimento renal para perros de Veterinary Diets. Fórmula especializada que apoya su función renal y mejora su calidad de vida.";"Arroz, maíz, carne de pollo congelada, huevo de gallina en polvo, grasa vacuna y/o aceite de pollo preservados con tocoferoles (fuente de vitamina E), levadura seca (Saccharomyces cerevisiae), azúcar, hidrolizado (líquido y/o en polvo) a base de subproductos de pollo y/o cerdo, carbonato de calcio y/o fosfato de calcio, aceite de pescado y/o harina de alga (Schizochytrium sp.), suero de leche bovina en polvo, cloruro de potasio y/o citrato de potasio, DL-metionina, L-lisina, suplemento vitamínico antioxidante (A, D3, E, K3, B1, B2, B3, B5, B6, B7, B9, B12, BHT), sorbato de potasio, aceite de girasol, suplementos minerales [(sulfatos: zinc, hierro, manganeso, cobre), (proteinatos y/o glicinatos: zinc, hierro, manganeso, cobre, selenio), yodato de calcio, selenito de sodio], cloruro de colina, sal, L-triptófano, sulfato de magnesio.";"{""Proteína bruta (mín./máx.)"":""12,0% | 17,0%"",""Extracto etéreo/Grasa bruta (mín.)"":""13,0% | -"",""Fibra bruta (máx.)"":""- | 2,0%"",""Humedad"":""- | 12,0%"",""Minerales/Cenizas (máx.)"":""- | 5,0%"",""Calcio (mín./máx.)"":""0,50% | 0,85%"",""Fósforo (mín./máx.)"":""0,10% | 0,40%""}";"Imagenes_Alimentos/Purina/perros/pro-plan/pro-plan-renal-nf-alimento-renal-para-perros.png";"https://purina.cl/sites/default/files/styles/webp/public/2023-04/purina-pro-plan-veterinay-diets-dog-nf-renal-function.png.webp?itok=Cp8PtV4a";"https://purina.cl/proplan/veterinary-diets/perros/renal"
"pro-plan-pro-plan-ur-alimento-urinary-perros";"Purina";"Pro Plan";"perro";"adulto";"Pro Plan UR: Alimento Urinary Perros";"7,5 kg";"Veterinary Diets Pro Plan Urinary perros es un alimento para perros adultos de todas las razas para la disolución de urólitos por estruvita.";"Maíz, arroz, gluten de maíz, harina de subproductos de pollo, fibra de soja y/o fibra de caña de azúcar, grasa vacuna y/o aceite de pollo preservados con tocoferoles (fuente de vitamina E), hidrolizado (líquido y/o en polvo) a base de subproductos de pollo y/o cerdo, sal, carbonato de calcio y/o fosfato de calcio, ácido fosfórico y/o bisulfato de sodio, cloruro de potasio y/o citrato de potasio, suplemento vitamínico antioxidante (A, D3, E, K3, B1, B2, B3, B5, B6, B7, B9, B12, BHT), sorbato de potasio, suplementos minerales [(sulfatos: zinc, hierro, manganeso, cobre), (proteinatos y/o glicinatos: zinc, hierro, manganeso, cobre, selenio), yodato de calcio, selenito de sodio], cloruro de colina, DL-metionina, L-lisina.";"{""Humedad (máx.)"":""- | 12,0%"",""Proteína bruta (mín.)"":""21.0% | -"",""Extracto Etéreo/Grasa bruta (mín.)"":""9.0% | -"",""Fibra bruta (máx.)"":""- | 6.5%"",""Minerales/Cenizas (máx.)"":""- | 9,0%"",""Calcio (mín./máx.)"":""0.90% | 1,3%"",""Fósforo (mín./máx.)"":""0.70% | 1,2%""}";"Imagenes_Alimentos/Purina/perros/pro-plan/pro-plan-ur-alimento-urinary-perros.png";"https://purina.cl/sites/default/files/styles/webp/public/2023-04/purina-pro-plan-veterinay-diets-dog-ur-urinary.png.webp?itok=H-_jrTzj";"https://purina.cl/proplan/veterinary-diets/perros/urinario"
"pro-plan-pro-plan-cardiocare-para-perros";"Purina";"Pro Plan";"perro";"adulto";"Pro Plan® cardiocare para perros";"2 kg";"Veterinary Diets Pro Plan Cardiocare está indicado para el tratamiento de la enfermedad de la válvula mitral desde sus estadios tempranos.";"Harina de subproductos de pollo, arroz, cebada, aceite de pollo y/o grasa vacuna preservados con tocoferoles mezclados (fuente de vitamina E), triglicéridos de ácidos grasos de cadena media, carne de pollo congelada, harina de pescado y/o harina de alga (Schizochytrium sp.), celulosa, aceite de pescado, hidrolizado (líquido y/o polvo) a base de subproductos de pollo y/o cerdo, pulpa de remolacha, DL-metionina, dextrosa, L-lisina, suplementos minerales [(sulfatos: magnesio, zinc, hierro, manganeso, cobre), (proteinatos: zinc hierro, manganeso, cobre, selenio), yodato de calcio, selenito de sodio], fibra de soja, cloruro de potasio, xilosa, suplemento vitamínico antioxidante (A, D3, E, K3, B1, B2, B3, B5, B6, B7, B9, B12, BHT), L-cisteína, sorbato de potasio, glicina, taurina, carbonato cálcico y/o fosfato cálcico, ácido ascórbico (fuente de vitamina C), cloruro de colina.";"{""Humedad"":""- | 12,0%"",""Proteína bruta"":""26,0% | -"",""Grasa bruta"":""17,0% | -"",""Fibra bruta"":""- | 5,0%"",""Minerales"":""- | 8,0%"",""Calcio"":""1,1% | 1,6%"",""Fósforo"":""0,8% | 1,3%""}";"Imagenes_Alimentos/Purina/perros/pro-plan/pro-plan-cardiocare-para-perros.png";"https://purina.cl/sites/default/files/styles/webp/public/2022-10/Veterinary-Diets-Cardiocare-01_0.png.webp?itok=KcgimsPW";"https://purina.cl/proplan/veterinary-diets/perros/cardiaco"
"pro-plan-pro-plan-hidrolizado-perros-veterinary-diets";"Purina";"Pro Plan";"perro";"adulto";"Pro Plan® hidrolizado perros veterinary diets";"7,5 kg, 2 kg";"Pro Plan Hidrolizado perros. Es un alimento completo para perros adultos de todas las razas, ayuda en el tratamiento de alergias o intolerancias alimentarias.";"Harina de yuca, harina de proteína hidrolizada de pollo, aceite de pollo y/o grasa de cerdo (preservados con tocoferoles, fuente de vitamina E), hidrolizado líquido a base de subproductos de pollo y/o cerdo, fosfato bicálcico, aceite de soja y/o aceite de pescado, carbonato de calcio, sal, harina de alga (Schizochytrium sp), L-lisina, DL- metionina, suplementos minerales [(sulfatos: zinc, hierro, manganeso, cobre, magnesio), (proteinatos: zinc, hierro, manganeso, cobre, selenio), yodato de calcio, selenito de sodio), sorbato de potasio, cloruro de colina, cloruro de potasio, suplemento vitamínico antioxidante (A,D3,E, K3, B1, B2, B3, B5, B6, B7, B9, B12, BHT),taurina.";"{""Humedad"":""- | 12,0 %"",""Proteína bruta"":""- | 19,0 %"",""Grasa bruta"":""11,0% | -"",""Fibra bruta"":""- | 4,0 %"",""Minerales"":""- | 8,0%"",""Calcio"":""1,1% | 1,8%"",""Fósforo"":""0,8% | 1,3%""}";"Imagenes_Alimentos/Purina/perros/pro-plan/pro-plan-hidrolizado-perros-veterinary-diets.png";"https://purina.cl/sites/default/files/styles/webp/public/2022-10/ProPlan-Hydrolyzed-Perro-Front_0.png.webp?itok=yyKzNVIf";"https://purina.cl/proplan/dietas-veterinarias/perros/hydrolizado"
"pro-plan-purina-pro-plan-veterinary-diets-nf-funcion-renal-etapa-avanzada-formula-felina";"Purina";"Pro Plan";"gato";"adulto";"PURINA® PRO PLAN® Veterinary Diets NF Función Renal Etapa Avanzada Fórmula Felina";"1,5 kg";"Pro Plan Veterinary Diets Función Renal Etapa Avanzada está indicado para gatos adultos con enfermedad renal crónica en etapa avanzada | Pro Plan Chile";"Maíz, gluten de maíz, harina de soja, arroz, carne de salmón congelada, aceite de pollo y/o grasa vacuna preservados con tocoferoles (fuente de vitamina E), cloruro de potasio y/o citrato de potasio, hidrolizado (polvo y/o líquido) a base de subproductos de pollo y/o cerdo, carbonato de calcio y/o fosfato de calcio, aceite de pescado y/o harina de alga (Schizochytrium sp.), fibra de caña de azúcar y/o celulosa, huevo de gallina en polvo, bisulfato de sodio y/o cloruro de sodio, suplemento vitamínico antioxidante (A, D3, E, K3, B1, B2, B3, B5, B6, B7, B9, B12, BHT), levadura seca (Saccharomyces cerevisiae), suplementos minerales [(sulfatos: zinc, hierro, manganeso, cobre), (proteinatos y/o glicinatos: zinc, hierro, manganeso, cobre, selenio), yodato de calcio, selenito de sodio], cloruro de colina, taurina, DL-metionina, L-lisina, L-triptófano, sulfato de magnesio.";"{""Humedad (Máx.)"":""- | 12,0%"",""Proteína Bruta (mín./máx.)"":""27.0% | 30,0%"",""Extracto etéreo/Grasa Bruta (mín.)"":""16.0% | -"",""Fibra Bruta (máx.)"":""- | 5,0%"",""Minerales/Cenizas (máx.)"":""- | 7,5%"",""Calcio (mín./máx.)"":""0.50% | 0.90%"",""Fósforo (mín./máx.)"":""0.30% | 0.60%""}";"Imagenes_Alimentos/Purina/gatos/pro-plan/purina-pro-plan-veterinary-diets-nf-funcion-renal-etapa-avanzada-formula-felina.png";"https://purina.cl/sites/default/files/styles/webp/public/2023-04/purina-pro-plan-veterinay-diets-cat-nf-renal-function-advanced-care.png.webp?itok=3ZZX7CeC";"https://purina.cl/proplan/veterinary-diets/gatos/renal-avanzado"
"pro-plan-pro-plan-urinary-gatos-veterinary-diets";"Purina";"Pro Plan";"gato";"adulto";"Pro Plan® urinary gatos veterinary diets";"1,5 kg";"Pro Plan Urinary Gatos mantiene el PH de la orina levemente ácido, ayudando a prevenir trastornos en las vías urinarias inferiores.";"Gluten de maíz, maíz, harina de subproductos de pollo, carne de pollo congelada, aceite de pollo y/o grasa vacuna preservados con tocoferoles (fuente de vitamina E), gluten de trigo, fibra de soja, arroz, sal, ácido fosfórico y/o bisulfato de sodio, carbonato de calcio y/o fosfato de calcio, cloruro de potasio, hidrolizado (polvo y/o líquido) a base de subproductos de pollo y/o cerdo, levadura seca Saccharomyces cerevisiae), suplemento vitamínico antioxidante (A, D3, E, K3, B1, B2, B3, B5, B6, B7, B9, B12, BHT), pirofosfato tetrasódico, cloruro de colina, aceite de pescado y/o harina de alga (Schizochytrium sp.), suplementos minerales [(sulfatos: zinc, hierro, manganeso, cobre), (proteinatos y/o glicinatos: zinc, hierro, manganeso, cobre, selenio), yodato de calcio, selenito de sodio], taurina, L-lisina, DL-metionina.";"{""Humedad (máx.)"":""- | 12,0%"",""Proteína Bruta (mín.)"":""40.0% | -"",""Extracto etéreo/Grasa Bruta (mín.)"":""11.0% | -"",""Fibra Bruta (máx.)"":""- | 4.0%"",""Minerales/cenizas (máx.)"":""- | 9.5%"",""Calcio  (mín./máx.)"":""0.90% | 1.4%"",""Fósforo (mín./máx.)"":""0.80% | 1.3%""}";"Imagenes_Alimentos/Purina/gatos/pro-plan/pro-plan-urinary-gatos-veterinary-diets.png";"https://purina.cl/sites/default/files/styles/webp/public/2023-04/purina-pro-plan-veterinay-diets-cat-ur-urinary.png.webp?itok=Bi38FyP1";"https://purina.cl/proplan/dietas-veterinarias/gatos/urinario"
"pro-plan-pro-plan-om-gato-overweight-management-seco";"Purina";"Pro Plan";"gato";"adulto";"Pro Plan® om gato overweight management seco";"1,5 kg";"Ayuda a tu gato a alcanzar un peso saludable con Pro Plan OM Veterinary Diets. Fórmula especializada en el manejo del sobrepeso y obesidad en gatos.";"Gluten de maíz, gluten de trigo, arroz, harina de subproductos de pollo, harina de pescado y/o harina de alga (Schizochytrium sp.), fibra de soja, harina de soja y/o proteína de soja aislada, aceite de pollo y/o grasa vacuna preservados con tocoferoles (fuente de vitamina E), fibra de caña de azúcar y/o celulosa, ácido fosfórico y/o bisulfato de sodio, cloruro de potasio, carbonato de calcio y/o fosfato de calcio, L-lisina, hidrolizado (polvo y/o líquido) a base de subproductos de pollo y/o cerdo, levadura seca (Saccharomyces cerevisiae), suplemento vitamínico antioxidante (A, D3, E, K3, B1, B2, B3, B5, B6, B7, B9, B12, BHT), cloruro de colina, pirofosfato tetrasódico, suplementos minerales [(sulfatos: zinc, hierro, manganeso, cobre), (proteinatos y/o glicinatos: zinc, hierro, manganeso, cobre, selenio), yodato de calcio, selenito de sodio], taurina, sal, ácido ascórbico (fuente de vitamina C), DL-metionina.";"{""Humedad (máx.)"":""- | 12,0%"",""Proteína bruta (mín.)"":""50,0% | -"",""Extracto etéreo/Grasa bruta (mín./máx.)"":""6,0% | 10,0%"",""Fibra cruda (máx.)"":""- | 8,0%"",""Minerales/Cenizas (máx.)"":""- | 8,5%"",""Calcio (mín./máx.)"":""0,90% | 1,5%"",""Fósforo (mín./máx.)"":""0,85% | 1,4%""}";"Imagenes_Alimentos/Purina/gatos/pro-plan/pro-plan-om-gato-overweight-management-seco.png";"https://purina.cl/sites/default/files/styles/webp/public/2023-04/purina-pro-plan-veterinay-diets-cat-om-obesity-management.png.webp?itok=jp-rKIGC";"https://purina.cl/proplan/dietas-veterinarias/gatos/obesidad"
"pro-plan-croquetas-pro-plan-en-gastroenteric-para-gatos";"Purina";"Pro Plan";"gato";"adulto";"Croquetas Pro Plan® en gastroenteric para gatos";"1,5 kg";"Conoce Pro Plan EN gastroenteric Veterinary Diets para gatos, alimento indicado para gatos de todas las razas con enfermedades gástricas.";"Gluten de maíz, carne de pollo congelada, harina de soja y/o proteína de soja aislada, almidón de maíz, harina de subproductos de pollo, harina de pescado, aceite de pollo y/o grasa vacuna preservados con tocoferoles (fuente de vitamina E), aceite de pescado y/o harina de alga (Schizochytrium sp.), arroz, ácido fosfórico y/o bisulfato de sodio, hidrolizado (polvo y/o líquido) a base de subproductos de pollo y/o cerdo, levadura seca (Saccharomyces cerevisiae), cloruro de potasio, suplemento vitamínico antioxidante (A, D3, E, K3, B1, B2, B3, B5, B6, B7, B9, B12, BHT), fibra de caña de azúcar y/o celulosa, pirofosfato tetrasódico, cloruro de colina, suplementos minerales [(sulfatos: zinc, hierro, manganeso, cobre), (proteinatos y/o glicinatos: zinc, hierro, manganeso, cobre, selenio), yodato de calcio, selenito de sodio], taurina, calostro bovino en polvo (fuente natural de anticuerpos), L-lisina, sulfato de magnesio, ácido ascórbico (fuente de vitamina C), carbonato de calcio y/o fosfato de calcio, sal, DL-metionina.";"{""Humedad (máx.)"":""- | 12,0%"",""Proteína Bruta (mín.)"":""50.0% | -"",""Extracto etéreo/Grasa Bruta (mín.)"":""16.0% | -"",""Fibra Bruta (máx.)"":""- | 3,0%"",""Minerales/Cenizas (máx.)"":""- | 8,0%"",""Calcio (mín./máx.)"":""0.95% | 1,4%"",""Fósforo (mín./máx.)"":""0.85% | 1,3%""}";"Imagenes_Alimentos/Purina/gatos/pro-plan/croquetas-pro-plan-en-gastroenteric-para-gatos.png";"https://purina.cl/sites/default/files/styles/webp/public/2023-04/purina-pro-plan-veterinay-diets-cat-en-gastrointestinal.png.webp?itok=C3YwiQwM";"https://purina.cl/proplan/veterinary-diets/gatos/gastroenteric"
"pro-plan-pro-plan-ha-alimento-hidrolizado-para-gatos";"Purina";"Pro Plan";"gato";"adulto";"Pro Plan HA: Alimento hidrolizado para gatos";"3 kg";"Pro Plan HA Gatos Veterinary Diets, alimento hidrolizado para gatos adultos, formulado para el tratamiento de alergias e intolerancias alimentarias.";"Descripción del producto BENEFICIOS: Reduce la inflamación asociada a reacciones alérgicas gracias a la complementación con ácidos grasos omega-3 Ayuda a mantener la integridad epidérmica: contiene ácidos grasos omega-6, zinc y vitamina A añadidos Apoyo en gatos con una función gastroentérica comprometida: digestibilidad de péptidos y en general muy elevada &gt;90% Ayuda a prevenir la formación de urolitos de estruvita y oxalato: RSS y APR metaestables para estruvita y oxalato (beneficio de seguridad urinaria St/Ox añadido) Reduce el daño provocado por radicales libres en las reacciones alérgicas / inflamatorias: vitamina E añadida INDICACIONES: Alimento dietético Hipoalergénico para gatitos y gatos adultos con: Diarrea asociada con desequilibrio de la microflora Enteritis aguda Diarrea asociada con estrés, antibioterapia y cambios en la dieta Mala calidad fecal en gatitos Flatulencia Para favorecer un sistema inmunológico fuerte y saludable";"{""Humedad (máx.)"":""- | 12,0 %"",""Proteína bruta (mín.)"":""31,0 % | -"",""Extracto Etéreo/Grasa bruta (mín.)"":""10,0% | -"",""Fibra bruta (máx.)"":""- | 3,0 %"",""Minerales/Cenizas (máx.)"":""- | 8,5%"",""Calcio (mín./máx.)"":""1,0% | 1,4%"",""Fósforo (mín./máx.)"":""0,9% | 1,3%""}";"Imagenes_Alimentos/Purina/gatos/pro-plan/pro-plan-ha-alimento-hidrolizado-para-gatos.png";"https://purina.cl/sites/default/files/styles/webp/public/2022-10/ProPlan-Hydrolyzed-Gato-Front_0.png.webp?itok=TSu2esa7";"https://purina.cl/proplan/dietas-veterinarias/gatos/hydrolizado"
"pro-plan-pro-plan-carne-para-perros-adultos";"Purina";"Pro Plan";"perro";"adulto";"Pro Plan® carne para perros adultos";"85 g";"Pro Plan Carne en salsa es alimento húmedo 100% completo para perros adultos, mayores de 1 año. Desarrollada por veterinarios. ¡Conoce más aquí!";"Agua suficiente para proceso, carne de res, carne y/o carcasa de pollo, gluten de trigo y/o harina soya, hígado y/o corazón de pollo e/o hígado y/o vísceras de cerdo, almidón de maíz, glicina, dextrosa, harina de alga (Schizochytrium sp.) y/o aceite de pescado, fosfato y/o carbonato de calcio, sal*, vitaminas [A, D3, E, K3, mononitrato de tiamina (B1), riboflavina (B2), niacina (B3), pantotenato de calcio (B5), hidrocloruro de piridoxina (B6), biotina (B7) ácido fólico (B9), cianocobalamina (B12), cloruro de colina], cloruro de potasio, spirulina, minerales [(sulfatos: zinc, hierro, manganeso, cobre), minerales de alta absorción (proteinatos/glicinatos: zinc, hierro, manganeso, cobre, selenio), yodato de calcio, selenito de sodio], pirofosfato tetrasódico y/o difosfato trisódico, pulpa de remolacha, taurina. *Cloruro de sodio (sal) (mín./máx.) 0,1% / 0,6%";"{}";"Imagenes_Alimentos/Purina/perros/pro-plan/pro-plan-carne-para-perros-adultos.jpg";"https://purina.cl/sites/default/files/styles/webp/public/2022-11/purina-pro-plan-adult-carne-en-salsa-brasil.jpg.webp?itok=GDHUCskZ";"https://purina.cl/proplan/perros/adultos/carne-en-salsa"
"pro-plan-lata-pro-plan-adulto-para-perros-de-pollo-y-arroz";"Purina";"Pro Plan";"perro";"adulto";"Lata Pro Plan® adulto para perros de pollo y arroz";"368,5 g";"Lata Pro Plan Adulto de pollo y arroz, alimento húmedo completo y balanceado para perros de todas las razas. Con aporte de vitaminas y minerales.";"Carne de pollo, agua suficiente para proceso, hígado de cerdo, vísceras de cerdo, arroz, goma guar, cloruro de potasio, sal, carragenina, colorante (dióxido de titanio), carbonato de calcio, suplemento de vitamina E, sulfato de zinc, sulfato ferroso, cloruro de colina, niacina, mononitrato de tiamina, sulfato de cobre, pantotenato de calcio, sulfato de manganeso, hidrocloruro de piridoxina, suplemento de vitamina B12, suplemento de riboflavina, suplemento de vitamina A, ácido fólico, suplemento de vitamina D3, biotina, ioduro de potasio, selenito de sodio.";"{""Proteína Cruda"":""9,0% | -"",""Grasa Cruda"":""6,0% | -"",""Fibra Cruda"":""- | 1,5%"",""Humedad"":""- | 78,0%""}";"Imagenes_Alimentos/Purina/perros/pro-plan/lata-pro-plan-adulto-para-perros-de-pollo-y-arroz.png";"https://purina.cl/sites/default/files/styles/webp/public/2022-10/Purina%20Pro%20Plan%C2%AE%20Adult%20Pollo%20y%20Arroz.png.webp?itok=tbJvc_Gp";"https://purina.cl/proplan/perros/adultos/pollo-y-arroz"
"pro-plan-alimento-para-perro-pro-plan-senior-carne-y-arroz";"Purina";"Pro Plan";"perro";"senior";"Alimento para perro Pro Plan® senior carne y arroz";"368,5 g";"Pro Plan Adult 7+ con Carne y Arroz, provee nutrición avanzada que ayuda a los perros adultos mayores a mantenerse fuertes y llenos de vitalidad.";"Agua suficiente para proceso, carne de res, carne de ave (pollo y/o pavo), vísceras de cerdo, gluten de trigo, arroz, almidón de maíz modificado, colorantes (caramelo, óxido de hierro), cloruro de potasio, fosfato de calcio, sal, suplemento de Vitamina E, L-ascorbil-2-polifosfato (fuente de Vitamina C), cloruro de colina, carbonato de calcio, sulfato de zinc, sulfato ferroso, niacina, sulfato de cobre, mononitrato de tiamina, sulfato de manganeso, pantotenato de calcio, clorhidrato de piridoxina, suplemento de Vitamina B12, suplemento de riboflavina, suplemento de Vitamina A, ioduro de potasio, ácido fólico, suplemento de Vitamina D3, biotina, selenito de sodio.";"{""Proteína Cruda"":""10,0% | -"",""Grasa Cruda"":""3,0% | -"",""Fibra Cruda"":""- | 1,5%"",""Humedad"":""- | 82,0%"",""Vitamina E"":""100 UI/kg | -"",""Calcio"":""1.0% | 1.4%"",""Ácido Ascórbico"":""20 mg/kg | -""}";"Imagenes_Alimentos/Purina/perros/pro-plan/alimento-para-perro-pro-plan-senior-carne-y-arroz.png";"https://purina.cl/sites/default/files/styles/webp/public/2022-10/Purina%C2%AE%20Proplan%C2%AE%20Adult%207%2B.png.webp?itok=MNZ07O5J";"https://purina.cl/proplan/perros/mente-activa/carne-arroz"
"pro-plan-active-mind-pollo-en-salsa";"Purina";"Pro Plan";"perro";"adulto";"Active Mind Pollo en salsa";"85 g";"Conoce Pro Plan Mente Activa Pollo en salsa es alimento húmedo 100% completo y balancedo para perros mayores a 7 años. Con Tecnología Optiage®";"Agua suficiente para proceso, carne de pollo, sardina y/o carne de salmón y/o carcasa de pollo, gluten de trigo y/o harina de soya, almidón de maíz, hígado y/o corazón de pollo e/o hígado y/o vísceras de cerdo, aceite vegetal de triglicéridos de cadena media (MCT), fosfato y/o carbonato de calcio, glicina, dextrosa, sal*, pulpa de remolacha, vitaminas [A, D3, E, K3, mononitrato de tiamina (B1), riboflavina (B2), niacina (B3), pantotenato de calcio (B5), hidrocloruro de piridoxina (B6), biotina (B7) ácido fólico (B9), cianocobalamina (B12), cloruro de colina], pirofosfato tetrasódico y/o difosfato trisódico, cloruro de potasio, minerales [(sulfatos: zinc, hierro, manganeso, cobre), minerales de alta absorción (proteinatos/glicinatos: zinc, hierro, manganeso, cobre, selenio), yodato de calcio, selenito de sodio], taurina. *Cloruro de sodio (sal) (mín./máx.) 0,1% / 0,6%";"{""Proteína cruda"":""12,2% | -"",""Grasa cruda / Extracto etéreo"":""2,0% | -"",""Fibra cruda"":""- | 1,0%"",""Humedad"":""- | 79,0%"",""Cenizas/Minerales"":""- | 3,0%"",""Calcio"":""0,15% | 0,50%"",""Fósforo"":""0,15% | 0,40%"",""Energía metabolizable (calculada): 87 kcal/"":""-""}";"Imagenes_Alimentos/Purina/perros/pro-plan/active-mind-pollo-en-salsa.jpg";"https://purina.cl/sites/default/files/styles/webp/public/2022-11/purina-pro-plan-pouch-perro-active-mind.jpg.webp?itok=jX6wxX_i";"https://purina.cl/proplan/perros/active-mind/pollo-en-salsa"
"pro-plan-sensitive-skin-cordero-puppy";"Purina";"Pro Plan";"perro";"cachorro";"Sensitive Skin Cordero Puppy";"15 kg";"Sensitive Skin Cordero Puppy Todas las Razas está formulado con una fuente de proteína alternativa, que minimiza el riesgo de irritación de la piel | Pro Plan Chile";"Carne de cordero congelada, maíz, gluten de maíz, arroz, harina de pescado, aceite de pollo y/o grasa vacuna preservados con tocoferoles (fuente de vitamina E), hidrolizado (en polvo y/o líquido) a base de subproductos de pollo y/o cerdo, avena y/o cebada, sal, levadura seca de cervecería (Saccharomyces cerevisiae spp.), pulpa de remolacha, L-lisina, zeolita, suplemento vitamínico antioxidante (A, D3, E, K3, B1, B2, B3, B5, B6, B7, B9, B12, BHT), aceite de pescado y/o harina de alga (Schizochytrium sp.), cloruro de potasio, sorbato de potasio, suplementos minerales [(sulfatos: zinc, hierro, manganeso, cobre, magnesio), (proteinatos: zinc, hierro, manganeso, cobre, selenio), yodato de calcio, selenito de sodio], cloruro de colina, ácido ascórbico (fuente de vitamina C), carbonato y/o fosfato cálcico, L-treonina, DL-metionina, L-triptófano.";"{""Proteína Bruta"":""29,0% | -"",""Grasa Bruta"":""18,0% | -"",""Fibra Bruta"":""- | 3,0%"",""Humedad"":""- | 12,0%"",""Minerales"":""- | 8,5%"",""Calcio"":""1,0% | 1,5%"",""Fósforo"":""0,9% | 1,4%"",""Energía metabolizable:"":""4.080 kcal/kg | -""}";"Imagenes_Alimentos/Purina/perros/pro-plan/sensitive-skin-cordero-puppy.png";"https://purina.cl/sites/default/files/styles/webp/public/2022-12/purina-pro-plan-perros-sensitive-skin-cordero-puppy-todos-los-tama%C3%B1os.png.webp?itok=aZvKMmnB";"https://purina.cl/proplan/perros/piel-sensible/cachorros-con-cordero"
"pro-plan-lata-pro-plan-sensitive-skin-salmon-y-arroz";"Purina";"Pro Plan";"perro";"adulto";"Lata Pro Plan® sensitive skin salmón y arroz";"368,5 g";"Lata Pro Plan Sensitive Skin Salmón y Arroz es alimento húmedo completo y balanceado para perros adultos con piel sensible. ¡Conoce más aquí!";"Agua suficiente para proceso, carne de salmón, arroz, carne de pescado, proteína de papa, aceite de maíz, zanahoria, inulina, cloruro de potasio, carragenina, goma garrofin, goma xantana, goma guar, fosfato tricálcico, cloruro de colina, suplemento de vitamina E, sulfato de zinc, sulfato ferroso, mononitrato de tiamina, niacina, sulfato de cobre, sulfato de manganeso, pantotenato de calcio, hidrocloruro de piridoxina, suplemento de vitamina B12, suplemento de riboflavina, suplemento de vitamina A, ioduro de potasio, ácido fólico, suplemento de vitamina D3, biotina, selenito de sodio.";"{""Proteína Cruda"":""7,0% | -"",""Grasa Cruda"":""5,0% | -"",""Fibra Cruda"":""- | 1,5%"",""Humedad"":""- | 78,0%"",""Ácido Linoleico"":""0,60% | -""}";"Imagenes_Alimentos/Purina/perros/pro-plan/lata-pro-plan-sensitive-skin-salmon-y-arroz.png";"https://purina.cl/sites/default/files/styles/webp/public/2022-10/Purina%C2%AE%20Proplan%C2%AE%20Sensitive%20Skin%20Salmon%20y%20Arroz.png.webp?itok=Pxg3osf4";"https://purina.cl/proplan/perros/piel-sensible/salmon-y-arroz"
"pro-plan-exigent-razas-pequenas";"Purina";"Pro Plan";"perro";"adulto";"Exigent Razas Pequeñas";"3 kg, 7,5 kg";"Exigent Razas Pequeñas provee nutrición que podrás percibir por medio de un pelaje sano. Formulado con VitaComplex-7 | Pro Plan Chile";"Carne de pollo congelada, maíz, harina de subproductos de pollo, gluten de maíz, aceite de pollo y/o grasa vacuna preservados con tocoferoles (fuente de vitamina E), trigo, arroz, hidrolizado a base de subproductos de pollo y/o cerdo, sal, cloruro de potasio, carbonato y/o fosfato cálcico, pulpa de remolacha, suplementos minerales [(sulfatos: zinc, hierro, manganeso, cobre, magnesio), (proteinatos: zinc, hierro, manganeso cobre, selenio), yodato de calcio, selenito de sodio], zeolita, aceite de pescado, y/o harina de alga (Schizochytrium sp.), suplemento vitamínico antioxidante, (A, D3, E, K3, B1, B2, B3, B5, B6, B7, B9, B12, BHT), sorbato de potasio, pirofosfato tetrasódico, cloruro de colina, L-lisina, levadura seca (Saccharomyces cerevisiae ssp.), taurina, ácido ascórbico (fuente de vitamina C), DL-metionina, L-cisteína, L-triptófano.";"{""Proteína cruda"":""31,0% | -"",""Extracto etéreo / Grasa cruda"":""20,0% | -"",""Fibra cruda"":""- | 3,0 %"",""Humedad"":""- | 12,0%"",""Minerales / Cenizas"":""- | 9,0%"",""Calcio"":""1,1% | 1,8%"",""Fósforo"":""0,80% | 1,3%"",""ENERGÍA METABOLIZABLE (CALCULADA): 4,150 kc"":""- | -""}";"Imagenes_Alimentos/Purina/perros/pro-plan/exigent-razas-pequenas.png";"https://purina.cl/sites/default/files/styles/webp/public/2022-10/ProPlan-Exigent-RazasPequenas-01.png.webp?itok=8ehzpze9";"https://purina.cl/proplan/perros/exigent/razas-pequenas"
"pro-plan-lata-pro-plan-gatos-kitten-pollo-amp-higado";"Purina";"Pro Plan";"gato";"cachorro";"Lata Pro Plan® gatos kitten pollo &amp; hígado";"85 g";"Lata Pro Plan Gatos es alimento húmedo completo y balanceado para gatos en crecimiento. Con proteína de pollo e hígado de alta calidad. ¡Conoce más!";"Carne de pollo, hígado de cerdo, carne de pescado, vísceras de cerdo, agua suficiente para proceso, saborizantes naturales y artificiales, fosfato de calcio, arroz, goma guar, cloruro de potasio, colorante (dióxido de titanio), sal, taurina, mononitrato de tiamina, sulfato de zinc, suplemento de vitamina E, sulfato ferroso, niacina, sulfato de cobre, pantotenato de calcio, sulfato de manganeso, suplemento de vitamina A, complejo sódico de bisulfito de menadiona (fuente de actividad de vitamina K), hidrocloruro de piridoxina, suplemento de riboflavina, suplemento de vitamina B12, biotina, ácido fólico, suplemento de vitamina D3, ioduro de potasio.";"{""Proteína Cruda"":""12,0% | -"",""Grasa Cruda"":""6,0% | -"",""Fibra Cruda"":""- | 1,5%"",""Humedad"":""- | 76,5%"",""Cenizas"":""- | 3,5%"",""Taurina"":""0,05% | -""}";"Imagenes_Alimentos/Purina/gatos/pro-plan/lata-pro-plan-gatos-kitten-pollo-amp-higado.png";"https://purina.cl/sites/default/files/styles/webp/public/2023-02/pro-plan-kitten-pollo-%26-higado.png.webp?itok=2I02J-nS";"https://purina.cl/proplan/gatos/gatitos/pollo-higado"
"pro-plan-alimento-seco-para-gatos-adultos-pro-plan-liveclear";"Purina";"Pro Plan";"gato";"adulto";"Alimento seco para gatos adultos Pro Plan® liveclear";"3 kg";"Conoce Pro Plan LiveClear, alimento para gatos adultos de 1 a 7 años que reduce significativamente los alérgenos en pelo del gato. ¡Conoce más!";"Gluten de maíz, arroz, harina de subproductos de pollo, carne de pollo congelada, maíz, trigo, aceite de pollo y/o grasa vacuna preservados con tocoferoles (fuente de vitamina E), ácido fosfórico y/o bisulfato de sodio, fibra de soja, sal, carbonato y/o fosfato cálcico, hidrolizado (polvo y/o líquido) a base de subproductos de pollo y/o cerdo, cloruro de potasio, suplemento proteico de huevo en polvo, pirofosfato tetrasódico, cloruro de colina, aceite de pescado y/o harina de alga (Schizochytrium sp.), suplemento vitamínico antioxidante (A, D3, E, K3, B1, B2, B3, B5, B6, B7, B9, B12, BHT), suplementos minerales [(sulfatos: zinc, hierro, manganeso, cobre), (proteinatos: zinc, hierro, manganeso, cobre, selenio), yodato de calcio, selenito de sodio], taurina, levadura seca (Saccharomyces cerevisiae ssp.), L-lisina, DL-metionina, ácido ascórbico (fuente de vitamina C).";"{""Humedad"":""- | 12,0%"",""Proteína bruta"":""36,0% | -"",""Extracto etéreo / grasa bruta"":""14,0% | -"",""Fibra bruta"":""- | 3,0%"",""Minerales/Cenizas"":""- | 8,5%"",""Calcio"":""0,80% | 1,4%"",""Fósforo"":""0,80% | 1,4%"",""Energía metabolizable (calculada): 3.950 kcal/kg"":""- | -""}";"Imagenes_Alimentos/Purina/gatos/pro-plan/alimento-seco-para-gatos-adultos-pro-plan-liveclear.png";"https://purina.cl/sites/default/files/styles/webp/public/2022-10/ProPlan-Liveclear-01.png.webp?itok=tm_93LkE";"https://purina.cl/proplan/gatos/liveclear"
"pro-plan-pro-plan-cn-perros-convalescence-veterinary-diets";"Purina";"Pro Plan";"perro";"adulto";"Pro Plan® cn perros convalescence veterinary diets";"156 g";"Pro Plan CN Veterinary Diets Convalescence Canine es alimento húmedo para perros adultos que provee nutrientes en períodos de convalescencia.";"Agua suficiente para el proceso, subproductos de carne, subproductos de aves, carne, hígado, aceite de maíz, harina de arroz, salmón, saborizantes naturales y artificiales, fosfato tricalcico, cloruro de potasio, goma guar, fibra de avena, sulfato de calcio, sulfato de magnesio, cloruro de colina, dl-metionina, taurina, suplemento de Vit. E, sulfato de zinc, mononitrato de tiamina: (Vit. B1), sulfato ferroso, niacina (Vit. B3), sulfato de cobre, pantotenato de calcio (Vit. B5), suplemento de Vit. A, sulfato de manganeso, complejo bisulfito de menadiona sódica (Vit. K9, hidrocloruro de piridoxina (Vit. B6), suplemento de riboflavina (Vit. B2), suplemento de Vit. B12, biotina (Vit. B7), ioduro de potasio, ácido fólico (Vit. B9), suplemento de Vit. D3, selenito-de sodio.";"{""Proteína Cruda"":""9,5% | -"",""Grasa Cruda"":""7,5% | -"",""Fibra cruda"":""- | 1,5%"",""Humedad"":""- | 75,0%""}";"Imagenes_Alimentos/Purina/perros/pro-plan/pro-plan-cn-perros-convalescence-veterinary-diets.png";"https://purina.cl/sites/default/files/styles/webp/public/2022-10/Veterinary-Diets-convalescence-feline%20%281%29.png.webp?itok=Hegljn86";"https://purina.cl/proplan/veterinary-diets/perros/convalescence"
"pro-plan-pro-plan-nf-lata-perros-con-problemas-renales";"Purina";"Pro Plan";"perro";"adulto";"Pro Plan® nf lata perros con problemas renales";"226 g";"Pro Plan NF lata de Veterinary Diets Kindney Function Canine Húmedo es alimento para perros adultos con enfermedad renal. Conoce más aquí.";"Almidón, proteína de soya aislada hidrolizada, aceite vegetal, fosfato dicálcico, fibra de avena, celulosa en polvo, aceite de canola parcialmente hidrogenado preservado con TBHQ, cloruro de potasio, goma guar, lecitina, aceite de maíz, cloruro de colina, óxido de magnesio, DL-metionina, sal, taurina, suplemento de vitamina E, sulfato de zinc, niacina, sulfato ferroso, carbonato de calcio, sulfato de manganeso, suplemento de vitamina A, pantotenato de calcio, mononitrato de tiamina, suplemento de riboflavina, suplemento de vitamina B-12, sulfato de cobre, hidrocloruro de piridoxina, ácido fólico, suplemento de vitamina D-3, aceite de ajo, biotina, complejo sódico de busulfito de menadiona (fuente de actividad y vitamina K), yodato de calcio, selenito de sodio.";"{""Proteína Cruda"":""16,0% | -"",""Grasa Cruda"":""7,5% | -"",""Fibra Cruda"":""- | 5,0%"",""Humedad"":""- | 12,0%""}";"Imagenes_Alimentos/Purina/perros/pro-plan/pro-plan-nf-lata-perros-con-problemas-renales.jpg";"https://purina.cl/sites/default/files/styles/webp/public/2022-11/PURINA%C2%AE-PROPLAN%C2%AE-VETERINARY-DIETS-NF-WET.jpg.webp?itok=U6hhBOUM";"https://purina.cl/proplan/veterinary-diets/perros/renal-humedo"
"pro-plan-alimento-humedo-pro-plan-gastroenteric";"Purina";"Pro Plan";"perro";"adulto";"Alimento húmedo Pro Plan® gastroenteric";"680 g";"Pro Plan Gastroenteric, es una fórmula canina como soporte para el control del intestino delgado. Digestibilidad elevada para la absorción de nutrientes.";"Harina de trigo, celulosa en polvo, harina de subproductos de pollo, fosfato mono y dicálcico, levadura de cervecería (inactiva), gluten de trigo, lecitina, carbonato de calcio, monohidrocloruro de L-lisina, sal, colorante (caramelo), DL-metionina, cloruro de colina, sulfato de zinc, sulfato ferroso, suplemento de vitamina E, sulfato de manganeso, niacina, suplemento de vitamina A, aceite de ajo, sulfato de cobre, pantotenato de calcio, hidrocloruro de piridoxina, suplemento de vitamina B-12, mononitrato de tiamina, suplemento de vitamina D-3, suplemento de riboflavina, iodato de calcio, complejo sódico de bisulfito de menadiona (fuente de actividad de vitamina K), ácido fólico, biotina, selenito de sodio.";"{""Proteína Cruda"":""16,0% | -"",""Grasa Cruda"":""3,0% | 6,0%"",""Fibra cruda"":""- | 13,0%"",""Humedad"":""- | 12,0%""}";"Imagenes_Alimentos/Purina/perros/pro-plan/alimento-humedo-pro-plan-gastroenteric.jpg";"https://purina.cl/sites/default/files/styles/webp/public/2022-11/PURINA%C2%AE-PROPLAN%C2%AE-VETERINARY-DIETS-EN-WET_0.jpg.webp?itok=RCk4C7bv";"https://purina.cl/proplan/dietas-veterinarias/perros/gastroenteric-humedo"
"pro-plan-veterinary-diets-convalescence-feline";"Purina";"Pro Plan";"gato";"adulto";"Veterinary Diets convalescence feline";"156 g";"Pro Plan Veterinary Diets Convalescense Feline es alimento para gatos adultos que provee nutrientes y ayuda a pasar períodos de convalecencia.";"Agua suficiente para proceso, vísceras de cerdo, carne de res, hígado de cerdo, vísceras de pollo y/o pavo, aceite de maíz, harina de arroz, sabores naturales y artificiales, fosfato tricálcico, cloruro de potasio, goma guar, fibra de avena, sulfato de calcio, sulfato de magnesio, cloruro de colina, DL-Metionina, taurina, suplemento de vitamina E, sulfato de zinc, fosfato mono y dicálcico, mononitrato de tiamina, sulfato ferroso, niacina, sulfato de cobre, pantotenato de calcio, suplemento de vitamina A, sulfato de manganeso, complejo sódico de bisulfito de menadiona (fuente de actividad de Vitamina K), hidrocloruro de piridoxina, suplemento de riboflavina, suplemento de vitamina B-12, biotina, ioduro de potasio, ácido fólico, suplemento de vitamina D-3, selenito de sodio.";"{""Proteína Cruda"":""9,5% | -"",""Grasa Cruda"":""7,5% | -"",""Fibra cruda"":""- | 0,3%"",""Humedad"":""- | 75,0%""}";"Imagenes_Alimentos/Purina/gatos/pro-plan/veterinary-diets-convalescence-feline.png";"https://purina.cl/sites/default/files/styles/webp/public/2022-10/Veterinary-Diets-convalescence-feline%20%281%29.png.webp?itok=Hegljn86";"https://purina.cl/proplan/veterinary-diets/gatos/humedo/convalescence"
"pro-plan-veterinary-diets-gastroenteric-humedo";"Purina";"Pro Plan";"gato";"adulto";"Veterinary Diets Gastroenteric Húmedo";"156 g";"Pro Plan Veterinary Diets Gastroenteric apoya las necesidades nutricionales únicas de los gatos con condiciones Gastrointestinales | Pro Plan Chile";"Vísceras de cerdo, agua suficiente para proceso, hígado de cerdo, arroz, corazón de pollo, proteína aislada de soya, carne de pavo, cascarilla de avena, gluconato de calcio, sabor cárnico artificial y natural, aceite de pescado, inulina, goma guar, fosfato tricálcico, cloruro de potasio, bisulfato de sodio. , taurina, sal, sulfato de magnesio, fosfato mono y dicálcico, suplemento de vitamina E, carragenina, sulfato de zinc, sulfato ferroso, mononitrato de tiamina (vitamina B-1), niacina (vitamina B-3), sulfato de cobre, sulfato de manganeso, pantotenato de calcio (vitamina B-5), suplemento de vitamina A, complejo sódico de bisulfito de menadiona (vitamina K), hidrocloruro de piridoxina (vitamina B-6), suplemento de riboflavina (vitamina B-2), suplemento de vitamina B-12, biotina (vitamina B-7), ácido fólico (vitamina B-9), yoduro de potasio, suplemento de vitamina D-3.";"{""Proteína Cruda"":""9.50 % | -"",""Grasa Cruda"":""4.00 % | -"",""Fibra cruda"":""- | 2.00 %"",""Humedad"":""- | 78.00 %"",""Minerales/Cenizas"":""- | 7.50%"",""Calcio"":""0.22% | -"",""Fósforo"":""0.20% | -""}";"Imagenes_Alimentos/Purina/gatos/pro-plan/veterinary-diets-gastroenteric-humedo.png";"https://purina.cl/sites/default/files/styles/webp/public/2022-10/Veterinary-Diets-Gastroenteric-H%C3%BAmedo.png.webp?itok=NHaXrlsj";"https://purina.cl/proplan/veterinary-diets/gatos/humedo/gastroenteric"
"pro-plan-purina-pro-plan-adulto-raza-mediana";"Purina";"Pro Plan";"perro";"adulto";"Purina Pro Plan Adulto Raza Mediana";"3 kg, 15 kg";"Descubre Purina Pro Plan Adulto Raza Mediana, alimento para perros que provee nutrición avanzada, ayudándolos a mantenerse fuertes y sanos con Pro Plan.";"Carne de pollo congelada, maíz, harina de subproductos de pollo, trigo, arroz, gluten de maíz, aceite de pollo y/o grasa vacuna preservados con tocoferoles (fuente de vitamina E), hidrolizado a base de subproductos de pollo y/o cerdo, sal, carbonato y/o fosfato cálcico, pulpa de remolacha, cloruro de potasio, zeolita, aceite de pescado y/o harina de alga (Schizochytrium sp.), suplemento vitamínico antioxidante (A, D3, E, K3, B1, B2, B3, B5, B6, B7, B9, B12, BHT), sorbato de potasio, spirulina (Arthrospira platensis), cloruro de colina, suplementos minerales [(sulfatos: zinc, hierro, manganeso, cobre, magnesio),(proteinatos: zinc, hierro, manganeso, cobre, selenio), yodato de calcio, selenito de sodio], levadura seca (Saccharomyces cerevisiae ssp.), L-lisina, DL-metionina, ácido ascórbico (fuente de vitamina C).";"{""Proteína Cruda"":""26.0% | -"",""Grasa Cruda"":""15.0% | -"",""Fibra Cruda"":""- | 3.0%"",""Humedad"":""- | 12.0%"",""Cenizas"":""- | 8.5%"",""Calcio"":""0.9% | 1.6%"",""Fósforo"":""0.80% | 1.3%"",""Energía metabolizable (calculada): 3,980 Kcal/kg"":""- | -""}";"Imagenes_Alimentos/Purina/perros/pro-plan/purina-pro-plan-adulto-raza-mediana.png";"https://purina.cl/sites/default/files/styles/webp/public/2022-10/razas-medianas-1-proplan.png.webp?itok=ICVy0yTw";"https://purina.cl/proplan/perros/adultos/razas-medianas"
"pro-plan-pro-plan-cachorros-pollo-y-arroz";"Purina";"Pro Plan";"perro";"cachorro";"Pro Plan® cachorros pollo y arroz";"368,5 g";"Pro Plan Cachorros Pollo y Arroz es alimento húmedo completo y balanceado para perros en crecimiento de todas las razas. ¡Conoce más aquí!";"Carne de pollo, hígado de cerdo, vísceras de cerdo, agua suficiente para proceso, carne de salmón, arroz, goma guar, cloruro de potasio, sal, carragenina, cloruro de colina, colorante (dióxido de titanio), carbonato de calcio, suplemento de vitamina E, sulfato de zinc, sulfato ferroso, niacina, mononitrato de tiamina, sulfato de cobre, pantotenato de calcio, sulfato de manganeso, hidrocloruro de piridoxina, suplemento de vitamina B12, suplemento de riboflavina, suplemento de vitamina A, ácido fólico, suplemento de vitamina D3, biotina, ioduro de potasio, selenito de sodio";"{""Proteína Cruda"":""10,0% | -"",""Grasa Cruda"":""7,0% | -"",""Fibra Cruda"":""- | 1,5%"",""Humedad"":""- | 76,0%""}";"Imagenes_Alimentos/Purina/perros/pro-plan/pro-plan-cachorros-pollo-y-arroz.png";"https://purina.cl/sites/default/files/styles/webp/public/2022-10/Purina%C2%AE%20Proplan%C2%AE%20Puppy%20pollo%20y%20arroz.png.webp?itok=eJBJSZAA";"https://purina.cl/proplan/perros/cachorros/pollo-arroz"
"pro-plan-pro-plan-pollo-y-arroz-para-gato-adulto";"Purina";"Pro Plan";"gato";"adulto";"Pro Plan® pollo y arroz para gato adulto";"85 g";"Pro Plan Pollo y Arroz para Gato Adulto, es alimento húmedo para gatos que sirve para cuidar su tracto gastrointestinal y dermatológico. Descúbrelo";"";"{""Proteína Cruda (Mín.)"":""10,0% | -"",""Grasa Cruda (Mín.)"":""2,0% | -"",""Fibra Cruda (Máx.)"":""- | 1,5%"",""Humedad (Máx.)"":""- | 82,0%"",""Cenizas (Máx.)"":""- | 3,0%"",""Taurina (Mín.)"":""0,05% | -""}";"Imagenes_Alimentos/Purina/gatos/pro-plan/pro-plan-pollo-y-arroz-para-gato-adulto.png";"https://purina.cl/sites/default/files/styles/webp/public/2023-02/pro-plan-cat-adult-pollo-%26-arroz.png.webp?itok=bXPiSav2";"https://purina.cl/proplan/gatos/adult/pollo-y-arroz"
"gati-gati-adultos-sabor-carne-y-pollo-a-la-jardinera";"Purina";"Gati";"gato";"adulto";"Gati® adultos sabor carne y pollo a la jardinera";"15 kg";"Alimento seco Gati Adultos sabor Carne y Pollo a la Jardinera. Inspirado en recetas caseras con doble proteína para mas palatabilidad. ¡Conoce más!";"Maíz, harina de soya, afrechillo de trigo, harina de subproductos de pollo, harina de carne y hueso bovino, sebo vacuno, gluten de maíz, cloruro de sodio, bisulfato de sodio, carbonato de calcio, hidrolizado de vísceras de pollo y/o cerdo en polvo, cloruro de colina, suplemento vitamínico antioxidante, suplementos minerales quelados, taurina, arveja deshidratada, zanahoria deshidratada, espinaca deshidratada, DL-metionina. SMAV1F2229 Eventuales sustitutos: Trigo, sorgo, arroz, fibra de soya, pulpa de remolacha, celulosa, pared celular de levadura (Saccharomyces cerevisiae), harina de subproductos de pavo, harina de carne y hueso de cerdo, harina de pescado, harina de salmón, harina de carne y hueso animal (cerdo y bovino), harina de plumas de pollo, aceite de pollo, grasa animal (cerdo y bovino), ácido fosfórico, fosfato de calcio, L-lisina, L-treonina, L-triptófano, vitamina C, vitamina E, inulina, cloruro de potasio, tomate deshidratado, levadura de cerveza (Saccharomyces cerevisiae), harina de alga (Schizochytrium sp), leche en polvo bovina, zeolita, harina de cordero, huevo en polvo, colorantes naturales";"{""Proteína Cruda"":""26.0% | -"",""Grasa Cruda"":""9.0% | -"",""Humedad"":""- | 12.0%"",""Fibra Cruda"":""- | 5.5%"",""Cenizas"":""- | 9,5%"",""Calcio"":""1,1% | 1,7%"",""Fósforo"":""0,9% | 1,5%""}";"Imagenes_Alimentos/Purina/gatos/gati/gati-adultos-sabor-carne-y-pollo-a-la-jardinera.png";"https://purina.cl/sites/default/files/styles/webp/public/2023-06/big-purina-gati-dry-carne-_-pollo-a-la-jardinera.png.webp?itok=doDTiy6-";"https://purina.cl/gati/adultos/sabor-carne-pollo-a-la-primavera"
"gati-gati-gatitos-mix-de-carnes-verduritas-y-leche-y-otras-proteinas";"Purina";"Gati";"gato";"cachorro";"Gati® gatitos mix de carnes, verduritas y leche y otras proteínas";"1 kg, 15 kg";"Alimento seco Gati Gatitos Mix de Carnes, Verduritas y Leche. Inspirado en recetas caseras con mix de ingredientes. ¡conoce el producto aquí!";"";"{""Proteína Cruda"":""31.0% | -"",""Grasa Cruda"":""12.0% | -"",""Humedad"":""- | 12.0%"",""Fibra Cruda"":""- | 4.0%"",""Cenizas"":""- | 9,5%"",""Calcio"":""1,1% | 1,7%"",""Fósforo"":""1% | 1,6%""}";"Imagenes_Alimentos/Purina/gatos/gati/gati-gatitos-mix-de-carnes-verduritas-y-leche-y-otras-proteinas.png";"https://purina.cl/sites/default/files/styles/webp/public/2023-03/Purina-Gati-mix-de-carnes-verduritas-y-leche-chile.png.webp?itok=qVLqHwqL";"https://purina.cl/gati/gatitos-sabor-mix-de-carnes"
"gati-gati-pescado-y-salmon-a-la-primavera-para-gatos-adultos";"Purina";"Gati";"gato";"adulto";"Gati® pescado y salmón a la primavera para gatos adultos";"1 kg, 3 kg, 8 kg, 15 kg";"Alimento seco Gati Pescado y salmón a la primavera para gatos adultos. Inspirado en recetas caseras con doble proteína para mayor palatabilidad.";"Maíz, harina de soya, afrechillo de trigo, harina de subproductos de pollo, harina de carne y hueso bovino, sebo vacuno, gluten de maíz, cloruro de sodio, bisulfato de sodio, harina de pescado, harina de salmón, harina de plumas de pollo, carbonato de calcio, hidrolizado de vísceras de pollo y/o cerdo en polvo, cloruro de colina, suplemento vitamínico antioxidante, suplementos minerales quelados, taurina, zanahoria deshidratada, espinaca deshidratada, DL-metionina. SMAV1F3230 Eventuales sustitutos: Trigo, sorgo, arroz, fibra de soya, pulpa de remolacha, celulosa, pared celular de levadura (Saccharomyces cerevisiae), harina de subproductos de pavo, harina de carne y hueso de cerdo, harina de carne y hueso animal (cerdo y bovino), aceite de pollo, grasa animal (cerdo y bovino), ácido fosfórico, fosfato de calcio, L-lisina, L-treonina, L-triptófano, vitamina C, vitamina E, inulina, cloruro de potasio, tomate deshidratado, arveja deshidratada, levadura de cerveza (Saccharomyces cerevisiae), harina de alga (Schizochytrium sp), leche en polvo bovina, zeolita, harina de cordero, huevo en polvo, colorantes naturales.";"{""Proteína Cruda"":""26.0% | -"",""Grasa Cruda"":""9.0% | -"",""Humedad"":""- | 12.0%"",""Fibra Cruda"":""- | 5.5%"",""Cenizas"":""9,5%"",""Calcio"":""1,1% | 1,7%"",""Fósforo"":""0,9% | 1,5%""}";"Imagenes_Alimentos/Purina/gatos/gati/gati-pescado-y-salmon-a-la-primavera-para-gatos-adultos.png";"https://purina.cl/sites/default/files/styles/webp/public/2023-03/Purina-Gati-pescado-y-salmon-a-la-primavera-chile_0.png.webp?itok=TrxEGoBl";"https://purina.cl/gati/adultos/sabor-pescado-salmon-a-la-primavera"
"fancy-feast-fancy-feast-terrine-pavo-con-un-delicioso-pate";"Purina";"Fancy Feast";"gato";"adulto";"Fancy Feast® terrine pavo con un delicioso paté";"85 g";"Fancy Feast Terrine Pavo es Línea Gourmet con mix de trozos de pavo delicadamente picados combinado con un delicioso paté que a tu gato le encantará.";"Caldo de pavo, pavo, subproductos de cerdo, hígado de cerdo, pescado, gluten de trigo, pollo, sabor artificial y natural, harina de soya, concentrado proteico de soya, fosfato tricalcico, colorantes, tripolifosfato de sodio, minerales (cloruro de potasio, sulfato de zinc, sulfato ferroso, sulfato de manganeso, sulfato de cobre, iodato de potasio), goma guar, sal, carragenina, goma de algarrobo, taurina, vitaminas (B1, suplemento de vitamina E, B3, B5, suplemento de vitamina A, K, B6, suplemento vitamina B2, suplemento de vitamina B12, B7, B9, suplemento de vitamina D3), cloruro de colina.";"{""Proteína cruda (Mín.)"":""11,0% | -"",""Grasa cruda (Mín.)"":""4,0% | -"",""Fibra cruda (Máx.)"":""- | 1,5%"",""Humedad (Máx.)"":""- | 78,0%""}";"Imagenes_Alimentos/Purina/gatos/fancy-feast/fancy-feast-terrine-pavo-con-un-delicioso-pate.jpg";"https://purina.cl/sites/default/files/styles/webp/public/2023-07/50000040407-1.jpg.webp?itok=swA3EeXk";"https://purina.cl/fancy-feast/linea-gourmet/terrine-pavo"
"fancy-feast-snack-liquido-para-gatos-fancy-feast-puree-kiss-con-atun";"Purina";"Fancy Feast";"gato";"adulto";"Snack líquido para gatos Fancy Feast® Purée Kiss con atún";"40 g";"Fancy Feast Purée Kiss, es un snack líquido para gatos. Eleva su experiencia gastronómica con este filete de atún en salsa cremosa. Conoce más";"";"{""Humedad"":""- | 95,0%"",""Proteína bruta"":""4,5% | -"",""Extracto Etéreo / Grasa bruta"":""0,06% | -"",""Fibra bruta"":""- | 1,0%"",""Minerales/ Cenizas"":""- | 2,0%"",""Calcio"":""0,003% | 0,17%"",""Fósforo"":""0,01% | 0,20%""}";"Imagenes_Alimentos/Purina/gatos/fancy-feast/snack-liquido-para-gatos-fancy-feast-puree-kiss-con-atun.jpg";"https://purina.cl/sites/default/files/styles/webp/public/2023-06/8445290179678-1.jpg.webp?itok=JaYnQPU1";"https://purina.cl/fancy-feast/puree-kiss/filete-atun-salsa"
"fancy-feast-puree-kiss-fancy-feast-pollo-en-salsa";"Purina";"Fancy Feast";"gato";"adulto";"Puree kiss Fancy Feast® pollo en salsa";"40 g";"Fancy Feast Pollo, Snacks Puree Kiss que a tu gato le encantará este sabroso snack con salmón y atún. Con ingredientes naturales. ¡Conoce más!";"";"{""Humedad"":""- | 94,0%"",""Proteína bruta"":""6,0% | -"",""Extracto Etéreo / Grasa bruta"":""0,05% | -"",""Fibra bruta"":""- | 1,0%"",""Minerales / Cenizas"":""- | 2,0%"",""Calcio"":""0,003% | 0,17%"",""Fósforo"":""0,01% | 0,20%""}";"Imagenes_Alimentos/Purina/gatos/fancy-feast/puree-kiss-fancy-feast-pollo-en-salsa.jpg";"https://purina.cl/sites/default/files/styles/webp/public/2023-06/8445290179593-1.jpg.webp?itok=hsVyz2lI";"https://purina.cl/fancy-feast/puree-kiss/filete-pollo-salsa"
"fancy-feast-puree-kiss-fancy-feast-salmon-y-atun";"Purina";"Fancy Feast";"gato";"adulto";"Puree kiss Fancy Feast® salmón y atún";"40 g";"Fancy Feast Puree Kiss Salmón y Atún a tu gato le encantará este snack líquido con salmón y atún. Seleccionado con ingredientes naturales. Ingresa aquí.";"";"{""Humedad"":""- | 94,0%"",""Proteína bruta"":""5,5% | -"",""Exraco Etéreo / Grasa bruta"":""0,2% | -"",""Fibra bruta"":""- | 1,0%"",""Minerales/ Cenizas"":""- | 2,0%"",""Calcio"":""0,003% | 0,17%"",""Fósforo"":""0,01% | 0,20%""}";"Imagenes_Alimentos/Purina/gatos/fancy-feast/puree-kiss-fancy-feast-salmon-y-atun.jpg";"https://purina.cl/sites/default/files/styles/webp/public/2023-06/8445290179630-1.jpg.webp?itok=Rs-1vFnt";"https://purina.cl/fancy-feast/puree-kiss/salmon-atun-salsa"
"fancy-feast-lata-fancy-feast-tartare-de-trucha";"Purina";"Fancy Feast";"gato";"adulto";"Lata Fancy Feast® tartare de trucha";"85 g";"Lata Fancy Feast Tartare de Trucha es una exquisita receta con pequeños trozos de trucha finamente macerados que tu to disfrutará. Ingresa aquí";"Caldo de pescado, pescado, trucha, hígado de cerdo, gluten de trigo, pollo, subproductos de cerdo, harina de soya, concentrado proteico de soya, sabor natural y artificial, colorante, minerales (cloruro de potasio, sulfato de zinc, sulfato ferroso, sulfato de manganeso, sulfato de cobre, iodato de potasio), goma xantica, cloruro de colina, sal, carragenina, taurina, vitaminas(B1, suplemento de vitamina E, B3, B5, suplemento de vitamina A, K, B6, suplemento de vitamina B2, suplemento de vitamina B12, B7, B9, suplemento de vitamian D3).";"{""Proteína cruda"":""14,0% | -"",""Grasa cruda"":""4,0% | -"",""Fibra cruda"":""- | 1,5%"",""Humedad"":""- | 78,0%""}";"Imagenes_Alimentos/Purina/gatos/fancy-feast/lata-fancy-feast-tartare-de-trucha.jpg";"https://purina.cl/sites/default/files/styles/webp/public/2023-07/50000428847-1.jpg.webp?itok=KpbJPSEv";"https://purina.cl/fancy-feast/linea-gourmet/tartare-trucha"
"fancy-feast-lata-tartare-fancy-feast-atun";"Purina";"Fancy Feast";"gato";"adulto";"Lata tartare Fancy Feast® atún";"85 g";"Tartare en lata Fancy Feast Atún es una exquisita receta que tiene pequeños trozos de atún finamente picados ¡tu mascota lo merece todo! Ingresa aquí.";"Caldo de pescado, atún, pescado, pollo, hígado de cerdo, gluten de trigo, subproductos de cerdo, harina de soya, concentrado proteico de soya, sabor artificial y natural, minerales (cloruro de potasio, sulfato de zinc, sulfato ferroso, sulfato de manganeso, sulfato de cobre, ioduro de potasio), colorantes, goma xantina, sal, fosfato tricalcico, carragenina, taurina, cloruro de colina, vitaminas (B1, suplemento vitamina E, B3, B5, suplemento vitamina A, K, B6, suplemento vitamina B2, suplemento vitamina B12, B7, B9, suplemento vitamina D3), nitrito de sodio.";"{""Proteína cruda"":""14,0% | -"",""Grasa cruda"":""3,0% | -"",""Fibra cruda"":""- | 1,5%"",""Humedad"":""- | 78,0%""}";"Imagenes_Alimentos/Purina/gatos/fancy-feast/lata-tartare-fancy-feast-atun.jpg";"https://purina.cl/sites/default/files/styles/webp/public/2023-07/50000001248-1.jpg.webp?itok=5l9NCZDD";"https://purina.cl/fancy-feast/linea-gourmet/tartare-atun"
"fancy-feast-fancy-feast-pouches-petit-filets-salmon";"Purina";"Fancy Feast";"gato";"adulto";"Fancy Feast® Pouches petit filets salmón";"85 g";"Fancy Feast Pouches Petit Filets de Salmón son pequeñas tiras de atún en una jugosa salsa aterciopelada que tu gato disfrutará al máximo. Ingresa aquí";"Caldo de pescado, Salmón, hígado de cerdo, gluten de trigo, subproductos de cerdo, pollo, almodón de maíz modificado, sabores naturales y artificiales, sal, fosfato tricálcico, colorantes, concentrado de proteína de soya, Minerales (cloruro de potasio, sulfato de magnesio, sulfato de zinc, sulfato ferroso, sulfato de cobre, sulfato de manganeso, ioduro de potasio), Rojo 3, taurina, cloruro de colina, Vitaminas (B1,suplemento de vitamina E, B3, B5, suplemento de vitamina A, K, B6, B2, suplemento de B12, B7, B9, suplemento de D3).";"{""Proteína Cruda"":""11,0% | -"",""Grasa Cruda"":""2,0% | -"",""Humedad"":""- | 80,0%"",""Fibra Cruda"":""- | 1,5%""}";"Imagenes_Alimentos/Purina/gatos/fancy-feast/fancy-feast-pouches-petit-filets-salmon.jpg";"https://purina.cl/sites/default/files/styles/webp/public/2023-07/50000503896-1.jpg.webp?itok=TCJaYQHK";"https://purina.cl/fancy-feast/linea-gourmet/petit-filets-salmon"
"fancy-feast-fancy-feast-petit-filets-de-atun";"Purina";"Fancy Feast";"gato";"adulto";"Fancy Feast® petit filets de atún";"85 g";"Fancy Feast Petit Filets de Atún son pequeñas tiras de atún en una jugosa salsa aterciopelada que tu gato disfrutará al máximo. Descúbrelo aquí.";"Caldo de pescado, Atún, gluten de trigo, hígado de cerdo, pollo, subproductos de cerdo, almidón de maíz modificado, sabor natural y artificial, aceite de maíz, fosfato tricálcico, sal, concentrado de proteína de soya, colorantes, minerales (cloruro de potasio, sulfato de magnesio, sulfato de zinc, sulfato ferroso, sulfato de manganeso, iodato de potasio), taurina, cloruro de colina, vitaminas (B1, suplemento de vitamina E, B3, B5, suplemento de vitamina A, K, B6, B2, B12, B7, B9, suplemento vitamina D3), rojo 3.";"{""Proteína Cruda"":""11,0% | -"",""Grasa Cruda"":""2,0% | -"",""Humedad"":""- | 80,0%"",""Fibra Cruda"":""- | 1,5%""}";"Imagenes_Alimentos/Purina/gatos/fancy-feast/fancy-feast-petit-filets-de-atun.jpg";"https://purina.cl/sites/default/files/styles/webp/public/2023-07/50000836123-1.jpg.webp?itok=Em1AhazE";"https://purina.cl/fancy-feast/linea-gourmet/petit-filets-atun"
"fancy-feast-fancy-feast-mousse-de-pescado-y-camaron";"Purina";"Fancy Feast";"gato";"adulto";"FANCY FEAST® Mousse de Pescado y Camarón";"85 g";"El mousse de Pescado y Camarón combina la textura esponjosa del mousse con un delicado sabor a pescado y camarón | Fancy Feast Chile";"Bacalao, pescado, hígado de cerdo, subproductos de cerdo, caldo de pescado, lenguado, camarón, sabor natural y artificial, colorantes, goma guar, fosfato tricalcico, minerales (cloruro de potasio, sulfato de magnesio, sulfato de zinc, sulfato ferroso, sulfato de cobre, sulfato de manganeso, ioduro de potasio), taurina, rojo 3, sal, vitaminas (B1, suplemento de vitamina E, B3, B5, suplemento de vitamina A, K, B6, B2, suplemento de vitamina B12, B7, B9, suplemento de vitamina D3.";"{""Proteína Cruda"":""12,0% | -"",""Grasa Cruda"":""2,0% | -"",""Humedad"":""- | 78,0%"",""Fibra Cruda"":""- | 1,5%""}";"Imagenes_Alimentos/Purina/gatos/fancy-feast/fancy-feast-mousse-de-pescado-y-camaron.jpg";"https://purina.cl/sites/default/files/styles/webp/public/2023-07/50000428946-1.jpg.webp?itok=2h-hX-Jd";"https://purina.cl/fancy-feast/linea-gourmet/mousse-pescado-camaron"
"fancy-feast-mousse-fancy-feast-carne-para-gatos";"Purina";"Fancy Feast";"gato";"adulto";"Mousse Fancy Feast® carne para gatos";"85 g";"Fancy Feast Mousse de Carne para gatos combina la textura esponjosa del mousse con un delicado sabor a carne que a tu gato adulto le encantara.";"Carne de bovino, caldo de carne, hígado de cerdo, pescado, subproducto de cerdo, sabor natural y artificial, goma guar, fosfato tricalcico, sal, minerales (cloruro de potasio, sulfato de magnesio, sulfato de zinc, sulfato ferroso, sulfato de cobre, sulfato de manganeso, ioduro de potasio), taurina, vitaminas (B1, suplemento de vitamina E, B3, B5, suplemento de vitamina A, K, B6, B2, B12, B7, B9, suplemento de D3), nitrito de sodio.";"{""Proteína Cruda"":""11,0% | -"",""Grasa Cruda"":""4,0% | -"",""Humedad"":""- | 78,0%"",""Fibra Cruda (máx.)"":""- | 1,5%""}";"Imagenes_Alimentos/Purina/gatos/fancy-feast/mousse-fancy-feast-carne-para-gatos.jpg";"https://purina.cl/sites/default/files/styles/webp/public/2023-07/50000429547-1.jpg.webp?itok=VDTm7FRw";"https://purina.cl/fancy-feast/linea-gourmet/mousse-carne"
"fancy-feast-pouches-fancy-feast-demi-glace-carne";"Purina";"Fancy Feast";"gato";"adulto";"Pouches Fancy Feast® demi glace carne";"85 g";"Pouches Fancy Feast® Demi Glace Carne es un alimento húmedo con trozos de abundante carne en salsa. Sin colorantes ni conservantes artificiales. Ingresa aquí.";"Agua suficiente para proceso, carne mecánicamente separada de pollo y/o carcasa de pollo congelada, gluten de trigo, carne vacuna congelada, almidón de maíz, harina de soya y/o harina de subproductos de pollo, vísceras de pollo y/o cerdo congeladas, glicina, dextrosa y/o xilosa, sal, cloruro de potasio, fosfato bicálcico, carbonato de calcio, colorante caramelo natural, vitaminas (A, B1, B2, B3, B5, B6, B7, B9, B12, D3, E, K3), cloruro de colina, taurina, minerales (sulfato de zinc, sulfato de hierro, sulfato de manganeso, sulfato de cobre, proteinato de zinc, proteinato de hierro, proteinato de manganeso, proteinato de cobre, proteinato de selenio, iodato de calcio, selenito de sodio).";"{""Proteína Cruda (mín.)"":""11.0% | -"",""Grasa Cruda (mín.)"":""2.0% | -"",""Humedad (máx.)"":""- | 82.0%"",""Fibra Cruda (máx.)"":""- | 1.5%""}";"Imagenes_Alimentos/Purina/gatos/fancy-feast/pouches-fancy-feast-demi-glace-carne.png";"https://purina.cl/sites/default/files/styles/webp/public/2023-05/fancy-feast-demmiglace-carne.png.webp?itok=5PRXoJXJ";"https://purina.cl/fancy-feast/productos/demi-glace-carne"
"fancy-feast-pouches-fancy-feast-demi-glace-con-salmon";"Purina";"Fancy Feast";"gato";"adulto";"Pouches Fancy Feast® demi glace con salmón";"85 g";"El alimento húmedo Pouches Fancy Feast® Demi Glace con Salmón contiene trozos de salmón y abundante salsa. Sin colorantes ni conservantes artificiales.";"Agua suficiente para proceso, carne y/o subproductos de salmón congelados, gluten de trigo, vísceras de pollo y/o cerdo congeladas, almidón de maíz, harina de soya y/o harina de subproductos de pollo, carne mecánicamente separada de pollo y/o carcasa de pollo congelada, glicina, dextrosa y/o xilosa, sal, fosfato bicálcico, carbonato de calcio, cloruro de potasio, colorante caramelo natural, vitaminas (A, B1, B2, B3, B5, B6, B7, B9, B12, D3, E, K3), cloruro de colina, taurina, minerales (sulfato de zinc, sulfato de hierro, sulfato de manganeso, sulfato de cobre, proteinato de zinc, proteinato de hierro, proteinato de manganeso, proteinato de cobre, proteinato de selenio, iodato de calcio, selenito de sodio).";"{""Proteína Cruda (mín.)"":""11.0% | -"",""Grasa Cruda (mín.)"":""2.0% | -"",""Humedad (máx.)"":""- | 82.0%"",""Fibra Cruda (máx.)"":""- | 1.5%""}";"Imagenes_Alimentos/Purina/gatos/fancy-feast/pouches-fancy-feast-demi-glace-con-salmon.png";"https://purina.cl/sites/default/files/styles/webp/public/2023-05/fancy-feast-demmiglace-salmon.png.webp?itok=HuPsJt9r";"https://purina.cl/fancy-feast/productos/demi-glace-salmon"
"fancy-feast-pouches-goulash-fancy-feast-pavo";"Purina";"Fancy Feast";"gato";"adulto";"Pouches goulash Fancy Feast® pavo";"85 g";"El alimento húmedo Pouches Goulash Fancy Feast® Pavo contiene un toque de salsa jugosa y ligera. Sin colorantes ni conservantes artificiales para tu gato.";"Agua suficiente para proceso, gluten de trigo, carne mecánicamente separada de pavo y/o hígado de pavo congelado, carne mecánicamente separada de pollo y/o carcasa de pollo congelada, almidón de maíz, vísceras de pollo y/o cerdo congeladas, glicina, dextrosa y/o xilosa, sal, cloruro de potasio, cloruro de colina, fosfato bicálcico, carbonato de calcio, vitaminas (A, B1, B2, B3, B5, B6, B7, B9, B12, D3, E, K3), taurina, minerales (sulfato de zinc, sulfato de hierro, sulfato de manganeso, sulfato de cobre, proteinato de zinc, proteinato de hierro, proteinato de manganeso, proteinato de cobre, proteinato de selenio, iodato de calcio, selenito de sodio).";"{""Proteína Cruda (mín.)"":""11.0% | -"",""Grasa Cruda (mín.)"":""2.0% | -"",""Humedad (máx.)"":""- | 82.0%"",""Fibra Cruda (máx.)"":""- | 1.5%""}";"Imagenes_Alimentos/Purina/gatos/fancy-feast/pouches-goulash-fancy-feast-pavo.png";"https://purina.cl/sites/default/files/styles/webp/public/2023-05/fancy-feast-goulsh-pavo.png.webp?itok=wCkjxgXH";"https://purina.cl/fancy-feast/productos/goulash-pavo"
"fancy-feast-fancy-feast-goulash-con-atun";"Purina";"Fancy Feast";"gato";"adulto";"Fancy Feast® goulash con atún";"85 g";"Alimento húmedo Fancy Feast® Goulash con Atún. Abundantes trozos con un toque de salsa ligera. Sin colorantes ni conservantes artificiales. Descúbrelo aquí.";"Agua suficiente para proceso, carne mecánicamente separada de pollo y/o carcasa de pollo congelada, gluten de trigo, carne de atún congelada, almidón de maíz, vísceras de pollo y/o cerdo congeladas, glicina, dextrosa y/o xilosa, sal, fosfato bicálcico, carbonato de calcio, taurina, cloruro de potasio, colorante caramelo natural, vitaminas (A, B1, B2, B3, B5, B6, B7, B9, B12, D3, E, K3), cloruro de colina, minerales (sulfato de zinc, sulfato de hierro, sulfato de manganeso, sulfato de cobre, proteinato de zinc, proteinato de hierro, proteinato de manganeso, proteinato de cobre, proteinato de selenio, iodato de calcio, selenito de sodio).";"{""Proteína Cruda (mín.)"":""11.0% | ."",""Grasa Cruda (mín.)"":""2.0% | -"",""Humedad (máx.)"":""- | 82.0%"",""Fibra Cruda (máx.)"":""- | 1.5%""}";"Imagenes_Alimentos/Purina/gatos/fancy-feast/fancy-feast-goulash-con-atun.png";"https://purina.cl/sites/default/files/styles/webp/public/2023-05/fancy-feast-goulsh-atun.png.webp?itok=jQigxW5q";"https://purina.cl/fancy-feast/productos/goulash-atun"
"fancy-feast-pouches-fancy-feast-casserole-atun-y-salmon";"Purina";"Fancy Feast";"gato";"adulto";"Pouches Fancy Feast® casserole atún y salmón";"85 g";"Alimento húmedo Pouches Fancy Feast® Casserole Atún y Salmón hecho con delicados trozos sumergidos en salsa. Sin colorantes ni conservantes artificiales.";"Agua suficiente para proceso, carne y/o subproductos de salmón congelados, gluten de trigo, carne de atún congelada, harina de soya y/o harina de subproductos de pollo, vísceras de pollo y/o cerdo congeladas, almidón de maíz, carne mecánicamente separada de pollo y/o carcasa de pollo congelada, glicina, dextrosa y/o xilosa, sal, carbonato de calcio, fosfato bicálcico, colorante caramelo natural, cloruro de potasio, vitaminas (A, B1, B2, B3, B5, B6, B7, B9, B12, D3, E, K3), cloruro de colina, taurina, minerales (sulfato de zinc, sulfato de hierro, sulfato de manganeso, sulfato de cobre, proteinato de zinc, proteinato de hierro, proteinato de manganeso, proteinato de cobre, proteinato de selenio, iodato de calcio, selenito de sodio).";"{""Proteína Cruda (mín.)"":""10,5% | -"",""Grasa Cruda (mín.)"":""2.0% | -"",""Humedad (máx.)"":""- | 82.0%"",""Fibra Cruda (máx.)"":""- | 1.5%""}";"Imagenes_Alimentos/Purina/gatos/fancy-feast/pouches-fancy-feast-casserole-atun-y-salmon.png";"https://purina.cl/sites/default/files/styles/webp/public/2023-05/fancy-feast-casserole-atun-y-salmon.png.webp?itok=2CN0Pf7m";"https://purina.cl/fancy-feast/productos/casserole-atun-salmon"
"fancy-feast-casserole-fancy-feast-gatos-pollo-y-pavo";"Purina";"Fancy Feast";"gato";"adulto";"Casserole Fancy Feast® gatos pollo y pavo";"85 g";"Fancy Feast® gatos pollo y pavo, delicados trozos de carne cortada, sumergidos en abundante salsa deliciosa , completo y balanceado para tu mascota. Descúbrelo";"Agua suficiente para proceso, carne mecánicamente separada de pollo y/o carcasa de pollo congelada, gluten de trigo, vísceras de pollo y/o cerdo congeladas, carne mecánicamente separada de pavo y/o hígado de pavo congelado, harina de soya y/o harina de subproductos de pollo, almidón de maíz, glicina, dextrosa y/o xilosa, cloruro de potasio, sal, fosfato bicálcico, carbonato de calcio, vitaminas (A, B1, B2, B3, B5, B6, B7, B9, B12, D3, E, K3), cloruro de colina, taurina, minerales (sulfato de zinc, sulfato de hierro, sulfato de manganeso, sulfato de cobre, proteinato de zinc, proteinato de hierro, proteinato de manganeso, proteinato de cobre, proteinato de selenio, iodato de calcio, selenito de sodio).";"{""Proteína Cruda (mín.)"":""10,5% | -"",""Grasa Cruda (mín.)"":""2.0% | -"",""Humedad (máx.)"":""- | 82.0%"",""Fibra Cruda (máx.)"":""- | 1.5%""}";"Imagenes_Alimentos/Purina/gatos/fancy-feast/casserole-fancy-feast-gatos-pollo-y-pavo.png";"https://purina.cl/sites/default/files/styles/webp/public/2023-05/fancy-feast-casserole-pollo-y-pavo.png.webp?itok=NyeVGw0q";"https://purina.cl/fancy-feast/productos/casserole-pollo-pavo"
"fancy-feast-fancy-feast-terrine-pollo-en-lata";"Purina";"Fancy Feast";"gato";"adulto";"Fancy Feast® terrine pollo en lata";"85 g";"Lata Fancy Feast Terrine Pollo, un mix de trozos de pollo picados combinado con un delicioso paté. Alimento húmedo para gatos adultos.";"Caldo de pollo, pollo, subproductos de cerdo, hígado de cerdo, pescado, pavo, gluten de trigo, sabor natural y artificial, harina de soya, concentrado proteico de soya, fosfato tricalcico, tripolifosfato de sodio, goma guar, colorante, minerales (cloruro de potasio, sulfato de magnesio, sulfato de zinc, sulfato ferroso, sulfato de cobre, sulfato de manganeso, iodato de potasio), sal, taurina, carragenina, goma de algarrobo, vitaminas (B1, suplemento de vitamina E, B3, B5, suplemento de vitamina A, K, B6, suplemento de vitamina B2, suplemento de vitamina B12, B7, B9, suplemento de vitamina D3), cloruro de colina.";"{""Proteína Cruda"":""11%"",""Grasa Cruda"":""4%"",""Humedad"":""78.0%"",""Fibra Cruda"":""1.5%""}";"Imagenes_Alimentos/Purina/gatos/fancy-feast/fancy-feast-terrine-pollo-en-lata.jpg";"https://purina.cl/sites/default/files/styles/webp/public/2023-07/50000426942-1.jpg.webp?itok=G5-r1bou";"https://purina.cl/fancy-feast/linea-gourmet/terrine-pollo"
"cat-chow-cat-chow-gatitos-con-pollo";"Purina";"Cat Chow";"gato";"cachorro";"CAT CHOW® Gatitos con Pollo";"85 g";"Gatitos Pollo sobre con Defense Hydro es alimento húmedo para gatos esterilizados a partir de 6 meses de edad de todas las razas | Cat Chow Chile";"Agua suficiente para proceso, carne y/o carcasa de pollo congeladas, hígado de cerdo y/o pollo y/o vísceras de cerdo congelados, gluten de trigo, concentrado proteico de soya/soja y/o harina de subproductos de pollo y/o pavo, almidón de maíz, fosfato bicálcico, glicina, dextrosa, sal, inulina, vitaminas (A, D3, E, K3, B1, B2, B3, B5, B6, B7, B9, B12, cloruro de colina), carbonato de calcio, cloruro de potasio, taurina, subproductos de salmón congelados, minerales [(sulfatos: zinc, hierro, manganeso, cobre), (proteinatos: zinc, hierro, manganeso, cobre, selenio), yodato de calcio, selenito de sodio].";"{""Proteína cruda (mín.)"":""11,0% | -"",""Grasa cruda (mín.)"":""2,5% | -"",""Fibra cruda (máx.)"":""- | 0,6%"",""Humedad (máx.)"":""- | 80,0%"",""Cenizas (máx.)"":""- | 2,7%"",""Calcio (mín./máx.)"":""0,25% | 0,50%"",""Fósforo (mín./máx.)"":""0,20% | 0,45%"",""Taurina (mín.)"":""0,05% | -""}";"Imagenes_Alimentos/Purina/gatos/cat-chow/cat-chow-gatitos-con-pollo.png";"https://purina.cl/sites/default/files/styles/webp/public/2023-02/PurinaLatam-CatChow-Gatitos-01.png.webp?itok=fwHaCkGM";"https://purina.cl/catchow/productos/gatitos-hydro-pollo"
"cat-chow-cat-chow-adultos-con-pollo";"Purina";"Cat Chow";"gato";"adulto";"CAT CHOW® Adultos con Pollo";"85 g";"Adultos Pollo sobre con Defense Hydro es alimento húmedo completo y balanceado para gatos adultos de todas las razas. Ayuda a proteger su salud | Cat Chow Chile";"Agua suficiente para proceso, carne y/o carcasa de pollo congeladas, hígado de cerdo y/o pollo y/o vísceras de cerdo congelados, gluten de trigo, concentrado proteico de soya/soja y/o harina de subproductos de pollo y/o pavo, almidón de maíz, fosfato bicálcico, glicina, dextrosa, sal, inulina, vitaminas (A, D3, E, K3, B1, B2, B3, B5, B6, B7, B9, B12, cloruro de colina), carbonato de calcio, cloruro de potasio, taurina, minerales [(sulfatos: zinc, hierro, manganeso, cobre), (proteinatos: zinc, hierro, manganeso, cobre, selenio), yodato de calcio, selenito de sodio].";"{""Proteína cruda (mín.)"":""10,5% | -"",""Grasa cruda (mín.)"":""2,5% | -"",""Fibra cruda (máx.)"":""- | 0,6%"",""Humedad (máx.)"":""- | 82.0%"",""Cenizas/minerales (máx.)"":""- | 2,7%"",""Calcio (mín./máx.)"":""0,25% | 0,45%"",""Fósforo (mín./máx.)"":""0,20% | 0,40%"",""Taurina (mín.)"":""0,05% | -""}";"Imagenes_Alimentos/Purina/gatos/cat-chow/cat-chow-adultos-con-pollo.png";"https://purina.cl/sites/default/files/styles/webp/public/2023-02/PurinaLatam-CatChow-Adulto-Pollo-01.png.webp?itok=2JVAM6CC";"https://purina.cl/catchow/productos/adultos-hydro-pollo"
"cat-chow-cat-chow-adultos-esterilizados-con-pescado";"Purina";"Cat Chow";"gato";"adulto";"CAT CHOW® Adultos Esterilizados con Pescado";"85 g";"Alimento húmedo Cat Chow Esterilizados pescado con Hydro Defense Plus® para fortalecer las defensas naturales de tu gato. Descubre más aquí.";"Agua suficiente para proceso, carne y/o carcasa de pollo congeladas, hígado de cerdo y/o pollo y/o vísceras de cerdo congelados, gluten de trigo, concentrado proteico de soya/soja y/o harina de subproductos de pollo y/o pavo, almidón de maíz, subproductos de salmón y/o merluza congelados, fosfato bicálcico, glicina, dextrosa, sal, inulina, vitaminas (A, D3, E, K3, B1, B2, B3, B5, B6, B7, B9, B12, cloruro de colina), cloruro de potasio, taurina, minerales [(sulfatos: zinc, hierro, manganeso, cobre), (proteinatos: zinc, hierro, manganeso, cobre, selenio), yodato de calcio, selenito de sodio], carbonato de calcio.";"{""Proteína cruda (mín.)"":""11% | -"",""Grasa cruda (mín.)"":""2,0% | -"",""Fibra cruda (máx.)"":""- | 0,6%"",""Humedad (máx.)"":""- | 82%"",""Cenizas (máx.)"":""- | 2,7%"",""Calcio (mín./máx.)"":""0,25% | 0,45%"",""Fósforo (mín./máx.)"":""0,20% | 0,40%"",""Taurina (mín.)"":""0,05% | -""}";"Imagenes_Alimentos/Purina/gatos/cat-chow/cat-chow-adultos-esterilizados-con-pescado.png";"https://purina.cl/sites/default/files/styles/webp/public/2023-02/PurinaLatam-CatChow-esterilizados-pescado-01.png.webp?itok=O-1unAiK";"https://purina.cl/catchow/productos/defense-hydro/esterilizados-pescado"
"cat-chow-cat-chow-adultos-con-pescado";"Purina";"Cat Chow";"gato";"adulto";"CAT CHOW® Adultos con Pescado";"85 g";"Adultos Pescado sobre con Defense Hydro es alimento húmedo para gatos esterilizados a partir de 6 meses de edad de todas las razas | Cat Chow Chile";"Agua suficiente para proceso, carne y/o carcasa de pollo congeladas, hígado de cerdo y/o pollo y/o vísceras de cerdo congelados, gluten de trigo, concentrado proteico de soya/soja y/o harina de subproductos de pollo y/o pavo, almidón de maíz, fosfato bicálcico, subproductos de salmón y/o merluza congelados, glicina, dextrosa, sal, inulina, vitaminas (A, D3, E, K3, B1, B2, B3, B5, B6, B7, B9, B12, cloruro de colina), cloruro de potasio, carbonato de calcio, taurina, minerales [(sulfatos: zinc, hierro, manganeso, cobre), (proteinatos: zinc, hierro, manganeso, cobre, selenio), yodato de calcio, selenito de sodio].";"{""Proteína cruda (mín.)"":""10,5% | -"",""Grasa cruda (mín.)"":""2,5% | -"",""Fibra cruda (máx.)"":""- | 0,6%"",""Humedad (máx.)"":""- | 82,0%"",""Cenizas/minerales (máx.)"":""- | 2,7%"",""Calcio (mín./máx.)"":""0,25% | 0,45%"",""Fósforo (mín./máx.)"":""0,20% | 0,40%"",""Taurina (mín.)"":""0,05% | -""}";"Imagenes_Alimentos/Purina/gatos/cat-chow/cat-chow-adultos-con-pescado.png";"https://purina.cl/sites/default/files/styles/webp/public/2023-02/PurinaLatam-CatChow-Adulto-Pescado-01.png.webp?itok=EHpw5Y53";"https://purina.cl/catchow/productos/adultos-hydro-pescado"
"cat-chow-cat-chow-adultos-delicias-sabor-carne-defense-plus";"Purina";"Cat Chow";"gato";"adulto";"CAT CHOW® Adultos Delicias sabor Carne Defense Plus";"1 kg, 3 kg, 8 kg, 15 kg, 24 kg";"Alimento seco Cat Chow Adultos sabor carne con Defense Plus ofrece los nutrientes que tu gato necesita para mantenerse fuerte y saludable. Ingresa ahora.";"Maíz, harina de soya, harina de subproductos de pollo, harina de carne y hueso de cerdo, aceite de pollo, harina de plumas de pollo, harina de carne y hueso bovino ,hidrolizado de hígado de pollo y/o cerdo con TSPP en polvo, gluten de maíz, cloruro de sodio, ácido fosfórico, trigo, colorante natural caramelo, inulina, cloruro de colina, metionina, premezcla minerales quelados, cloruro de potasio,suplementos vitamínicos antioxidantes, vitamina E, taurina, arroz, levadura de cerveza (Saccharomyces cerevisiae), arvejas deshidratadas, vitamina C, colorante natural rojo carmín,carbonato de calcio, tomate en polvo, harina de alga (Schizochytrium sp), L-lisina. Eventuales sustitutos: Sorgo, salvado de trigo, harina de carne y hueso animal (bovino y cerdo), harina de subproductos de pavo, harina de pescado, grasa animal (bovino y cerdo), sebo bovino, bisulfato de sodio, fibra de soya, celulosa, pulpa de remolacha, fosfato de calcio, espinaca deshidratada, zanahorias deshidratadas, harina de salmón, leche bovina en polvo.";"{""Proteína cruda (mín.)"":""31,0% | -"",""Grasa cruda (mín.)"":""11,0% | -"",""Fibra cruda (máx.)"":""- | 3,5%"",""Humedad (máx.)"":""- | 12,0%"",""Cenizas (máx.)"":""- | 9,5%"",""Calcio (mín./máx.)"":""1,1% | 1,6%"",""Fósforo (mín./máx.)"":""0,8% | 1,4%""}";"Imagenes_Alimentos/Purina/gatos/cat-chow/cat-chow-adultos-delicias-sabor-carne-defense-plus.png";"https://purina.cl/sites/default/files/styles/webp/public/2023-02/PurinaLatam-CatChow-DRY-Adulto-CARNE-01.png.webp?itok=Zt8yG_v1";"https://purina.cl/catchow/productos/adultos-carne"
"cat-chow-cat-chow-adultos-delicias-sabor-pescado-defense-plus";"Purina";"Cat Chow";"gato";"adulto";"CAT CHOW® Adultos Delicias sabor Pescado Defense Plus";"1 kg, 3 kg, 8 kg, 24 kg";"Cat Chow Adultos sabor pescado ayuda a reducir el cúmulo de sarro, con prebiótico natural y sin colorantes ni sabores artificiales. .Descubre más aquí.";"";"{""Proteína cruda (mín.)"":""31,0% | -"",""Grasa cruda (mín.)"":""10,0% | -"",""Fibra cruda (máx.)"":""- | 3,5%"",""Humedad (máx.)"":""- | 12,0%"",""Cenizas (máx.)"":""- | 9,5%"",""Calcio (mín./máx.)"":""1,1% | 1,6%"",""Fósforo (mín./máx.)"":""0,8% | 1,4%""}";"Imagenes_Alimentos/Purina/gatos/cat-chow/cat-chow-adultos-delicias-sabor-pescado-defense-plus.png";"https://purina.cl/sites/default/files/styles/webp/public/2023-02/PurinaLatam-CatChow-DRY-Adulto-Pescado-01.png.webp?itok=ErvCRs7G";"https://purina.cl/catchow/productos/adultos-pescado"
"cat-chow-cat-chow-esterilizados-alimento-para-gatos-esterilizados";"Purina";"Cat Chow";"gato";"adulto";"Cat Chow Esterilizados: alimento para gatos esterilizados";"1 kg, 3 kg, 8 kg, 24 kg";"Cat Chow Esterilizados pescado, es alimento para gatos esterilizados que ayuda con el control de peso y a tener musculos fuertes. ¡Descubre más aquí.";"Maíz, harina de subproductos de pollo, harina de soya, pulpa de remolacha, gluten de maíz, harina de plumas de pollo, aceite de pollo, harina de carne y hueso bovino, hidrolizado polvo de hígado de pollo y cerdo con TSPP, ácido fosfórico, harina de pescado, cloruro de sodio, inulina, colorante natural caramelo, cloruro de potasio, cloruro de colina, premezcla minerales quelados, metionina, suplementos vitamínicos, vitamina E, taurina, arroz, trigo, vitamina C, arveja deshidratada, zanahorias deshidratadas, levadura de cerveza (Saccharomyces cerevisiae), carbonato de calcio, harina de alga (Schizochytrium sp.), L-lisina, colorante natural rojo carmín. Eventuales sustitutos: Sorgo, salvado de trigo, harina de carne y hueso animal (bovino y cerdo), fibra de soya, harina de subproductos de pavo, harina de carne y hueso de cerdo, harina de subproductos de pavo, harina de salmón, grasa animal (bovino y cerdo), sebo bovino, bisulfato de sodio, fosfato de calcio, espinaca deshidratada, tomate deshidratado, celulosa, harina de salmón, leche bovina en polvo.";"{""Proteína cruda (mín.)"":""36,0% | -"",""Grasa cruda (mín.)"":""9,0% | -"",""Fibra cruda (máx.)"":""- | 6,0%"",""Humedad (máx.)"":""- | 12,0%"",""Cenizas (máx.)"":""- | 9,5%"",""Calcio (mín./máx.)"":""1,0% | 1,5%"",""Fósforo (mín./máx.)"":""0,8% | 1,4%""}";"Imagenes_Alimentos/Purina/gatos/cat-chow/cat-chow-esterilizados-alimento-para-gatos-esterilizados.png";"https://purina.cl/sites/default/files/styles/webp/public/2023-02/PurinaLatam-CatChow-DRY-Adulto-Esterilizados-01.png.webp?itok=ryJKWAfs";"https://purina.cl/catchow/productos/esterilizados-pescado"
"cat-chow-cat-chow-gatitos-alimentos-para-gatitos";"Purina";"Cat Chow";"gato";"cachorro";"Cat Chow Gatitos: Alimentos para gatitos";"1 kg, 3 kg, 8 kg, 15 kg, 24 kg";"Cat Chow Gatitos hasta 12 meses, ofrece alimento para gatitos con pescado, carne y leche. ¡Garantiza el crecimiento saludable!";"Maíz, harina de soya, harina de carne y hueso de cerdo, harina de subproductos de pollo, gluten de maíz, aceite de pollo, harina de plumas de pollo, hidrolizado de hígado de pollo y/o cerdo con TSPP en polvo, corro de sodio, harina de pescado, acido fosíórico, colorante natural caramelo, inulina, suplementos vitamínicos antioxidantes, cloruro de colina, metionina, premezcla mineral quelada, taurina, vitamina E, trigo, harina de algas (Schizochy trium sp), vitamina C, colorante natural rojo carmín, leche en polvo bovina, espinaca deshidratadas, levadura de cerveza (Saccharomyces cerevisiae), cloruro de potasio, L-lisina, carbonato de calcio. Eventuales sustitutos: Sorgo, arroz, fibra de soya, harina de carne y hueso animal (bovino y cerdo), harina de carne y hueso bovina, harina de subproductos de pavo, grasa animal (bovino y cerdo), sebo bovino, bisulfato de sodio, fosfato de calcio, tomate deshidratado, arveja deshidratada, zanahoria deshidratada, celulosa, harina de salmón";"{""Proteína cruda (mín.)"":""36,0% | -"",""Grasa cruda (mín.)"":""12,0% | -"",""Fibra cruda (máx.)"":""- | 3,0%"",""Humedad (máx.)"":""- | 12,0%"",""Cenizas (máx.)"":""- | 9,5%"",""Calcio (mín./máx.)"":""1,1% | 1,6%"",""Fósforo (mín./máx.)"":""1,0% | 1,5%""}";"Imagenes_Alimentos/Purina/gatos/cat-chow/cat-chow-gatitos-alimentos-para-gatitos.png";"https://purina.cl/sites/default/files/styles/webp/public/2023-02/PurinaLatam-CatChow-DRY-Adulto-Gatitos-01.png.webp?itok=RZ0cf2f7";"https://purina.cl/catchow/productos/gatitos-hasta-12-meses"
"cat-chow-cat-chow-delimix-adultos-con-defense-plus";"Purina";"Cat Chow";"gato";"adulto";"Cat Chow Delimix Adultos con Defense Plus";"1 kg, 3 kg, 8 kg, 15 kg, 24 kg";"Cat Chow Delimix, alimento seco para gatos elaborado con Salmón, Carne y Pollo que lo ayuda a mantenerse fuerte y saludable. ¡Encuentralo aquí!";"Maíz, harina de soya, harina de subproductos de pollo, aceite de pollo, harina de plumas de pollo, harina de carne y hueso de cerdo, hidrolizado de hígado de pollo y/o cerdo con TSPP en polvo, gluten de maíz, cloruro de sodio, trigo, ácido fosfôrico, harina de came y hueso bovino, harina de salmón, colorante natural caramelo, inulina, suplementos vitamínicos antioxidantes, cloruro de colina, metionina, cloruro de potasio, premezcla minerales quelados, vitamina E, taurina, zanahoria deshidratada, espinaca deshidratada, vitamina C, colorante natural rojo carmín, levadura de cerveza (Saccharomyces cerevisiae), carbonato de calcio, harina de alga (Schizochytrium sp), L-lisina. Eventual sustituto: Arroz, sorgo, fibra de soya, pulpa de remolacha, salvado de trigo, fosfato de calcio, harina de subproductos de pavo, harina de pescado, harina de carne y hueso animal (cerdo y bovino), grasa animal (cerdo y bovino), sebo de bovino, leche en polvo bovina, bisulfato de sodio, celulosa, arveja deshidratada, tomate deshidratado.";"{""Proteína cruda (mín.)"":""31,0% | -"",""Grasa cruda (mín.)"":""11,0% | -"",""Fibra cruda (máx.)"":""- | 3,5%"",""Humedad\t(máx.)"":""- | 12,0%"",""Cenizas (máx.)"":""- | 9,5%"",""Calcio (mín./máx.)"":""1,1% | 1,6%"",""Fósforo (mín./máx.)"":""0,8% | 1,4%""}";"Imagenes_Alimentos/Purina/gatos/cat-chow/cat-chow-delimix-adultos-con-defense-plus.png";"https://purina.cl/sites/default/files/styles/webp/public/2023-02/PurinaLatam-CatChow-DRY-Adulto-Delimix-01.png.webp?itok=SL3C7dOJ";"https://purina.cl/catchow/productos/delimix"
"cat-chow-cat-chow-adultos-con-carne";"Purina";"Cat Chow";"gato";"adulto";"CAT CHOW® Adultos con Carne";"85 g";"Cat Chow Adultos con Carne, alimento húmedo con Hydro Defense Plus® para fortalecer las defensas naturales de tu gato. Descubre más aquí.";"Agua suficiente para proceso, gluten de trigo, hígado de cerdo y/o pollo congelados, carne y/o carcasa de pollo congeladas, concentrado proteico de soya/soja y/o harina de subproductos de pollo y/o pavo, almidón de maíz, fosfato bicálcico, vísceras de cerdo y/o res congeladas, glicina, carne de res congelada, dextrosa, sal, inulina, vitaminas (A, D3, E, K3, B1, B2, B3, B5, B6, B7, B9, B12, cloruro de colina), cloruro de potasio, carbonato de calcio, taurina, minerales [(sulfatos: zinc, hierro, manganeso, cobre), (proteinatos: zinc, hierro, manganeso, cobre, selenio), yodato de calcio, selenito de sodio].";"{""Proteína Cruda (mín.)"":""10,5% | -"",""Grasa Cruda (mín.)"":""2,5% | -"",""Fibra Cruda (máx.)"":""- | 0,6%"",""Humedad (máx.)"":""- | 82,0%"",""Cenizas (máx.)"":""- | 2,7%"",""Calcio (mín./máx.)"":""0,25% | 0,45%"",""Fósforo (mín./máx.)"":""0,20% | 0,40%"",""Taurina (mín.)"":""0.05% | -""}";"Imagenes_Alimentos/Purina/gatos/cat-chow/cat-chow-adultos-con-carne.png";"https://purina.cl/sites/default/files/styles/webp/public/2023-02/PurinaLatam-CatChow-Adulto-Carne-01.png.webp?itok=_eUY7eE3";"https://purina.cl/catchow/productos/defense-hydro/adultos-carne"
"cat-chow-cat-chow-adultos-esterilizados-con-carne";"Purina";"Cat Chow";"gato";"adulto";"CAT CHOW® Adultos Esterilizados con Carne";"85 g";"Adultos Esterilizados Carne sobre es alimento húmedo para gatos esterilizados a partir de 6 meses de edad de todas las razas | Cat Chow Chile";"Agua suficiente para proceso, carne y/o carcasa de pollo congeladas, hígado de cerdo y/o pollo congelados, gluten de trigo, concentrado proteico de soya/soja y/o harina de subproductos de pollo y/o pavo, almidón de maíz, carne de res congelada, subproductos de salmón congelados, vísceras de cerdo y/o res congeladas, glicina, dextrosa, fosfato bicálcico, inulina, sal, vitaminas (A, D3, E, K3, B1, B2, B3, B5, B6, B7, B9, B12, cloruro de colina), cloruro de potasio, taurina, carbonato de calcio, minerales [(sulfatos: zinc, hierro, manganeso, cobre), (proteinatos: zinc, hierro, manganeso, cobre, selenio), yodato de calcio, selenito de sodio].";"{""Proteína Cruda (mín.)"":""11,0% | -"",""Grasa Cruda (mín.)"":""2,0% | -"",""Fibra Cruda (máx.)"":""- | 0,6%"",""Humedad (máx.)"":""- | 82,0%"",""Cenizas (máx.)"":""- | 2,7%"",""Calcio (mín./máx.)"":""0,25% | 0,45%"",""Fósforo (mín./máx.)"":""0,20% | 0,40%"",""Taurina (mín.)"":""0.05% | -""}";"Imagenes_Alimentos/Purina/gatos/cat-chow/cat-chow-adultos-esterilizados-con-carne.png";"https://purina.cl/sites/default/files/styles/webp/public/2023-02/PurinaLatam-CatChow-esterilizados-carne-01.png.webp?itok=SH0rnFnT";"https://purina.cl/catchow/productos/esterilizados-hydro-carne"
"excellent-purina-excellent-cachorro-de-razas-medianas-y-grandes";"Purina";"Excellent";"perro";"cachorro";"Purina Excellent Cachorro de Razas Medianas y Grandes";"15 kg";"Excellent Cachorro es alimento completo y balanceado para cachorros de razas medianas y grandes, hembras gestantes y lactantes. Conoce más aquí";"Harina de subproductos de pollo, maíz, arroz, trigo, gluten de maíz, aceite de pollo, harina de carne y hueso bovino, sebo bovino, hidrolizado de hígados de pollo líquido, harina de pescado, fibra de soya, cloruro de sodio, inulina, cloruro de potasio, zeolita, fosfato de calcio, suplemento vitamínico antioxidante, premezcla de minerales quelados, cloruro de colina, L-lisina. JENV1F3108 Eventuales sustitutos: Sorgo, salvado de trigo, celulosa, pulpa de remolacha, harina de carne y hueso de cerdo, harina de salmón, harina de subproductos de pavo, harina de carne y hueso de cordero, huevo en polvo, grasa de cerdo, harina de pluma de pollo, harina de alga (Schizochytrium sp), leche bovina en polvo, vitamina C, vitamina E, hidrolizado de hígado de cerdo líquido, pared celular de levadura (Saccharomyces cerevisiae), DL-metionina, taurina, arveja deshidratada, zanahoria deshidratada, carbonato de calcio.";"{""PROTEÍNA CRUDA"":""28,0% | -"",""GRASA CRUDA"":""13,0% | -"",""HUMEDAD"":""- | 12,0%"",""FIBRA BRUTA"":""- | 3,5%"",""CENIZAS"":""- | 8,5%"",""CALCIO"":""1,1% | 1,6%"",""FÓSFORO"":""0,9% | 1,3%""}";"Imagenes_Alimentos/Purina/perros/excellent/purina-excellent-cachorro-de-razas-medianas-y-grandes.jpg";"https://purina.cl/sites/default/files/styles/webp/public/2023-12/7613035951532-1.jpg.webp?itok=y4uEb16T";"https://purina.cl/excellent/cachorro-razas-medianas-grandes"
"excellent-purina-excellent-adultos-razas-medianas-y-grandes";"Purina";"Excellent";"perro";"adulto";"Purina Excellent® adultos razas medianas y grandes";"15 kg";"Excellent Adultos es alimento completo y balanceado para perros adultos de razas medianas y grandes hasta los 7 años de edad. Conoce más aquí";"Harina de subproductos de pollo, maíz, arroz, trigo, gluten de maíz, harina de carne y hueso bovino, aceite de pollo, hidrolizado de vísceras de pollo líquido, sebo bovino, cloruro de sodio, harina de pescado, fibra de soya, inulina, cloruro de potasio, zeolita, suplemento vitamínico antioxidante, premezcla de minerales quelados, cloruro de colina, carbonato de calcio, L-lisina. JENV1F1107 Eventuales sustitutos: Sorgo, salvado de trigo, celulosa, pulpa de remolacha, harina de carne y hueso de cerdo, harina de salmón, harina de subproductos de pavo, harina de carne y hueso de cordero, huevo en polvo, grasa de cerdo, harina de pluma de pollo, harina de alga (Schizochytrium sp), leche bovina en polvo, vitamina C, vitamina E, hidrolizado de hígado de cerdo líquido, pared celular de levadura (Saccharomyces cerevisiae), DL-metionina, taurina, arveja deshidratada, zanahoria deshidratada, fosfato de calcio.";"{""PROTEÍNA CRUDA"":""24,0% | -"",""GRASA CRUDA"":""11,0% | -"",""HUMEDAD"":""- | 12,0%"",""FIBRA BRUTA"":""- | 4,0%"",""CENIZAS"":""- | 9,0%"",""CALCIO"":""1,1% | 1,8%"",""FÓSFORO"":""0,8% | 1,3%""}";"Imagenes_Alimentos/Purina/perros/excellent/purina-excellent-adultos-razas-medianas-y-grandes.jpg";"https://purina.cl/sites/default/files/styles/webp/public/2023-12/8445291021464-1.jpg.webp?itok=tQr6rgWM";"https://purina.cl/excellent/adultos-medium-large-breed"
"excellent-purina-excellent-mantenimiento-para-perros-adultos";"Purina";"Excellent";"perro";"adulto";"Purina Excellent® Mantenimiento para Perros Adultos";"15 kg";"Dale a tu perro lo que necesita con Excellent Adulto Mantenimiento. Alimento nutritivo que ayuda a mantener un peso saludable y promueve su vitalidad.";"Maíz, harina de soya, arroz, harina de carne y hueso bovino, aceite de pollo, harina de subproductos de pollo, hidrolizado de hígado de pollo líquido, sebo bovino, gluten de maíz, cloruro de sodio, suplemento vitamínico antioxidante, premezcla de minerales quelados, cloruro de colina, carbonato de calcio, cloruro de potasio, L-lisina. JENV1F2109. Eventuales sustitutos: Sorgo, trigo, salvado de trigo, celulosa, pulpa de remolacha, harina de carne y hueso de cerdo, harina de salmón, harina de pescado, harina de subproductos de pavo, harina de carne y hueso de cordero, huevo en polvo, grasa de cerdo, harina de pluma de pollo, harina de alga (Schizochytrium sp), leche bovina en polvo, vitamina C, vitamina E, hidrolizado de hígado de cerdo líquido, pared celular de levadura (Saccharomyces cerevisiae), DL-metionina, taurina, arveja deshidratada, zanahoria deshidratada, fosfato de calcio.";"{""PROTEÍNA CRUDA"":""23,0% | -"",""GRASA CRUDA"":""10,0% | -"",""HUMEDAD"":""- | 12,0%"",""FIBRA CRUDA"":""- | 4,0%"",""CENIZAS"":""- | 9,0%"",""CALCIO"":""1,1% | 1,8%"",""FÓSFORO"":""0,8% | 1,3%""}";"Imagenes_Alimentos/Purina/perros/excellent/purina-excellent-mantenimiento-para-perros-adultos.jpg";"https://purina.cl/sites/default/files/styles/webp/public/2023-12/8445291022782-1.jpg.webp?itok=MjEg9zOG";"https://purina.cl/excellent/adulto-mantenimiento"
"excellent-purina-excellent-skin-care-con-salmon-para-perros-adultos";"Purina";"Excellent";"perro";"adulto";"Purina Excellent® Skin Care con Salmón para perros Adultos";"15 kg";"Purina Excellent® Skin Care con Salmón para perros adultos de todos los tamaños. Proteína con Omega 6 y 3, zinc y vitaminas para perros adultos con pieles sensibles.";"Maíz, harina de salmón, gluten de maíz, arroz, grasa animal (cerdo y bovino), hidrolizado (polvo y/o líquido) de vísceras de pollo, aceite de pollo, fibra de soya, fosfato de calcio, cloruro de sodio, carbonato de calcio, cloruro de potasio, L-lisina, suplementos vitamínicos, premezcla mineral quelatada, cloruro de colina, metionina. Eventuales sustitutos: Sorgo, celulosa, harina de soya, salvado de trigo, sebo bovino, taurina, arveja, zanahoria, leche en polvo, harina de pescado, zeolita, cloruro de potasio, inulina, hidrolizado (polvo y/o líquido) de vísceras de cerdo.";"{""PROTEÍNA CRUDA"":""24,0% | -"",""GRASA CRUDA"":""11,0% | -"",""HUMEDAD"":""- | 12,0%"",""FIBRA CRUDA"":""- | 4,0%"",""CENIZAS"":""- | 9,0%"",""CALCIO"":""1,1% | 1,8%"",""FÓSFORO"":""0,8% | 1,3%""}";"Imagenes_Alimentos/Purina/perros/excellent/purina-excellent-skin-care-con-salmon-para-perros-adultos.jpg";"https://purina.cl/sites/default/files/styles/webp/public/2023-12/7613287016904-1.jpg.webp?itok=3bxhMsvU";"https://purina.cl/excellent/perros/adultos/skin-care/todos-tamanos-con-salmon"
"excellent-purina-excellent-kitten";"Purina";"Excellent";"gato";"cachorro";"PURINA® EXCELLENT™ Kitten";"1 kg, 7,5 kg";"Descubre el alimento balanceado completo para gatos en crecimiento, hembras gestantes y lactantes de todas las razas. ¡Adquiere el tuyo en Excellent!";"Harina de subproductos de pollo, gluten de maíz, maíz, arroz, aceite de pollo y/o grasa vacuna y/o grasa de cerdo preservadas con tocoferoles (fuente de vitamina E), harina de carne y hueso vacuna y/o porcina, hidrolizado (polvo y/o líquido) a base de subproductos de pollo y/o cerdo, bisulfato de sodio y/o ácido fosfórico, cloruro de sodio y/o cloruro de potasio, carbonato de calcio y/o fosfato cálcico, harina de pescado y/o harina de alga (Schizochytrium sp.), cloruro de colina, suplemento vitamínico antioxidante (A, D3, E, K3, B1, B2, B3, B5, B6, B7, B9, B12, BHT), suplementos minerales [(sulfatos: zinc, hierro, manganeso, cobre), (proteinatos y/o glicinatos: zinc, hierro, manganeso, cobre, selenio), yodato de calcio, selenito de sodio], taurina, L-lisina, DL-metionina, levadura seca (Saccharomyces cerevisiae).";"{""PROTEÍNA CRUDA"":""37,0%"",""GRASA CRUDA"":""14,0%"",""HUMEDAD"":""12,0%"",""FIBRA CRUDA"":""3,0%"",""CENIZAS"":""9,5%"",""CALCIO"":""1,1% | 1,8%"",""FÓSFORO"":""0,9% | 1,4%""}";"Imagenes_Alimentos/Purina/gatos/excellent/purina-excellent-kitten.jpg";"https://purina.cl/sites/default/files/styles/webp/public/2024-05/8445290969668-1.jpg.webp?itok=W-d7UzzO";"https://purina.cl/excellent/gatos/gatitos-pollo-carne-arroz"
"excellent-purina-excellent-adult";"Purina";"Excellent";"gato";"adulto";"PURINA® EXCELLENT™ Adult";"3 kg, 7,5 kg";"Adquiere en Excellent el alimento balanceado para gatos adultos de todas las razas, desarrollado por nutricionistas y aprobado por veterinarios.";"Guía de alimentación";"{""PROTEÍNA CRUDA"":""33,0%"",""GRASA CRUDA"":""13,0%"",""HUMEDAD"":""12,0%"",""FIBRA CRUDA"":""3,0%"",""CENIZAS"":""9,0%"",""CALCIO"":""1,1% | 1,6%"",""FÓSFORO"":""0,9% | 1,5%""}";"Imagenes_Alimentos/Purina/gatos/excellent/purina-excellent-adult.jpg";"https://purina.cl/sites/default/files/styles/webp/public/2024-05/8445290969842-1.jpg.webp?itok=fxmciLO3";"https://purina.cl/excellent/gatos/adultos-pollo-carne-arroz"
"excellent-purina-excellent-comida-para-gatos-urinary";"Purina";"Excellent";"gato";"adulto";"Purina Excellent: Comida para gatos Urinary";"1 kg, 7,5 kg";"La comida para gatos Urinary de Excellent favorece la salud del tracto urinario y ofrece una nutrición completa para gatos adultos.";"Gluten de maíz, maíz, trigo, harina de subproductos de pollo, arroz, harina de carne y hueso vacuna y/o porcina, aceite de pollo y/o grasa vacuna y/o grasa de cerdo preservadas con tocoferoles (fuente de vitamina E), bisulfato de sodio y/o ácido fosfórico, cloruro de sodio y/o cloruro de potasio, hidrolizado (polvo y/o líquido) a base de subproductos de pollo y/o cerdo, harina de pescado y/o harina de alga (Schizochytrium sp.), DL-metionina, carbonato de calcio y/o fosfato cálcico, cloruro de colina, suplemento vitamínico antioxidante (A, D3, E, K3, B1, B2, B3, B5, B6, B7, B9, B12, BHT), suplementos minerales [(sulfatos: zinc, hierro, manganeso, cobre), (proteinatos y/o glicinatos: zinc, hierro, manganeso, cobre, selenio), yodato de calcio, selenito de sodio], taurina, L-lisina, levadura seca (Saccharomyces cerevisiae sp.).";"{""PROTEÍNA CRUDA"":""33,0%"",""GRASA CRUDA"":""12,0%"",""HUMEDAD"":""12,0%"",""FIBRA CRUDA"":""3,0%"",""CENIZAS"":""8,5%"",""CALCIO"":""1,0% | 1,6%"",""FÓSFORO"":""0,9% | 1,5%""}";"Imagenes_Alimentos/Purina/gatos/excellent/purina-excellent-comida-para-gatos-urinary.jpg";"https://purina.cl/sites/default/files/styles/webp/public/2024-05/8445290969880-1.jpg.webp?itok=FFwyw81M";"https://purina.cl/excellent/gatos/adultos-urinario"
"excellent-purina-excellent-sterilized";"Purina";"Excellent";"gato";"adulto";"PURINA® EXCELLENT™ Sterilized";"1 kg, 7,5 kg";"Encuentra comida para gatos en Excellent y descubre todos los beneficios de nutrición balanceada que ofrece para tu mascota. ¡Ingresa ahora mismo!";"Guía de alimentación";"{""PROTEÍNA CRUDA"":""36,0%"",""GRASA CRUDA"":""9,0%"",""HUMEDAD"":""12,0%"",""FIBRA CRUDA"":""6,0%"",""CENIZAS"":""9,5%"",""CALCIO"":""1,0% | 1,5%"",""FÓSFORO"":""1,0% | 1,4%""}";"Imagenes_Alimentos/Purina/gatos/excellent/purina-excellent-sterilized.png";"https://purina.cl/sites/default/files/styles/webp/public/2024-08/Excellent%20Sterilized%20Chile.png.webp?itok=KwaBjh1_";"https://purina.cl/excellent/gatos/adultos-esterilizado"
"doko-alimento-doko-cachorro-todos-los-tamanos-con-carne-pollo-y-cereales";"Purina";"Doko";"perro";"cachorro";"Alimento Doko® cachorro todos los tamaños con carne, pollo y cereales";"24 kg, 18 kg";"Doko Cachorro con Carne, Pollo, Cereales, Vegetales y Leche, alimento para cachorros con 5 fuentes de proteína, de las cuales 40% es de fuente animal.";"Maíz, harina de soya, afrechillo de trigo, harina de carne y hueso bovina, harina de plumas de pollo, grasa animal (cerdo y bovino), cloruro de sodio, hidrolizado de hígados de pollo y/o cerdo líquido, arroz, harina de subproductos de pollo, fosfato de calcio, L-treonina, premezcla mineral, suplemento vitamínico antioxidante, cloruro de colina, metionina, arveja deshidratada, zanahoria deshidratada, espinaca deshidratada, leche en polvo, triptófano. Eventuales sustitutos: Trigo, sorgo, fibra de soya, harina de carne y hueso de cerdo, pulpa de remolacha, harina de pescado, aceite de pollo, sebo bovino, zeolita, inulina, harina de salmón, gluten de maíz, taurina, lisina, harina de subproductos de pavo, harina de alga (Schizochytrium sp.), vitamina C, vitamina E, cloruro de potasio, celulosa, carbonato de calcio, hemoglobina en polvo";"{""Proteína bruta"":""21,0% | -"",""Grasa Cruda"":""9,0% | -"",""Humedad"":""- | 12,0%"",""Fibra Cruda"":""5,0% | -"",""Cenizas"":""- | 9,5%"",""Calcio"":""1,1% | 2,0%"",""Fósforo"":""1,0% | 1,5%""}";"Imagenes_Alimentos/Purina/perros/doko/alimento-doko-cachorro-todos-los-tamanos-con-carne-pollo-y-cereales.png";"https://purina.cl/sites/default/files/styles/webp/public/2022-11/Purina-Doko-cachorros.png.webp?itok=92VNqUR0";"https://purina.cl/doko/cachorros/carne-pollo-cereales-vegetales-leche"
"doko-alimento-doko-adulto-todos-los-tamanos-con-carne-pollo-y-cereales";"Purina";"Doko";"perro";"adulto";"Alimento Doko® adulto todos los tamaños con carne pollo y cereales";"24 kg, 18 kg, 15 kg";"Doko Adulto con Carne, Pollo, Cereales y Vegetales es un alimento para cachorros con 5 fuentes de proteína, de las cuales 40% es de fuente animal.";"Maíz, afrechillo de trigo, harina de plumas de pollo, harina de carne y hueso bovino, harina de soya, sebo animal (cerdo y bovino), cloruro de sodio, hidrolizado de hígado de pollo y/o cerdo líquido, carbonato de calcio, arroz, harina de subproductos de pollo, harina de carne y hueso animal (cerdo y bovino), suplemento vitamínico antioxidante, premezcla mineral, cloruro de colina, metionina, arveja deshidratada, zanahoria deshidratada, espinaca deshidratada. Eventuales sustitutos: Trigo, sorgo, fibra de soya, harina de carne y hueso de cerdo, pulpa de remolacha, fosfato de calcio, harina de pescado, aceite de pollo, sebo bovino, zeolita, inulina, harina de salmón, gluten de maíz, taurina, lisina, harina de subproductos de pavo, triptófano, treonina, harina de alga (Schizochytrium sp.), leche en polvo, vitamina C, vitamina E, cloruro de potasio, celulosa, hemoglobina en polvo.";"{""Proteína cruda"":""17,0% | -"",""Grasa Cruda"":""7,0% | -"",""Humedad"":""- | 12,0%"",""Fibra Cruda"":""- | 5,5%"",""Cenizas"":""- | 9,5%"",""Calcio"":""1,0% | 2,0%"",""Fósforo"":""0,6% | 1,4%""}";"Imagenes_Alimentos/Purina/perros/doko/alimento-doko-adulto-todos-los-tamanos-con-carne-pollo-y-cereales.png";"https://purina.cl/sites/default/files/styles/webp/public/2022-11/Purina-Doko-adulto.png.webp?itok=TiqTOeeN";"https://purina.cl/doko/adultos/carne-pollo-cereales-y-vegetales"
"dog-chow-alimento-seco-perro-dog-chow-adultos-minis-y-pequenos";"Purina";"Dog Chow";"perro";"adulto";"Alimento seco perro DOG CHOW® Adultos Minis y Pequeños";"3 kg, 8 kg, 12 kg, 16,5 kg, 19,5 kg";"Dog Chow Nutrición Reforzada: Alimento para perros adultos minis y pequeños con proteína de calidad, apoyo digestivo y salud oral. ¡Conócelo aquí!";"Guía de alimentación";"{""Proteína Cruda"":""20.0% | -"",""Grasa Cruda"":""12.0% | -"",""Humedad"":""- | 12.0%"",""Fibra Cruda"":""- | 4.0%"",""Cenizas"":""- | 9.0%"",""Calcio"":""1.1% | 1.8%"",""Fósforo"":""0.8% | 1.4%"",""Taurina"":""No especificado | -""}";"Imagenes_Alimentos/Purina/perros/dog-chow/alimento-seco-perro-dog-chow-adultos-minis-y-pequenos.png";"https://purina.cl/sites/default/files/styles/webp/public/2025-12/NEST0071_DOG%20CHOW_SIN%20PESO_FRONT_V.2_0.png.webp?itok=YudGQtuY";"https://purina.cl/dogchow/productos/adultos-minis-pequenos"
"dog-chow-alimento-seco-perro-dog-chow-adultos-7";"Purina";"Dog Chow";"perro";"adulto";"Alimento seco perro Dog Chow Adultos 7";"3 kg, 8 kg, 12 kg, 16,5 kg";"Dog Chow Adultos Mayores es un alimento para perros mayores con Nutrición Reforzada: fortalece defensas, equilibra la flora intestinal y cuida la salud oral.";"Guía de alimentación";"{""Proteína Cruda"":""24.0% | -"",""Grasa Cruda"":""8.0% | -"",""Humedad"":""- | 12.0%"",""Fibra Cruda"":""- | 6.0%"",""Cenizas"":""- | 9.0%"",""Calcio"":""1.1% | 1.8%"",""Fósforo"":""0.7% | 1.3%"",""Taurina"":""No especificado | -""}";"Imagenes_Alimentos/Purina/perros/dog-chow/alimento-seco-perro-dog-chow-adultos-7.png";"https://purina.cl/sites/default/files/styles/webp/public/2025-12/NEST0071_DOG%20CHOW_SIN%20PESO_FRONT_V1.png.webp?itok=P7pREYzT";"https://purina.cl/dogchow/productos/longevidad-adultos-7-mas"
"dog-chow-dog-chow-cachorros-todos-los-tamanos-con-pollo";"Purina";"Dog Chow";"perro";"cachorro";"Dog Chow® Cachorros Todos los Tamaños con Pollo";"100 g";"Alimento húmedo Dog Chow Cachorros todos los tamaños con pollo, para todas las razas. Cuida el crecimiento de tu perro con alimentación de calidad.";"Agua suficiente para proceso, carcasa de pollo, gluten de trigo y/o concentrado proteico de soya/soja y/o gluten de maíz, hígado de pollo, almidón de maíz, glicina, dextrosa, carne de pollo y/o pavo, fosfato bicálcico, hígado y/o vísceras de cerdo, sal, harina de alga (Schizochytrium sp.), cloruro de potasio, vitaminas (A, D3, E, K3, B1, B2, B3, B5, B6, B7, B9, B12, cloruro de colina), carbonato de calcio, minerales [(sulfatos: zinc, hierro, manganeso, cobre), (proteinatos: zinc, hierro, manganeso, cobre, selenio), yodato de calcio, selenito de sodio].";"{""Húmedad (máx.)"":""- | 80%"",""Proteína cruda (mín.)"":""11,0% | -"",""Grasa cruda (mín.)"":""2,2% | -"",""Fibra cruda (máx.)"":""- | 1,0%"",""Cenizas/Minerales (máx.)"":""- | 3,0%"",""Calcio (mín./max.)"":""0,25% | 0,55%"",""Fósforo (mín./max.)"":""0,25% | 0,45%""}";"Imagenes_Alimentos/Purina/perros/dog-chow/dog-chow-cachorros-todos-los-tamanos-con-pollo.jpg";"https://purina.cl/sites/default/files/styles/webp/public/2024-01/7891000115695-1.jpg.webp?itok=Lhu2jwnM";"https://purina.cl/dogchow/productos/cachorros-todos-tamanos-pollo"
"dog-chow-dog-chow-pollo-para-adultos-de-todos-los-tamanos";"Purina";"Dog Chow";"perro";"adulto";"DOG CHOW® pollo para Adultos de Todos los Tamaños";"100 g";"Dog Chow con pollo para perros adultos de todos los tamaños. Alimento húmedo para perros con Extralife que maximiza su calidad de vida.";"Agua suficiente para proceso, carcasa de pollo, hígado de pollo, gluten de trigo y/o concentrado proteico de soya/soja y/o gluten de maíz, almidón de maíz, glicina, dextrosa, carne de pollo y/o pavo, fosfato bicálcico, hígado y/o vísceras de cerdo, sal, carbonato de calcio, cloruro de potasio, vitaminas (A, D3, E, K3, B1, B2, B3, B5, B6, B7, B9, B12, cloruro de colina), minerales [(sulfatos: zinc, hierro, manganeso, cobre), (proteinatos: zinc, hierro, manganeso, cobre, selenio), yodato de calcio, selenito de sodio].";"{""Húmedad (máx.)"":""- | 82,0%"",""Proteína cruda (mín.)"":""10,0% | -"",""Grasa cruda (mín.)"":""2,0% | -"",""Fibra cruda (máx.)"":""- | 1,0%"",""Cenizas/Minerales (máx.)"":""- | 3,0%"",""Calcio (mín./max.)"":""0,15% | 0,55%"",""Fósforo (mín./max.)"":""0,13% | 0,40%""}";"Imagenes_Alimentos/Purina/perros/dog-chow/dog-chow-pollo-para-adultos-de-todos-los-tamanos.jpg";"https://purina.cl/sites/default/files/styles/webp/public/2024-01/7891000115657-1.jpg.webp?itok=_swAAbVF";"https://purina.cl/dogchow/productos/adultos-todos-tamanos-pollo"
"dog-chow-dog-chow-perros-adultos-minis-y-pequenos-con-carne";"Purina";"Dog Chow";"perro";"adulto";"Dog Chow® perros adultos minis y pequeños con carne";"100 g";"Alimento húmedo Dog Chow perros adultos minis y pequeños con carne, 100% completo y balanceado para perros de raza pequeña. Conoce más aquí.";"Agua suficiente para proceso, carne de pollo y/o pavo, gluten de trigo y/o concentrado proteico de soya/soja y/o gluten de maíz, hígado y/o vísceras de cerdo, carne vacuna, almidón de maíz, glicina, dextrosa, carcasa de pollo, fosfato bicálcico, hígado de pollo, sal, cloruro de potasio, vitaminas (A, D3, E, K3, B1, B2, B3, B5, B6, B7, B9, B12, cloruro de colina), carbonato de calcio, minerales [(sulfatos: zinc, hierro, manganeso, cobre), (proteinatos: zinc, hierro, manganeso, cobre, selenio), yodato de calcio, selenito de sodio].";"{""Humedad (máx.)"":""- | 81,0%"",""Proteína Cruda (mín.)"":""10,5% | -"",""Grasa Cruda (mín.)"":""2,3% | -"",""Fibra Cruda (máx.)"":""- | 1,0%"",""Cenizas (máx.)"":""- | 3,0%"",""Calcio (mín.) / (máx.)"":""0,15% | 0,45%"",""Fósforo (mín.) / (máx.)"":""0,13% | 0,40%""}";"Imagenes_Alimentos/Purina/perros/dog-chow/dog-chow-perros-adultos-minis-y-pequenos-con-carne.jpg";"https://purina.cl/sites/default/files/styles/webp/public/2024-01/7891000244135-1.jpg.webp?itok=naU6-WVC";"https://purina.cl/dogchow/productos/adultos-minis-y-pequenos-con-carne"
"dog-chow-dog-chow-adultos-sobres-de-comida-para-perros";"Purina";"Dog Chow";"perro";"adulto";"Dog Chow Adultos, sobres de comida para perros";"100 g";"Conoce los sobres de comida húmeda para perros adultos de todos los tamaños, con sabor a carne jugosa. ¡No esperes más y compra el tuyo en Dog Chow!";"Agua suficiente para proceso, carne de pollo y/o cordero, hígado y/o vísceras de cerdo, gluten de trigo y/o concentrado proteico de soya/soja y/o gluten de maíz, carne vacuna, almidón de maíz, glicina, dextrosa, fosfato bicálcico, carcasa de pollo, hígado de pollo, sal, cloruro de potasio, vitaminas (A, D3, E, K3, B1, B2, B3, B5, B6, B7, B9, B12, cloruro de colina), carbonato de calcio, minerales [(sulfatos: zinc, hierro, manganeso, cobre), (proteinatos: zinc, hierro, manganeso, cobre, selenio), yodato de calcio, selenito de sodio].";"{""Proteína Cruda (mín.)"":""10,0% | -"",""Grasa Cruda (mín.)"":""2,0% | -"",""Fibra Cruda (máx.)"":""- | 1,0%"",""Humedad (máx.)"":""- | 82,0%"",""Cenizas (máx.)"":""- | 3,0%"",""Calcio (mín.) / (máx.)"":""0,15% | 0,55%"",""Fósforo (mín.) / (máx.)"":""0,13% | 0,40%""}";"Imagenes_Alimentos/Purina/perros/dog-chow/dog-chow-adultos-sobres-de-comida-para-perros.jpg";"https://purina.cl/sites/default/files/styles/webp/public/2024-01/7891000115633-1.jpg.webp?itok=A53GgZmY";"https://purina.cl/dogchow/productos/adultos-todos-los-tamanos-carne"
"dog-chow-alimento-humedo-dog-chow-adultos-todos-los-tamanos-con-cordero";"Purina";"Dog Chow";"perro";"adulto";"Alimento húmedo Dog Chow® adultos todos los tamaños con cordero";"100 g";"Comida húmeda Dog Chow Cordero para perros adultos de todos los tamaños con Extralife que maximiza su calidad de vida. Descubre esto y más aquí.";"Agua suficiente para proceso, carne de pollo, gluten de trigo y/o concentrado proteico de soya/soja y/o gluten de maíz, hígado y/o carne de cordero, hígado de cerdo, almidón de maíz, glicina, dextrosa, fosfato bicálcico, hígado de pollo, vísceras de cerdo, sal, carbonato de calcio, cloruro de potasio, vitaminas (A, D3, E, K3, B1, B2, B3, B5, B6, B7, B9, B12, cloruro de colina), minerales [(sulfatos: zinc, hierro, manganeso, cobre), (proteinatos: zinc, hierro, manganeso, cobre, selenio), yodato de calcio, selenito de sodio].";"{""Proteína cruda (mín.)"":""10,0% | -"",""Grasa cruda (mín.)"":""2,0% | -"",""Fibra cruda (máx.)"":""- | 1,0%"",""Humedad (máx.)"":""- | 82,0%"",""Cenizas/Minerales (máx.)"":""- | 3,0%"",""Calcio (mín./máx.)"":""0,15% | 0,55%"",""Fósforo (mín./máx.)"":""0,13% | 0,40%""}";"Imagenes_Alimentos/Purina/perros/dog-chow/alimento-humedo-dog-chow-adultos-todos-los-tamanos-con-cordero.jpg";"https://purina.cl/sites/default/files/styles/webp/public/2024-01/7891000115671-1.jpg.webp?itok=SRtfRHU0";"https://purina.cl/dogchow/productos/adultos-todos-los-tamanos-cordero"
"dog-chow-dog-chow-cachorros-todos-los-tamanos-con-carne";"Purina";"Dog Chow";"perro";"cachorro";"DOG CHOW® Cachorros Todos los Tamaños con Carne";"100 g";"Alimento húmedo Dog Chow con Carne para cachorros de cualquier tamaño. ¡Dale a tu cachorro la nutrición que necesita! Compra ahora.";"Agua suficiente para proceso, carne de pollo y/o pavo, hígado y/o vísceras de cerdo, gluten de trigo y/o concentrado proteico de soya/soja y/o gluten de maíz, carne vacuna, almidón de maíz, glicina, dextrosa, carcasa de pollo, fosfato bicálcico, hígado de pollo, sal, harina de alga (Schizochytrium sp.), cloruro de potasio, vitaminas (A, D3, E, K3, B1, B2, B3, B5, B6, B7, B9, B12, cloruro de colina), carbonato de calcio, minerales [(sulfatos: zinc, hierro, manganeso, cobre), (proteinatos: zinc, hierro, manganeso, cobre, selenio), yodato de calcio, selenito de sodio].";"{""Proteína cruda (mín.)"":""11,0% | -"",""Grasa cruda (mín.)"":""2,2% | -"",""Fibra cruda (máx.)"":""- | 1,0%"",""Humedad (máx.)"":""- | 80,0%"",""Cenizas/Minerales (máx.)"":""- | 3,0%"",""Calcio (mín./máx.)"":""0,25% | 0,55%"",""Fósforo (mín./máx.)"":""0,25% | 0,45%""}";"Imagenes_Alimentos/Purina/perros/dog-chow/dog-chow-cachorros-todos-los-tamanos-con-carne.jpg";"https://purina.cl/sites/default/files/styles/webp/public/2024-01/7891000244746-1.jpg.webp?itok=TlodscZY";"https://purina.cl/dogchow/productos/cahorros-todos-los-tamanos-con-carne"
"dog-chow-alimento-seco-perro-dog-chow-adultos-medianos-y-grandes";"Purina";"Dog Chow";"perro";"adulto";"Alimento seco perro DOG CHOW® Adultos Medianos y Grandes";"3 kg, 8 kg, 12 kg, 16,5 kg, 19,5 kg";"Dog Chow Nutrición Reforzada: Alimento para perros adultos medianos y grandes con proteína de calidad, apoyo digestivo y salud oral. ¡Conócelo aquí!";"Guía de alimentación";"{""Proteína Cruda"":""21.0% | -"",""Grasa Cruda"":""10.0% | -"",""Humedad"":""- | 12.0%"",""Fibra Cruda"":""- | 4.0%"",""Cenizas"":""- | 9.0%"",""Calcio"":""1.1% | 1.8%"",""Fósforo"":""0.8% | 1.4%"",""Taurina"":""No especificado | -""}";"Imagenes_Alimentos/Purina/perros/dog-chow/alimento-seco-perro-dog-chow-adultos-medianos-y-grandes.png";"https://purina.cl/sites/default/files/styles/webp/public/2025-12/NEST0071_DOG%20CHOW_SIN%20PESO_FRONT_V.2.png_0.webp?itok=XvdqhZcQ";"https://purina.cl/dogchow/productos/medianos-grandes-carne-pollo"
"dog-chow-galletas-para-perro-dog-chow-adultos-medianos-y-grandes";"Purina";"Dog Chow";"perro";"adulto";"Galletas para perro DOG CHOW® Adultos Medianos y Grandes";"300 g";"Dog Chow Galletas para perros adultos medianos y grandes, sabor pollo. Con omega 6, vitaminas y minerales; cuidan su salud oral y pelaje.¡Pruébalas!";"Harina de trigo, azúcar, aceite de pollo, hidrolizado líquido de (hígado de aves y vísceras de cerdo y/o hígado de aves y cerdo y/o carne de aves e hígado de aves y cerdo), harina de vísceras y/o subproductos de pollo, propionato de calcio, vitaminas (A, D3, E, K3, B1, B2, B3, B5, B6, B7, B9, B12, cloruro de colina), minerales (sulfato de hierro, sulfato de cobre, monóxido de manganeso y/o sulfato de manganeso, sulfato de zinc y/o óxido de zinc, yodato de calcio, selenito de sodio), BHT, bicarbonato de sodio, metabisulfito sódico.";"{""Proteína Cruda"":""10.0% | -"",""Grasa Cruda"":""5.0% | -"",""Humedad"":""- | 10.0%"",""Fibra Cruda"":""- | 3.0%"",""Cenizas"":""- | 3.0%"",""Calcio"":""0,09% | 0,55%"",""Fósforo"":""0,08% | 0,55%"",""Taurina"":""No especificado | -""}";"Imagenes_Alimentos/Purina/perros/dog-chow/galletas-para-perro-dog-chow-adultos-medianos-y-grandes.png";"https://purina.cl/sites/default/files/styles/webp/public/2025-12/MKP-Pouch-ADUl-MED-GRANDE-DCHOW-GALLETAS-500g%20Med.png.webp?itok=ndmsuv9N";"https://purina.cl/dogchow/productos/galletas/adultos-medianos-grandes"
"dog-chow-dog-chow-alta-proteina-alimento-alto-en-proteina-para-perro";"Purina";"Dog Chow";"perro";"adulto";"Dog Chow Alta Proteína: alimento alto en proteína para perro";"3 kg, 8 kg, 15 kg";"Descubre los beneficios de Dog Chow Alta Proteína, el alimento para perro alto en proteína y cómo ayuda a mantener su vitalidad y desarrollo óptimo.";"Guía de alimentación";"{""Proteína Cruda (mín.)"":""25,0% | -"",""Grasa Cruda (mín.)"":""12,0% | -"",""Humedad (máx.)"":""- | 12,0%"",""Fibra Cruda (máx.)"":""- | 4,0%"",""Cenizas (max)"":""- | 9,0%"",""Calcio (min/ max)"":""1,1% | 1,8%"",""Fósforo (min / max)"":""0,8% | 1,4%""}";"Imagenes_Alimentos/Purina/perros/dog-chow/dog-chow-alta-proteina-alimento-alto-en-proteina-para-perro.png";"https://purina.cl/sites/default/files/styles/webp/public/2024-03/8445290563712-1.png.webp?itok=pn0MXhRf";"https://purina.cl/dogchow/alta-proteina"
"dog-chow-dog-chow-adultos-todos-los-tamanos-multi-proteina";"Purina";"Dog Chow";"perro";"adulto";"DOG CHOW® Adultos Todos los Tamaños Multi Proteína";"3 kg, 8 kg, 12 kg, 15 kg";"Alimento seco para perros adultos de todos los tamaños Dog Chow Multi Proteína, con Extralife®. Con carne, pollo, salmón, cerdo y pavo. ¡Conoce más!";"Guía de alimentación";"{""Proteína Cruda (mín.)"":""23,0% | -"",""Grasa Cruda (mín.)"":""12,0% | -"",""Humedad (máx.)"":""- | 12,0%"",""Fibra Cruda (máx.)"":""- | 4,0%"",""Cenizas (max)"":""- | 9,0%"",""Calcio (min/ max)"":""1,1% | 1,8%"",""Fósforo (min / max)"":""0,8% | 1,4%""}";"Imagenes_Alimentos/Purina/perros/dog-chow/dog-chow-adultos-todos-los-tamanos-multi-proteina.png";"https://purina.cl/sites/default/files/styles/webp/public/2024-03/8445290564085-1.png.webp?itok=NtvDimYw";"https://purina.cl/dogchow/multi-proteina"
"dog-chow-dog-chow-gran-comienzo-para-cachorro-minis-y-pequenos";"Purina";"Dog Chow";"perro";"cachorro";"DOG CHOW® GRAN COMIENZO® para cachorro minis y pequeños";"3 kg, 8 kg, 19,5 kg";"Dog Chow Gran Comienzo minis y pequeños. Alimento seco para cachorros con DHA, prebiótico natural, vitaminas, y omegas 6 y 3 para su desarrollo integral.";"Maíz, harina de carne y hueso de cerdo, harina de soya/soja, gluten de maíz, trigo, aceite de pollo, grasa animal (cerdo y bovino), hidrolizado líquido de vísceras de aves y cerdo, harina de subproductos de pollo, afrechillo de trigo, cloruro de sodio, arroz, harina de carne y hueso vacuna (res), zeolita, inulina, suplemento vitamínico antioxidante, harina de alga (Schizochytrium sp), minerales [(sulfatos: zinc, hierro, manganeso, cobre), minerales de alta absorción /quelados (proteinatos y/o glicinatos: zinc, hierro, manganeso, cobre, selenio), yodato de calcio, selenito de sodio], vitamina E, leche vacuna (res) deshidratada, zanahoria, plátano (banana), manzana, cloruro de potasio, cloruro de colina, vitamina C, L-triptófano, carbonato de calcio, taurina, DL-metionina, L-lisina. LACV4F1253 Eventuales sustitutos: Sorgo, fibra de soya/soja, pulpa de remolacha, pared celular de levadura (Saccharomyces cerevisiae), celulosa en polvo, harina de subproductos de pavo, harina de pescado, hidrolizado líquido de hígado de pollo y cerdo, hidrolizado líquido de vísceras de pollo, grasa de cerdo, harina de salmón, harina de carne y hueso animal (cerdo y bovino), harina de plumas hidrolizada de pollo, fosfato de calcio, treonina.";"{""HUMEDAD"":""- | 12,0%"",""PROTEÍNA CRUDA"":""27,0% | -"",""EXTRACTO ETÉREO / GRASA BRUTA"":""14,0% | -"",""FIBRA CRUDA"":""- | 3,5%"",""CENIZAS/MINERALES"":""- | 9,0%"",""CALCIO"":""1,1% | 1,6%"",""FÓSFORO"":""0,9% | 1,4%"",""Energía Metabolizable (prom. calculada): 3.850 kcal/kg"":""""}";"Imagenes_Alimentos/Purina/perros/dog-chow/dog-chow-gran-comienzo-para-cachorro-minis-y-pequenos.png";"https://purina.cl/sites/default/files/styles/webp/public/2025-05/Minis-y-Peque%C3%B1os.png.webp?itok=jy-SKtX3";"https://purina.cl/dogchow/productos/gran-comienzo-cachorro-minis-y-pequenos"
"dog-chow-dog-chow-gran-comienzo-para-cachorro-medianos-y-grandes";"Purina";"Dog Chow";"perro";"cachorro";"DOG CHOW® GRAN COMIENZO® para cachorro medianos y grandes";"3 kg, 8 kg, 12 kg, 16,5 kg, 19,5 kg";"Dog Chow Gran Comienzo medianos y grandes. Alimento seco para cachorros con DHA, prebiótico natural, vitaminas, minerales y omegas para un desarrollo completo.";"Maíz, harina de soya/soja, harina de carne y hueso de cerdo, gluten de maíz, trigo, aceite de pollo, grasa animal (cerdo y vacuno), harina de subproductos de pollo, hidrolizado líquido de vísceras de aves y cerdo, afrechillo de trigo, cloruro de sodio, arroz, harina de carne y hueso vacuna (res), zeolita, inulina, minerales [(sulfatos: zinc, hierro, manganeso, cobre), minerales de alta absorción /quelados (proteinatos y/o glicinatos: zinc, hierro, manganeso, cobre, selenio), yodato de calcio, selenito de sodio], harina de alga (Schizochytrium sp), suplemento vitamínico antioxidante, vitamina E, leche vacuna (res) deshidratada, zanahoria, plátano (banana), manzana, cloruro de colina, vitamina C, taurina, cloruro de potasio, carbonato de calcio, DLmetionina, L-lisina. LACV5F2254 Eventuales sustitutos: Sorgo, fibra de soya/soja, pulpa de remolacha, pared celular de levadura (Saccharomyces cerevisiae), celulosa en polvo, harina de subproductos de pavo, harina de pescado, harina de salmón, grasa de cerdo, hidrolizado líquido de hígado de pollo y cerdo, hidrolizado líquido de vísceras de pollo, harina de carne y hueso animal (cerdo y bovino), harina de plumas hidrolizada de pollo, huevo de gallina en polvo, triptófano, fosfato de calcio, treonina.";"{""HUMEDAD"":""- | 12,0%"",""PROTEÍNA CRUDA"":""26,0% | -"",""EXTRACTO ETÉREO / GRASA BRUTA"":""10,0% | -"",""FIBRA CRUDA"":""- | 3,5%"",""CENIZAS/MINERALES"":""- | 8,5%"",""CALCIO"":""1,1% | 1,6%"",""FÓSFORO"":""0,9% | 1,4%"",""Energía Metabolizable (prom. calculada): 3.700 kcal/kg"":""""}";"Imagenes_Alimentos/Purina/perros/dog-chow/dog-chow-gran-comienzo-para-cachorro-medianos-y-grandes.png";"https://purina.cl/sites/default/files/styles/webp/public/2025-05/Medianos-y-Grandes.png.webp?itok=WQgh5yeJ";"https://purina.cl/dogchow/productos/gran-comienzo-cachorro-mediano-grande"
"dog-chow-galletas-para-perro-dog-chow-cachorros-todos-los-tamanos";"Purina";"Dog Chow";"perro";"cachorro";"Galletas para perro DOG CHOW® Cachorros Todos los Tamaños";"300 g";"Dog Chow Galletas para perros cachorros de todos los tamaños, sabor pollo y leche. Con omega 6, vitaminas y minerales; cuidan su salud oral y pelaje.";"Harina de trigo, azúcar, aceite de pollo, hidrolizado líquido de (hígado de aves y vísceras de cerdo y/o hígado de aves y cerdo y/o carne de aves e hígado de aves y cerdo), sabor a leche, harina de vísceras y/o subproductos de pollo, leche en polvo entera, propionato de calcio, vitaminas (A, D3, E, K3, B1, B2, B3, B5, B6, B7, B9, B12, cloruro de colina), minerales (sulfato de hierro, sulfato de cobre, monóxido de manganeso y/o sulfato de manganeso, sulfato de zinc y/o óxido de zinc, yodato de calcio, selenito de sodio), BHT, bicarbonato de sodio, metabisulfito sódico.";"{""Proteína Cruda"":""10.0% | -"",""Grasa Cruda"":""5.0% | -"",""Humedad"":""- | 10.0%"",""Fibra Cruda"":""- | 3.0%"",""Cenizas"":""- | 3.0%"",""Calcio"":""0.09% | 0.55%"",""Fósforo"":""0.08% | 0.55%"",""Taurina"":""No especificado | -""}";"Imagenes_Alimentos/Purina/perros/dog-chow/galletas-para-perro-dog-chow-cachorros-todos-los-tamanos.png";"https://purina.cl/sites/default/files/styles/webp/public/2025-12/MKP%20Pouch%20DCHOW%20GALLETAS%20500g.png.webp?itok=HDvaFMH2";"https://purina.cl/dogchow/productos/galletas/cachorros-todos-los-tamanos"
"dentalife-dentalife-perro-pequena-snack-dental-perros";"Purina";"Dentalife";"perro";"adulto";"Dentalife® perro pequeña | snack dental perros";"42 g";"Descubre Dentalife para perro pequeño ideal para el cuidado oral diario, con textura porosa para limpiar los dientes. ¡Adquiere este producto en Dentalife!";"Harina de arroz gelatinizado y/o arroz de cervecería y/o maíz pre-gelatinizado, harina de trigo, glicerina, harina de menudencias de pollo y/o pavo, fosfato dicálcico, ácido sórbico, propionato de calcio, bicarbonato de sodio, antioxidante BHT, ácido fosfórico, mono y diglicéridos, de ácidos grasos, levadura seca de cervecería, y/o caña de azúcar ( Saccharomyces cerevisiae ssp. )";"{""Humedad (máx.)"":""- | 15%"",""Proteína cruda (mín)"":""6% | -"",""Extracto Etéreo (mín)"":""1% | -"",""Fibra cruda (máx)"":""- | 1,5%"",""Minerales/cenizas (máx)"":""- | 3%"",""Calcio (mín/máx)"":""0.10% | 0.60%"",""Fósforo (mín/máx)"":""0.30% | 0.80%""}";"Imagenes_Alimentos/Purina/perros/dentalife/dentalife-perro-pequena-snack-dental-perros.png";"https://purina.cl/sites/default/files/styles/webp/public/2022-10/purina-dentalife-perro-pequenio.png.webp?itok=Yrkp1hcE";"https://purina.cl/dentalife/perro-pequeno"
"dentalife-dentalife-perro-mediano-snack-dental-perros";"Purina";"Dentalife";"perro";"adulto";"Dentalife® perro mediano | snack dental perros";"119 g";"Dentalife para perros medianos, diseñado para mantener la salud dental de tu mascota diariamente con una fórmula eficaz y sabrosa. ¡Ingresa en Dentalife!";"Harina de arroz gelatinizado y/o arroz de cervecería y/o maíz pre-gelatinizado, harina de trigo, glicerina, harina de menudencias de pollo y/o pavo, fosfato dicálcico, ácido sórbico, propionato de calcio, bicarbonato de sodio, antioxidante BHT, ácido fosfórico, mono y diglicéridos, de ácidos grasos, levadura seca de cervecería, y/o caña de azúcar ( Saccharomyces cerevisiae ssp. )";"{""Humedad (máx.)"":""- | 15%"",""Proteína cruda (mín)"":""6% | -"",""Extracto Etéreo (mín)"":""1% | -"",""Fibra cruda (máx)"":""- | 1,5%"",""Minerales/cenizas (máx)"":""- | 3%"",""Calcio (mín/máx)"":""0.10% | 0.60%"",""Fósforo (mín/máx)"":""0.30% | 0.80%""}";"Imagenes_Alimentos/Purina/perros/dentalife/dentalife-perro-mediano-snack-dental-perros.png";"https://purina.cl/sites/default/files/styles/webp/public/2022-10/purina-dentalife-perro-mediano.png.webp?itok=Bum-ChDe";"https://purina.cl/dentalife/perro-mediano"
"dentalife-dentalife-perro-grande-snack-dental-perros";"Purina";"Dentalife";"perro";"adulto";"Dentalife® perro grande | snack dental perros";"196 g";"Dentalife para perros grandes, diseñado para mantener la salud dental de tu mascota diariamente con una fórmula eficaz y sabrosa. Ingresa ahora en Dentalife";"";"{""Humedad (máx.)"":""- | 15%"",""Proteína cruda (mín)"":""6% | -"",""Extracto Etéreo (mín)"":""1% | -"",""Fibra cruda (máx)"":""- | 1.5%"",""Minerales/cenizas (máx)"":""- | 3%"",""Calcio (mín/máx)"":""0.10% | 0.60%"",""Fósforo (mín/máx)"":""0.30% | 0.80%""}";"Imagenes_Alimentos/Purina/perros/dentalife/dentalife-perro-grande-snack-dental-perros.png";"https://purina.cl/sites/default/files/styles/webp/public/2022-10/purina-dentalife-perro-grande.png.webp?itok=m1KhiDuj";"https://purina.cl/dentalife/perro-grande"
"dentalife-snack-dentalife-gato-sabor-a-pollo";"Purina";"Dentalife";"gato";"adulto";"Snack Dentalife® gato sabor a pollo";"40 g";"Dentalife Gato, Snack dental sabor a pollo está hecho con una innovadora textura, comprobada científicamente que reduce la formación de sarro.";"Maíz, harina de menudencias de pollo y/o pavo, gluten de maíz, harina de atún, harina de salmón, celulosa, grasa animal (pollo y/o cerdo) preservada, saborizante a base de menudencias de cerdo y/o pollo, levadura seca de cervecería (Saccharomyces cerevisiae spp), sal, fosfato dicálcico, carbonato de calcio, glicerina, taurina, L-lisina, dextrosa, suplementos vitamínicos, suplementos minerales , BHT.";"{""Humedad"":""- | 9,5%"",""Proteina Cruda"":""34,0% | -"",""Grasa Cruda"":""11,0% | -"",""Fibra Cruda"":""- | 6,0%"",""Calcio"":""1,2% | 2,0%"",""Fósforo"":""1,0% | 1,5%"",""Energía Metabolizable"":""1,5kcal/unidad | -""}";"Imagenes_Alimentos/Purina/gatos/dentalife/snack-dentalife-gato-sabor-a-pollo.jpg";"https://purina.cl/sites/default/files/styles/webp/public/2022-11/purina-dentalife-pollo.jpg.webp?itok=5AS0BmhE";"https://purina.cl/dentalife/gato-delicioso-sabor-pollo"