id;marca_madre;submarca;especie;etapa_vida;nombre;formatos;descripcion;ingredientes;analisis_garantizado;imagen_local;url_imagen_original;url_origen
plaisir-plaisir-chef-dog-chicken-casserole-w-ricetomatoes-380-gr;Grupo MOR;Plaisir;perro;adulto;PLAISIR CHEF DOG CHICKEN CASSEROLE W/ RICE&TOMATOES, 380 GR;380 gr;• Estofado en salsa para perros adultos con más de 30% de pollo (31%), arroz (8%) y tomate (8%). • Un 91% de proteínas de origen animal, con un 91% de carne en los filetes. • 8,0% de proteína bruta y 783 kcal/kg. • Envase Tetra con 70% de cartón certificado FSC: práctico de almacenar, abrir y volver a cerrar. • Elaborado sin colorantes, para ofrecer el máximo sabor y disfrute. • Formato de 380 gr, alimento completo y balanceado.;Carne y subproductos animales 39% (pollo 31%), Cereales (arroz 8%), Subproductos vegetales, Verduras (tomate 8%), Minerales, Azucares. 91% de carne en Filetes. ADITIVOS Vitamina E 30,5mg, Vitamina B1 4,2 mg, Vitamina B6 0,7 mg, Taurina 395 mg, Manganeso 1,81 mg, Zinc 8,47 mg, Yodo 0,27 mg, Cobre 0,25mg.;"{""Proteína Bruta"": ""8,0%"", ""Grasa Bruta"": ""5,0%"", ""Ceniza Bruta"": ""2,0%"", ""Humedad"": ""77,0%"", ""Fibra bruta"": ""7,0%"", ""Energía Metabolizable"": ""783 kcal/kg""}";Imagenes_Alimentos/GrupoMOR/perros/Plaisir/plaisir-plaisir-chef-dog-chicken-casserole-w-ricetomatoes-380-gr.png;https://grupomor.cl/wp-content/uploads/2026/08/Perro-Estofado-de-pollo-en-salsa-con-arroz-y-tomates-380gr.png;https://grupomor.cl/producto/plaisir-chef-dog-chicken-casserole-w-ricetomatoes-380-gr/
plaisir-plaisir-chef-dog-fish-terrine-w-pastacourgettes-380-gr;Grupo MOR;Plaisir;perro;adulto;PLAISIR CHEF DOG FISH TERRINE W/ PASTA&COURGETTES, 380 GR;380 gr;• Terrina para perros adultos con 26% de pescado (bacalao), pasta (8%) y calabacines (8%). • Un 77% de proteínas de origen animal, para responder a sus altas necesidades proteicas. • 10,0% de proteína bruta y solo 3,0% de grasa bruta. • Envase Tetra con 70% de cartón certificado FSC: práctico de almacenar, abrir y volver a cerrar. • Elaborado sin colorantes, para ofrecer el máximo sabor y disfrute. • Formato de 380 gr, alimento completo y balanceado.;Pescado y subproducto de pescado 26%. (bacalao 26%), Carne y subproductos animales 25%, Verduras (calabacines 8%), Productos de panadería (pasta 8 %) Minerales azucares, subproductos vegetales. ADITIVOS Vitamina E 70,1mg, Vitamina B1 15,7 mg, Vitamina B6 0.06 mg, Taurina 147 mg, Manganeso 0,85 mg, Zinc 11,2 mg, Yodo 0,19 mg, Cobre 0,07 mg;"{""Proteína Bruta"": ""10,0%"", ""Grasa Bruta"": ""3,0%"", ""Ceniza Bruta"": ""2,5%"", ""Humedad"": ""73,0%"", ""Fibra bruta"": ""2,1%"", ""Energía Metabolizable"": ""684 kcal/kg""}";Imagenes_Alimentos/GrupoMOR/perros/Plaisir/plaisir-plaisir-chef-dog-fish-terrine-w-pastacourgettes-380-gr.png;https://grupomor.cl/wp-content/uploads/2026/08/Perro-Pate-afinado-de-pescado-con-pasta-y-calabacines-380-gr.png;https://grupomor.cl/producto/plaisir-chef-dog-fish-terrine-w-pastacourgettes-380-gr/
plaisir-plaisir-chef-cat-chicken-casserole-w-tomatoesolives-190-gr;Grupo MOR;Plaisir;gato;adulto;PLAISIR CHEF CAT CHICKEN CASSEROLE W/ TOMATOES&OLIVES, 190 GR;190 gr;• Estofado en salsa para gatos adultos con más de 30% de pollo (31%), tomates (4%) y aceitunas (4%). • Un 94% de proteínas de origen animal y un 89% de carne en las tiras de pollo. • 8,0% de proteína bruta, 80% de humedad y 684 kcal/kg. • Envase Tetra con 70% de cartón certificado FSC: práctico de almacenar, abrir y volver a cerrar. • Elaborado sin colorantes, para ofrecer el máximo sabor y disfrute. • Formato de 190 gr, alimento completo y balanceado.;Carnes y subproductos animales 39% (pollo 31%), Frutas (aceitunas 4%), Subproductos vegetales, Minerales, Verduras (tomates 4%), Azúcares. 89% de carne en las tiras de pollo. ADITIVOS Vitamina E 26,5 mg, Vitamina B1 3,67 mg, Vitamina B6 0. 61 mg, Taurina 342 mg, DL-metionina 2017 mg, Manganeso 1,57 mg, Zinc 8,56 mg, Yodo 0,23 mg, Cobre 0,20 mg.;"{""Proteína Bruta"": ""8,0%"", ""Grasa Bruta"": ""5,0%"", ""Ceniza Bruta"": ""2,0%"", ""Humedad"": ""80,0%"", ""Fibra bruta"": ""5,0%"", ""Energía Metabolizable"": ""684 kcal/kg""}";Imagenes_Alimentos/GrupoMOR/gatos/Plaisir/plaisir-plaisir-chef-cat-chicken-casserole-w-tomatoesolives-190-gr.png;https://grupomor.cl/wp-content/uploads/2026/08/Gato-Estofado-de-pollo-en-salsa-con-tomates-y-aceitunas-190-gr.png;https://grupomor.cl/producto/plaisir-chef-cat-chicken-casserole-w-tomatoesolives-190-gr/
plaisir-plaisir-chef-cat-salmon-terrine-w-spinachcream-190-gr;Grupo MOR;Plaisir;gato;adulto;PLAISIR CHEF CAT SALMON TERRINE W/ SPINACH&CREAM, 190 GR;190 gr;• Terrina para gatos adultos con 30% de salmón, espinacas (4%) y nata en polvo (4%). • Un 81% de proteínas de origen animal, para responder a sus altas necesidades proteicas. • Textura mousse con 10,0% de proteína bruta y 1.309 kcal/kg. • Envase Tetra con 70% de cartón certificado FSC: práctico de almacenar, abrir y volver a cerrar. • Elaborado sin colorantes, para ofrecer el máximo sabor y disfrute. • Formato de 190 gr, alimento completo y balanceado.;Pescado y subproductos de pescado 30% (salmón 30%), Carne y subproductos animales 26%, Verduras (espinacas 4%), Leche y productos lácteos (nata en polvo 4%), Minerales, Azúcares, Subproductos vegetales. ADITIVOS Vitamina E 71,3 mg, Vitamina B1 16,0 mg, Vitamina B6 0,06 mg, Taurina 150 mg, DL-metionina 2276 mg, Manganeso 0,86 mg, Zinc 11,38 mg, Yodo 0,2 mg, Cobre 0,07 mg.;"{""Proteína Bruta"": ""10,0%"", ""Grasa Bruta"": ""10,0%"", ""Ceniza Bruta"": ""2,0%"", ""Humedad"": ""74,0%"", ""Fibra bruta"": ""1,5%"", ""Energía Metabolizable"": ""1309 kcal/kg""}";Imagenes_Alimentos/GrupoMOR/gatos/Plaisir/plaisir-plaisir-chef-cat-salmon-terrine-w-spinachcream-190-gr.png;https://grupomor.cl/wp-content/uploads/2026/08/Gato-Pate-afinado-de-salmon-con-espinacas-y-crema-190-gr-.png;https://grupomor.cl/producto/plaisir-chef-cat-salmon-terrine-w-spinachcream-190-gr/
plaisir-plaisir-care-chunks-pouch-urinary-support-12-x-85-gr;Grupo MOR;Plaisir;gato;adulto;PLAISIR CARE CHUNKS POUCH URINARY SUPPORT, 12 X 85 GR;85 gr;• Fórmula desarrollada para favorecer la acidificación de la orina y ayudar a prevenir problemas urinarios. • Con DL-metionina y arándanos (cranberry 0,4%), tradicionalmente reconocido por sus beneficios en el tracto urinario. • Aporte adecuado de minerales y alto contenido de humedad (83,5%) para un sistema urinario saludable. • Trozos en salsa con carne y derivados animales 34,4% y pescado 4%. • Pack de 12 sobres de 85 gr (1,02 kg en total). • Alimento completo y balanceado, sin colorantes ni conservantes artificiales.;Carne y derivados animales 34,4%, pescado y derivados del pescado (pescado 4%), derivados de origen vegetal, frutas (arándanos deshidratados 0,4%), minerales, azúcares varios. ADITIVOS Vitamina E 28mg, Vitamina B1 2,22mg, vitamina B6 0,22mg, Taurina 208,8mg, Manganeso 1,71mg, Zinc 14,44mg, Yodo 0,15 mg, Cobre 0,27mg, DL Metionina 2061mg;"{""Proteína Bruta"": ""8,5%"", ""Grasa Bruta"": ""3,7%"", ""Ceniza Bruta"": ""1,4%"", ""Humedad"": ""83,5%"", ""Fibra bruta"": ""0,3%"", ""Energía Metabolizable"": ""703 kcal/kg""}";Imagenes_Alimentos/GrupoMOR/gatos/Plaisir/plaisir-plaisir-care-chunks-pouch-urinary-support-12-x-85-gr.png;https://grupomor.cl/wp-content/uploads/2026/08/Care-Urinary-Support-Chunks-with-fish-in-gravy-12x85-gr.png;https://grupomor.cl/producto/plaisir-care-chunks-pouch-urinary-support-12-x-85-gr/
plaisir-plaisir-care-chunks-pouch-intestinal-comfort-12-x-85-gr;Grupo MOR;Plaisir;gato;adulto;PLAISIR CARE CHUNKS POUCH INTESTINAL COMFORT, 12 X 85 GR;85 gr;• Pensado para gatos con sistema digestivo sensible, con fructooligosacáridos (FOS 0,54%) y vitamina B1. • Ayuda a mantener el equilibrio de la flora intestinal y contribuye a su bienestar digestivo. • Con vitamina E, reconocida por sus propiedades antioxidantes, que ayuda a proteger las células. • Trozos en salsa con carne y derivados animales 44% (incluido pollo 10%). • Pack de 12 sobres de 85 gr (1,02 kg en total). • Alimento completo y balanceado, sin colorantes ni conservantes artificiales.;Carne y derivados animales 44% (incluido pollo 10 %), derivados de origen vegetal (incluido FOS 0,54%), minerales, azúcares varios. ADITIVOS Vitamina E 32mg, Vitamina B1 4,03mg, vitamina B6 0,25mg, Taurina 236mg, Manganeso 1,93mg, Zinc 16,32mg, Yodo 0,17 mg, Cobre 0,31mg.;"{""Proteína Bruta"": ""9,9%"", ""Grasa Bruta"": ""4,0%"", ""Ceniza Bruta"": ""1,7%"", ""Humedad"": ""81,8%"", ""Fibra bruta"": ""0,5%"", ""Energía Metabolizable"": ""760 kcal/kg""}";Imagenes_Alimentos/GrupoMOR/gatos/Plaisir/plaisir-plaisir-care-chunks-pouch-intestinal-comfort-12-x-85-gr.png;https://grupomor.cl/wp-content/uploads/2026/08/Care-Intestinal-Comfort-Chunks-with-Chicken-in-gravy-12x85-gr.png;https://grupomor.cl/producto/plaisir-care-chunks-pouch-intestinal-comfort-12-x-85-gr/
plaisir-plaisir-care-chunks-pouch-hairball-control-12-x-85-gr;Grupo MOR;Plaisir;gato;adulto;PLAISIR CARE CHUNKS POUCH HAIRBALL CONTROL, 12 X 85 GR;85 gr;"• Receta específica que ayuda a favorecer la eliminación de las bolas de pelo gracias a su alto contenido en fibra. • Con aceite de girasol y aceite de pescado, fuente de Omega-3 y Omega-6, que contribuyen a reducir la caída del pelo. • Trozos en salsa con pollo (4%) y fibra de avena (1,1%); alimento completo y balanceado. • Pack de 12 sobres de 85 gr (1,02 kg en total). • Fórmula elaborada por veterinarios, con vitaminas E, B1 y B6, taurina y biotina. • Sin colorantes ni conservantes artificiales.";Carnes y subproductos animales 41,9 % (incluyendo pollo 4%), derivados de origen vegetal (incluyendo fibra de avena 1.1%), extractos de proteínas vegetales, aceites y grasas (aceite de girasol 0.3%, aceite de pescado 0.17%) minerales, varios azúcares. ADITIVOS Vitamina E 75mg, Vitamina B1 2,43mg, vitamina B6 0,24mg, Taurina 228,5mg, Biotina 0,31mg, Manganeso 1,87mg, Zinc 15,8mg, Yodo 0,16 mg, Cobre 0,30mg.;"{""Proteína Bruta"": ""9,4%"", ""Grasa Bruta"": ""4,4%"", ""Ceniza Bruta"": ""1,6%"", ""Humedad"": ""80,8%"", ""Fibra bruta"": ""1,4%"", ""Energía Metabolizable"": ""787 kcal/kg""}";Imagenes_Alimentos/GrupoMOR/gatos/Plaisir/plaisir-plaisir-care-chunks-pouch-hairball-control-12-x-85-gr.png;https://grupomor.cl/wp-content/uploads/2026/08/Care-Hairball-Control-Chunks-with-Chicken-in-gravy-12x-85-gr.png;https://grupomor.cl/producto/plaisir-care-chunks-pouch-hairball-control-12-x-85-gr/
plaisir-plaisir-pate-alutray-adult-dog-chicken-vegetables-300-gr;Grupo MOR;Plaisir;perro;adulto;PLAISIR PATE ALUTRAY ADULT DOG CHICKEN & VEGETABLES, 300 GR;300 gr;• Paté para perros adultos en bandeja de 300 gr, con un mínimo de 55% de carnes y subproductos de origen animal. • Receta de pollo (4%) con verduras (zanahorias y guisantes 4%) como aporte de fibra.;• Sin cereales añadidos y sin colorantes. • 9,5% de proteína bruta, 4,5% de grasa bruta y 81% de humedad. • Elaborado bajo control veterinario, con vitaminas E, B1 y B8. Carne y subproductos animales 55% (incluyendo pollo 4%), Verduras (zanahorias y guisantes 4%), Minerales. ADITIVOS Vitamina E 88mg, Taurina 184.92mg, Vitamina B1 19.82mg, Vitamina B6 0.07mg, Cobre 0.08mg, Manganeso 1.06 mg, Zinc 14.06mg, Yodo 0.24mg.;"{""Proteína Bruta"": ""9,5%"", ""Grasa Bruta"": ""4,5%"", ""Ceniza Bruta"": ""2,5%"", ""Humedad"": ""81,0%"", ""Fibra bruta"": ""0,8%"", ""Energía Metabolizable"": ""774 kcal/kg""}";Imagenes_Alimentos/GrupoMOR/perros/Plaisir/plaisir-plaisir-pate-alutray-adult-dog-chicken-vegetables-300-gr.png;https://grupomor.cl/wp-content/uploads/2026/08/Pate-con-pollo-y-verduras-para-perro-adulto-300gr.png;https://grupomor.cl/producto/plaisir-pate-alutray-adult-dog-chicken-vegetables-300-gr/
plaisir-plaisir-pate-alutray-adult-dog-beef-vegetables-300-gr;Grupo MOR;Plaisir;perro;adulto;PLAISIR PATE ALUTRAY ADULT DOG BEEF & VEGETABLES, 300 GR;300 gr;• Paté para perros adultos en bandeja de 300 gr, con un mínimo de 55% de carnes y subproductos de origen animal. • Receta de vacuno (buey 4%) con verduras (zanahorias y guisantes 4%) como aporte de fibra.;• Sin cereales añadidos y sin colorantes. • 9,5% de proteína bruta, 4,5% de grasa bruta y 81% de humedad. • Elaborado bajo control veterinario, con vitaminas E, B1 y B8. Carne y subproductos animales 55% (incluyendo buey 4%), Verduras (zanahorias y guisantes 4%), Minerales. ADITIVOS Vitamina E 88mg, Taurina 184.92mg, Vitamina B1 19.82mg, Vitamina B6 0.07mg, Cobre 0.08mg, Manganeso 1.06 mg, Zinc 14.06mg, Yodo 0.24mg.;"{""Proteína Bruta"": ""9,5%"", ""Grasa Bruta"": ""4,5%"", ""Ceniza Bruta"": ""2,5%"", ""Humedad"": ""81,0%"", ""Fibra bruta"": ""0,8%"", ""Energía Metabolizable"": ""774 kcal/kg""}";Imagenes_Alimentos/GrupoMOR/perros/Plaisir/plaisir-plaisir-pate-alutray-adult-dog-beef-vegetables-300-gr.png;https://grupomor.cl/wp-content/uploads/2026/08/Pate-con-buey-y-verduras-para-perro-adulto-300gr-.png;https://grupomor.cl/producto/plaisir-pate-alutray-adult-dog-beef-vegetables-300-gr/
plaisir-plaisir-chunks-pouch-adult-dog-chicken-vegetables-100-gr;Grupo MOR;Plaisir;perro;adulto;PLAISIR CHUNKS POUCH ADULT DOG CHICKEN & VEGETABLES, 100 GR;100 gr;• Alimento completo y equilibrado para perros adultos: trozos en salsa en sobre de 100 gr. • Con carnes y subproductos animales 35% (incluyendo pollo 4%) y verduras (equivalente al 4%). • Rico en proteína de origen animal y bajo en grasa: 7,5% de proteína y 4,5% de grasa bruta. • Un 82% de humedad, que contribuye a la hidratación diaria de tu perro. • Elaborado bajo control veterinario, con vitaminas E, B1 y B8. • Sin colorantes ni conservantes artificiales.;Carnes y subproductos animales 35% (incluyendo pollo 4%), Derivados de origen vegetal, Cereales, Verduras (0,4% de verduras deshidratadas equivalente a 4% de verduras), Minerales, Varios azúcares. ADITIVOS Vitamina E 53mg, Vitamina B1 2,28mg, vitamina B6 0,2mg, hierro 2,84mg, Manganeso 1,59 mg, Zinc 13,06mg, Yodo 0,28 mg, Cobre 0,51 mg.;"{""Proteína Bruta"": ""7,5%"", ""Grasa Bruta"": ""4,5%"", ""Ceniza Bruta"": ""1,5%"", ""Humedad"": ""82,0%"", ""Fibra bruta"": ""0,3%"", ""Energía Metabolizable"": ""792 kcal/kg""}";Imagenes_Alimentos/GrupoMOR/perros/Plaisir/plaisir-plaisir-chunks-pouch-adult-dog-chicken-vegetables-100-gr.png;https://grupomor.cl/wp-content/uploads/2026/08/Chunks-in-gravy-with-chicken-and-vegetables-for-adult-dog-100gr.png;https://grupomor.cl/producto/plaisir-chunks-pouch-adult-dog-chicken-vegetables-100-gr/
plaisir-plaisir-chunks-pouch-adult-dog-beef-vegetables-100-gr;Grupo MOR;Plaisir;perro;adulto;PLAISIR CHUNKS POUCH ADULT DOG BEEF & VEGETABLES, 100 GR;100 gr;• Alimento completo y equilibrado para perros adultos: trozos en salsa en sobre de 100 gr. • Con carnes y subproductos animales 35% (incluyendo buey 4%) y verduras (equivalente al 4%). • Rico en proteína de origen animal y bajo en grasa: 7,5% de proteína y 4,5% de grasa bruta. • Un 82% de humedad, que contribuye a la hidratación diaria de tu perro. • Elaborado bajo control veterinario, con vitaminas E, B1 y B8. • Sin colorantes ni conservantes artificiales.;Carnes y subproductos animales 35% (incluyendo buey 4%), Derivados de origen vegetal, Cereales, Verduras (0,4% de verduras deshidratadas equivalente a 4% de verduras), Minerales, Varios azúcares. ADITIVOS Vitamina E 53mg, Vitamina B1 2,28mg, vitamina B6 0,2mg, Manganeso 1,59 mg, Zinc 13,06mg, Yodo 0,28 mg, Cobre 0,51mg, Hierro 2,84mg.;"{""Proteína Bruta"": ""7,5%"", ""Grasa Bruta"": ""4,5%"", ""Ceniza Bruta"": ""1,5%"", ""Humedad"": ""82,0%"", ""Fibra bruta"": ""0,3%"", ""Energía Metabolizable"": ""792 kcal/kg""}";Imagenes_Alimentos/GrupoMOR/perros/Plaisir/plaisir-plaisir-chunks-pouch-adult-dog-beef-vegetables-100-gr.png;https://grupomor.cl/wp-content/uploads/2026/08/Chunks-in-gravy-with-beef-and-vegetables-for-adult-dog-100gr.png;https://grupomor.cl/producto/plaisir-chunks-pouch-adult-dog-beef-vegetables-100-gr/
plaisir-plaisir-pate-alutray-adult-cat-mix-sabores-12-x-100-gr;Grupo MOR;Plaisir;gato;adulto;PLAISIR PATE ALUTRAY ADULT CAT MIX SABORES, 12 X 100 GR;100 gr;• Pack de descubrimiento con 12 bandejas de 100 gr y 4 recetas distintas de paté. • Recetas incluidas: buey, pollo, salmón y bacalao. • Textura suave y fundente con deliciosos trozos, especialmente apetecible. • Sin cereales, para favorecer una mejor digestibilidad. • Con vitaminas E, B1 y B8 (biotina) y taurina, para mantener a tu gato saludable cada día. • Elaborado sin colorantes ni conservantes.;"PLAISIR PATE ALUTRAY ADULT CAT BEEF Carne y subproductos animales 56% (incluido 4% de buey), Sustancias Minerales, Azúcares. Vitamina E 96 mg, Taurina 203.34 mg, Vitamina C 50.61 mg, Vitamina B1 21.79 mg, Biotina 0.01 mg, Cobre 0.09mg, Manganeso 1.17 mg, Zinc 15.46 mg, DL Metionina 2570 mg, Yodo 0.27 mg. Proteína Bruta 10,0%; Grasa Bruta 3,5%; Ceniza Bruta 1,5%; Humedad 82,0%; Fibra bruta 0,5%; Energía Metabolizable 735 kcal/kg PLAISIR PATE ALUTRAY ADULT CAT CHICKEN Carne y subproductos animales 56% (incluido 4% de pollo), Sustancias Minerales, Azúcares. Vitamina E 96 mg, Taurina 203.34 mg, Vitamina C 50.61 mg, Vitamina B1 21.79 mg, Biotina 0.01 mg, Cobre 0.09 mg, Manganeso 1.17 mg, Zinc 15.46 mg, DL Metionina 2570 mg, Yodo 0.27 mg. Proteína Bruta 10,0%; Grasa Bruta 3,5%; Ceniza Bruta 1,5%; Humedad 82,0%; Fibra bruta 0,5%; Energía Metabolizable 735 kcal/kg PLAISIR PATE ALUTRAY ADULT CAT SALMON Carne y subproductos animales 50%, Pescado y subproductos de pescado 5.5% (incluido 4% de salmón), Sustancias Minerales, Azúcares. Vitamina E 96mg, Taurina 203.34mg, Vitamina C 50.61 mg, Vitamina B1 21.79 mg, Biotina 0.01 mg, Cobre 0.09mg, Manganeso 1.17 mg, Zinc 15.46 mg, DL Metionina 2570 mg, Yodo 0.27 mg. Proteína Bruta 10,0%; Grasa Bruta 3,5%; Ceniza Bruta 1,5%; Humedad 82,0%; Fibra bruta 0,5%; Energía Metabolizable 735 kcal/kg PLAISIR PATE ALUTRAY ADULT CAT COD Carne y subproductos animales 50%, Pescado y subproductos de pescado 5.5% (incluido 4% de bacalao), Sustancias Minerales, Azúcares. Vitamina E 96 mg, Taurina 203.34 mg, Vitamina C 50.61 mg, Vitamina B1 21.79 mg, Biotina 0.01 mg, Cobre 0.09 mg, Manganeso 1.17 mg, Zinc 15.46 mg, DL Metionina 2570 mg, Yodo 0.27 mg. Proteína Bruta 10,0%; Grasa Bruta 3,5%; Ceniza Bruta 1,5%; Humedad 82,0%; Fibra bruta 0,5%; Energía Metabolizable 735 kcal/kg GUÍA DE ALIMENTACIÓN Dosis diaria — 3 Kg — 4 Kg — 5 Kg Gato Adulto — 260 gr — 320 gr — 370 gr Gato Esterilizado — 200 gr — 240 gr — 280 gr";{};Imagenes_Alimentos/GrupoMOR/gatos/Plaisir/plaisir-plaisir-pate-alutray-adult-cat-mix-sabores-12-x-100-gr.png;https://grupomor.cl/wp-content/uploads/2026/08/Pate-mix-for-adult-cat-12x100gr_002.png;https://grupomor.cl/producto/plaisir-pate-alutray-adult-cat-mix-sabores-12-x-100-gr/
plaisir-plaisir-pate-alutray-adult-cat-tuna-100-gr;Grupo MOR;Plaisir;gato;adulto;PLAISIR PATE ALUTRAY ADULT CAT TUNA, 100 GR;100 gr;"• Paté para gatos adultos en bandeja de 100 gr, de textura suave y fundente con trozos. • Con carne y subproductos animales 50% y pescado 5,5% (incluido 4% de atún). • 10,0% de proteína bruta y solo 3,5% de grasa bruta; 735 kcal/kg. • Sin cereales, para favorecer una mejor digestibilidad. • Con vitaminas E, B1 y B8 (biotina) y taurina, para mantener a tu gato saludable cada día. • Elaborado sin colorantes ni conservantes.";Carne y subproductos animales 50%, Pescado y subproductos de pescado 5.5% (incluido 4% de atún), Sustancias Minerales, Azúcares. ADITIVOS Vitamina E 96 mg, Taurina 203.34 mg, Vitamina C 50.61 mg, Vitamina B1 21.79 mg, Biotina 0.01 mg, Cobre 0.09 mg, Manganeso 1.17 mg, Zinc 15.46 mg, DL Metionina 2570 mg, Yodo 0.27 mg.;"{""Proteína Bruta"": ""10,0%"", ""Grasa Bruta"": ""3,5%"", ""Ceniza Bruta"": ""1,5%"", ""Humedad"": ""82,0%"", ""Fibra bruta"": ""0,5%"", ""Energía Metabolizable"": ""735 kcal/kg""}";Imagenes_Alimentos/GrupoMOR/gatos/Plaisir/plaisir-plaisir-pate-alutray-adult-cat-tuna-100-gr.png;https://grupomor.cl/wp-content/uploads/2026/08/Pate-con-atun-para-gato-adulto-100gr.png;https://grupomor.cl/producto/plaisir-pate-alutray-adult-cat-tuna-100-gr/
plaisir-plaisir-pate-alutray-adult-cat-beef-100-gr;Grupo MOR;Plaisir;gato;adulto;PLAISIR PATE ALUTRAY ADULT CAT BEEF, 100 GR;100 gr;"• Paté para gatos adultos en bandeja de 100 gr, de textura suave y fundente con trozos. • Con carne y subproductos animales 56% (incluido 4% de buey). • 10,0% de proteína bruta y solo 3,5% de grasa bruta; 735 kcal/kg. • Sin cereales, para favorecer una mejor digestibilidad. • Con vitaminas E, B1 y B8 (biotina) y taurina, para mantener a tu gato saludable cada día. • Elaborado sin colorantes ni conservantes.";Carne y subproductos animales 56% (incluido 4% de buey), Sustancias Minerales, Azúcares ADITIVOS Vitamina E 96 mg, Taurina 203.34 mg, Vitamina C 50.61 mg, Vitamina B1 21.79 mg, Biotina 0.01 mg, Cobre 0.09mg, Manganeso 1.17 mg, Zinc 15.46 mg, DL Metionina 2570 mg, Yodo 0.27 mg.;"{""Proteína Bruta"": ""10,0%"", ""Grasa Bruta"": ""3,5%"", ""Ceniza Bruta"": ""1,5%"", ""Humedad"": ""82,0%"", ""Fibra bruta"": ""0,5%"", ""Energía Metabolizable"": ""735 kcal/kg""}";Imagenes_Alimentos/GrupoMOR/gatos/Plaisir/plaisir-plaisir-pate-alutray-adult-cat-beef-100-gr.png;https://grupomor.cl/wp-content/uploads/2026/08/Pate-con-buey-para-gato-adulto-100gr.png;https://grupomor.cl/producto/plaisir-pate-alutray-adult-cat-beef-100-gr/
plaisir-plaisir-chunks-pouch-adult-cat-mix-sabores-12-x-100-gr;Grupo MOR;Plaisir;gato;adulto;PLAISIR CHUNKS POUCH ADULT CAT MIX SABORES, 12 X 100 GR;100 gr;• Multipack de 12 sobres de 100 gr con 4 recetas de trozos en salsa para variar cada día. • Recetas incluidas: trucha y gambas, salmón y bacalao, buey y pavo, y pollo e hígado. • Alimento completo y balanceado, alto en proteína (9,0%) y bajo en grasa (4,5%). • Ideal para gatos esterilizados y para conocer la comida húmeda PLAISIR por primera vez. • Fórmula elaborada por veterinarios, con vitaminas E, B1 y C, taurina y biotina.;"PLAISIR Chunks in gravy with trout and shrimps for adult cat Carnes y subproductos animales 30%, Moluscos y crustáceos (incluyendo gambas 4%), Pescado y derivados del pescado (incluyendo trucha 4%), Derivados de origen vegetal, Extractos de proteínas vegetales, Minerales, Varios azúcares. Vitamina E 30 mg, Vitamina B1 2,35mg, Taurina 220,93 mg, Manganeso 1,80 mg, Zinc 15,27 mg, Yodo 0,15 mg, Cobre 0,29 mg. DL Metionina 2172 mg, Vitamina C 96, 40mg. Biotina 0,01 mg. Proteína Bruta 9,0%; Grasa Bruta 4,5%; Ceniza Bruta 2,5%; Humedad 82,0%; Fibra bruta 0,5%; Energía Metabolizable 801 kcal/kg PLAISIR Chunks in gravy with salmon and cod for adult cat Carne y derivados animales 30%, Pescado y derivados 9,5% (incluido salmón 4% y bacalao 4%), Derivados de origen vegetal, Extractos de proteínas vegetales, Minerales, Azúcares varios. Vitamina E 30 mg, Vitamina B1 2,35mg, Taurina 220,9mg, Manganeso 1,80 mg, Zinc 15,27mg, Yodo 0,15 mg, Cobre 0,29 mg. DL Metionina 2172mg, Vitamina C 96, 40mg. Biotina 0,01 mg. Proteína Bruta 9,0%; Grasa Bruta 4,5%; Ceniza Bruta 2,5%; Humedad 82,0%; Fibra bruta 0,5%; Energía Metabolizable 750 kcal/kg PLAISIR Chunks in gravy with beef and turkey for adult cat Carnes y subproductos animales 41% (incluyendo ternera 4%, pavo 4%), Derivados de origen vegetal, Extractos de proteínas vegetales, Minerales, Varios azúcares. Vitamina E 30 mg, Vitamina B1 2,33mg, Taurina 219,16mg, Manganeso 1,79 mg, Zinc 15,15mg, Yodo 0,15 mg, Cobre 0,29 mg. DL Metionina 2154mg, Vitamina C 95, 63mg. Biotina 0,01 mg. Proteína Bruta 9,0%; Grasa Bruta 4,5%; Ceniza Bruta 2,5%; Humedad 82,0%; Fibra bruta 0,5%; Energía Metabolizable 750 kcal/kg PLAISIR Chunks in gravy with chicken and liver for adult cat Carnes y subproductos animales 41% (incluyendo pollo 4%, hígado 4%), Derivados de origen vegetal, Extractos de proteínas vegetales, Minerales, Varios azúcares. Vitamina E 30 mg, Vitamina B1 2,33mg, Taurina 219,16mg, Manganeso 1,79 mg, Zinc 15,15 mg, Yodo 0,15 mg, Cobre 0,29 mg. DL Metionina 2154 mg, Vitamina C 95, 63mg. Biotina 0,01 mg. Proteína Bruta 9,0%; Grasa Bruta 4,5%; Ceniza Bruta 2,5%; Humedad 82,0%; Fibra bruta 0,5%; Energía Metabolizable 750 kcal/kg GUÍA DE ALIMENTACIÓN Dosis diaria — 3 Kg — 4 Kg — 5 Kg Gato Adulto — 261 gr — 316 gr — 364 gr Gato Esterilizado — 196 gr — 237 gr — 275 gr";{};Imagenes_Alimentos/GrupoMOR/gatos/Plaisir/plaisir-plaisir-chunks-pouch-adult-cat-mix-sabores-12-x-100-gr.png;https://grupomor.cl/wp-content/uploads/2026/08/Chunks-in-gravy-mix-for-adult-cat-12x100gr.png;https://grupomor.cl/producto/plaisir-chunks-pouch-adult-cat-mix-sabores-12-x-100-gr/
plaisir-plaisir-chunks-pouch-adult-cat-salmon-and-cod-100-gr;Grupo MOR;Plaisir;gato;adulto;PLAISIR CHUNKS POUCH ADULT CAT SALMON AND COD, 100 GR;100 gr;• Alimento completo y balanceado para gatos adultos: trozos en salsa en sobre de 100 gr. • Con carne y derivados animales 30% y pescado y derivados 9,5% (salmón 4% y bacalao 4%). • Alto en proteína y bajo en grasa: 9,0% de proteína bruta y 4,5% de grasa bruta. • Ideal para gatos esterilizados, con un 82% de humedad que ayuda a su hidratación diaria. • Fórmula elaborada por veterinarios, con vitaminas E, B1 y C, taurina y biotina.;Carne y derivados animales 30%, Pescado y derivados 9,5% (incluido salmón 4% y bacalao 4%), Derivados de origen vegetal, Extractos de proteínas vegetales, Minerales, Azúcares varios. ADITIVOS Vitamina E 30 mg, Vitamina B1 2,35mg, Taurina 220,9mg, Manganeso 1,80 mg, Zinc 15,27mg, Yodo 0,15 mg, Cobre 0,29 mg. DL Metionina 2172mg, Vitamina C 96, 40mg. Biotina 0,01 mg.;"{""Proteína Bruta"": ""9,0%"", ""Grasa Bruta"": ""4,5%"", ""Ceniza Bruta"": ""2,5%"", ""Humedad"": ""82,0%"", ""Fibra bruta"": ""0,5%"", ""Energía Metabolizable"": ""750 kcal/kg""}";Imagenes_Alimentos/GrupoMOR/gatos/Plaisir/plaisir-plaisir-chunks-pouch-adult-cat-salmon-and-cod-100-gr.png;https://grupomor.cl/wp-content/uploads/2026/08/Chunks-in-gravy-with-salmon-and-cod-for-adult-cat-100gr.png;https://grupomor.cl/producto/plaisir-chunks-pouch-adult-cat-salmon-and-cod-100-gr/
plaisir-plaisir-chunks-pouch-adult-cat-trout-and-shrimp-100-gr;Grupo MOR;Plaisir;gato;adulto;PLAISIR CHUNKS POUCH ADULT CAT TROUT AND SHRIMP, 100 GR;100 gr;• Alimento completo y balanceado para gatos adultos: trozos en salsa en sobre de 100 gr. • Con moluscos y crustáceos (gambas 4%) y pescado (trucha 4%) como aporte de proteína animal. • Alto en proteína y bajo en grasa: 9,0% de proteína bruta y 4,5% de grasa bruta. • Ideal para gatos esterilizados, con un 82% de humedad que ayuda a su hidratación diaria. • Fórmula elaborada por veterinarios, con vitaminas E, B1 y C, taurina y biotina.;Carnes y subproductos animales 30%, Moluscos y crustáceos (incluyendo gambas 4%), Pescado y derivados del pescado (incluyendo trucha 4%), Derivados de origen vegetal, Extractos de proteínas vegetales, Minerales, Varios azúcares. ADITIVOS Vitamina E 30 mg, Vitamina B1 2,35mg, Taurina 220,93 mg, Manganeso 1,80 mg, Zinc 15,27 mg, Yodo 0,15 mg, Cobre 0,29 mg. DL Metionina 2172 mg, Vitamina C 96, 40mg. Biotina 0,01 mg.;"{""Proteína Bruta"": ""9,0%"", ""Grasa Bruta"": ""4,5%"", ""Ceniza Bruta"": ""2,5%"", ""Humedad"": ""82,0%"", ""Fibra bruta"": ""0,5%"", ""Energía Metabolizable"": ""801 kcal/kg""}";Imagenes_Alimentos/GrupoMOR/gatos/Plaisir/plaisir-plaisir-chunks-pouch-adult-cat-trout-and-shrimp-100-gr.png;https://grupomor.cl/wp-content/uploads/2026/08/Chunks-in-gravy-with-trout-and-shrimps_100g.png;https://grupomor.cl/producto/plaisir-chunks-pouch-adult-cat-trout-and-shrimp-100-gr/
naturalistic-nt-stick-jerky-beef-5-un-75-gr;Grupo MOR;Naturalistic;perro;adulto;NT STICK JERKY BEEF, 5 UN – 75 GR;5 un, 75 gr;• Snack de vacuno ideal para celebrar cada logro y cada momento junto a tu perro. • Elaborado con carne real, sin granos ni aditivos. • Sabor intenso y natural que lo hace irresistible. • Su textura y formato práctico permiten porcionar fácilmente. • Para perros adultos de todos los tamaños. • Pack de 5 unidades, 75 g.;Vacuno y subproductos del vacuno, almidón vegetal, glicerina, sorbitol, sorbato de potasio, sal, extracto de romero.;{};Imagenes_Alimentos/GrupoMOR/perros/Naturalistic/naturalistic-nt-stick-jerky-beef-5-un-75-gr.png;https://grupomor.cl/wp-content/uploads/2026/08/STICKS_BEEF.png;https://grupomor.cl/producto/nt-stick-jerky-beef-5-un-75-gr/
naturalistic-nt-stick-jerky-duck-5-un-75-gr;Grupo MOR;Naturalistic;perro;adulto;NT STICK JERKY DUCK, 5 UN – 75 GR;5 un, 75 gr;• Snack de pato ideal para celebrar cada logro y cada momento junto a tu perro. • Elaborado con carne real, sin granos ni aditivos. • Sabor intenso y natural que lo hace irresistible. • Su textura y formato práctico permiten porcionar fácilmente. • Para perros adultos de todos los tamaños. • Pack de 5 unidades, 75 g.;Pato y subproductos del pato almidón vegetal, glicerina, sorbitol, sorbato de potasio, sal, extracto de romero.;{};Imagenes_Alimentos/GrupoMOR/perros/Naturalistic/naturalistic-nt-stick-jerky-duck-5-un-75-gr.png;https://grupomor.cl/wp-content/uploads/2026/08/STICKS_DUCK.png;https://grupomor.cl/producto/nt-stick-jerky-duck-5-un-75-gr/
naturalistic-nt-stick-jerky-chicken-5-un-75-gr;Grupo MOR;Naturalistic;perro;adulto;NT STICK JERKY CHICKEN, 5 UN – 75 GR;5 un, 75 gr;• Snack de pollo ideal para celebrar cada logro y cada momento junto a tu perro. • Elaborado con carne real, sin granos ni aditivos. • Sabor intenso y natural que lo hace irresistible. • Su textura y formato práctico permiten porcionar fácilmente. • Para perros adultos de todos los tamaños. • Pack de 5 unidades, 75 g.;Pollo y subproductos del pollo, almidón vegetal, glicerina, sorbitol, sorbato de potasio, sal, extracto de romero.;{};Imagenes_Alimentos/GrupoMOR/perros/Naturalistic/naturalistic-nt-stick-jerky-chicken-5-un-75-gr.png;https://grupomor.cl/wp-content/uploads/2026/08/stick_chicken.png;https://grupomor.cl/producto/nt-stick-jerky-chicken-5-un-75-gr/
naturalistic-nt-meat-paste-salmon-atun-meat-90-gr;Grupo MOR;Naturalistic;perro;adulto;NT MEAT PASTE SALMON & ATUN MEAT, 90 GR;90 gr;• Paté cremoso elaborado con carne real de salmón y atún. • Sin aditivos ni granos. • Sabor irresistible que despierta su entusiasmo desde el primer bocado. • Ideal para premiar, compartir o enriquecer su alimentación diaria. • Para perros adultos de todos los tamaños. • Formato de 90 g, fácil de dosificar.;Salmón, atún, almidón de tapioca, grasa de pollo, zanahorias, arvejas, goma guar, fructooligosacáridos, cloruro de sodio, sorbato de potasio, vitamina E, vitamina A, vitamina D3.;{};Imagenes_Alimentos/GrupoMOR/perros/Naturalistic/naturalistic-nt-meat-paste-salmon-atun-meat-90-gr.png;https://grupomor.cl/wp-content/uploads/2026/08/Naturalistic-paste-Salmon.png;https://grupomor.cl/producto/nt-meat-paste-salmon-atun-meat-90-gr/
naturalistic-nt-meat-paste-chicken-meat-90-gr;Grupo MOR;Naturalistic;perro;adulto;NT MEAT PASTE CHICKEN MEAT, 90 GR;90 gr;• Paté cremoso elaborado con carne real de pechuga de pollo. • Sin aditivos ni granos. • Sabor irresistible que despierta su entusiasmo desde el primer bocado. • Ideal para premiar, compartir o enriquecer su alimentación diaria. • Para perros adultos de todos los tamaños. • Formato de 90 g, fácil de dosificar.;Carne de pechuga de pollo, almidón de tapioca, grasa de pollo, zanahorias, arvejas, goma guar, fructooligosacáridos, cloruro de sodio, sorbato de potasio, vitamina E, vitamina A, vitamina D3. PORCIÓN SUGERIDA Peso del perro — Dosis diaria recomendada 3-5 kg — 0,5-1 unidades 5-10 kg — 1-2 unidades 10-20 kg — 2-3 unidades Más de 20 kg — 3-4 unidades;{};Imagenes_Alimentos/GrupoMOR/perros/Naturalistic/naturalistic-nt-meat-paste-chicken-meat-90-gr.png;https://grupomor.cl/wp-content/uploads/2026/08/Naturalistic-paste-chicken.png;https://grupomor.cl/producto/nt-meat-paste-chicken-meat-90-gr/
naturalistic-nt-meat-paste-duck-meat-90-gr;Grupo MOR;Naturalistic;perro;adulto;NT MEAT PASTE DUCK MEAT, 90 GR;90 gr;• Paté cremoso elaborado con carne real de pechuga de pato. • Sin aditivos ni granos. • Sabor irresistible que despierta su entusiasmo desde el primer bocado. • Ideal para premiar, compartir o enriquecer su alimentación diaria. • Para perros adultos de todos los tamaños. • Formato de 90 g, fácil de dosificar.;Carne de pechuga de pato, almidón de tapioca, grasa de pollo, zanahorias, arvejas, goma guar, fructooligosacáridos, cloruro de sodio, sorbato de potasio, vitamina E, vitamina A, vitamina D3. PORCIÓN SUGERIDA Peso del perro — Dosis diaria recomendada 3-5 kg — 0,5-1 unidades 5-10 kg — 1-2 unidades 10-20 kg — 2-3 unidades Más de 20 kg — 3-4 unidades;{};Imagenes_Alimentos/GrupoMOR/perros/Naturalistic/naturalistic-nt-meat-paste-duck-meat-90-gr.png;https://grupomor.cl/wp-content/uploads/2026/08/Naturalistic-paste-Duck.png;https://grupomor.cl/producto/nt-meat-paste-duck-meat-90-gr/
naturalistic-nt-dental-stick-bacon-flavor-15-un;Grupo MOR;Naturalistic;perro;adulto;NT DENTAL STICK BACON FLAVOR, 15 UN;15 un;• Snack dental para perros adultos de todas las razas y tamaños. • Ayuda a mantener una buena salud bucal de forma fácil y deliciosa. • Su textura especialmente diseñada, más la incorporación de hexametafosfato de sodio, ayuda a reducir la acumulación de placa y sarro mientras tu perro mastica. • Favorece un aliento más fresco y una boca más saludable. • Sabor tocino. • Complemento ideal para la rutina diaria de higiene oral de tu mascota.;Harina de papa, glicerina, harina de garbanzo, sal, esencia de tocino, propionato de calcio, extracto de levadura, colorante café, extracto de romero, inulina, hexametafosfato de sodio.;{};Imagenes_Alimentos/GrupoMOR/perros/Naturalistic/naturalistic-nt-dental-stick-bacon-flavor-15-un.png;https://grupomor.cl/wp-content/uploads/2026/08/Naturalistic-dental-Bacon-x15-.png;https://grupomor.cl/producto/nt-dental-stick-bacon-flavor-15-un/
naturalistic-nt-dental-stick-mint-flavor-15-un;Grupo MOR;Naturalistic;perro;adulto;NT DENTAL STICK MINT FLAVOR, 15 UN;15 un;• Snack dental para perros adultos de todas las razas y tamaños. • Ayuda a mantener una buena salud bucal de forma fácil y deliciosa. • Su textura especialmente diseñada, más la incorporación de hexametafosfato de sodio, ayuda a reducir la acumulación de placa y sarro mientras tu perro mastica. • Favorece un aliento más fresco y una boca más saludable. • Sabor menta. • Complemento ideal para la rutina diaria de higiene oral de tu mascota.;Harina de papa, glicerina, harina de garbanzo, sal, esencia de menta, propionato de calcio, extracto de levadura, colorante verde, extracto de romero, inulina, hexametafosfato de sodio.;{};Imagenes_Alimentos/GrupoMOR/perros/Naturalistic/naturalistic-nt-dental-stick-mint-flavor-15-un.png;https://grupomor.cl/wp-content/uploads/2026/08/Naturalistic-dental-Mint-x15.png;https://grupomor.cl/producto/nt-dental-stick-mint-flavor-15-un/
naturalistic-nt-dental-stick-bacon-flavor-7-un;Grupo MOR;Naturalistic;perro;adulto;NT DENTAL STICK BACON FLAVOR, 7 UN;7 un;• Snack dental para perros adultos de todas las razas y tamaños. • Ayuda a mantener una buena salud bucal de forma fácil y deliciosa. • Su textura especialmente diseñada, más la incorporación de hexametafosfato de sodio, ayuda a reducir la acumulación de placa y sarro mientras tu perro mastica. • Favorece un aliento más fresco y una boca más saludable. • Sabor tocino. • Complemento ideal para la rutina diaria de higiene oral de tu mascota.;Harina de papa, glicerina, harina de garbanzo, sal, esencia de tocino, propionato de calcio, extracto de levadura, colorante café, extracto de romero, inulina, hexametafosfato de sodio.;{};Imagenes_Alimentos/GrupoMOR/perros/Naturalistic/naturalistic-nt-dental-stick-bacon-flavor-7-un.png;https://grupomor.cl/wp-content/uploads/2026/08/Naturalistic-dental-Bacon-x7.png;https://grupomor.cl/producto/nt-dental-stick-bacon-flavor-7-un/
naturalistic-nt-dental-stick-mint-flavor-7-un;Grupo MOR;Naturalistic;perro;adulto;NT DENTAL STICK MINT FLAVOR, 7 UN;7 un;• Snack dental para perros adultos de todas las razas y tamaños. • Ayuda a mantener una buena salud bucal de forma fácil y deliciosa. • Su textura especialmente diseñada, más la incorporación de hexametafosfato de sodio, ayuda a reducir la acumulación de placa y sarro mientras tu perro mastica. • Favorece un aliento más fresco y una boca más saludable. • Sabor menta. • Complemento ideal para la rutina diaria de higiene oral de tu mascota.;Harina de papa, glicerina, harina de garbanzo, sal, esencia de menta, propionato de calcio, extracto de levadura, colorante verde, extracto de romero, inulina, hexametafosfato de sodio.;{};Imagenes_Alimentos/GrupoMOR/perros/Naturalistic/naturalistic-nt-dental-stick-mint-flavor-7-un.png;https://grupomor.cl/wp-content/uploads/2026/08/Naturalistic-Dental-Mint-7.png;https://grupomor.cl/producto/nt-dental-stick-mint-flavor-7-un/
plenty-plenty-sterilized-cat-chicken-7-kg;Grupo MOR;Plenty;gato;adulto;PLENTY STERILIZED CAT CHICKEN, 7 KG;7 kg;• Pensado para las necesidades del gato esterilizado. • Grain Free con alta proteína de pollo (28%, con 20% de pollo fresco) y menos grasa, para prevenir el sobrepeso manteniendo la masa muscular. • Tapioca, guisantes y levadura de cerveza (fuente de MOS y beta-glucanos) garantizan una digestión eficiente y energía controlada. • Aceite de pescado como fuente de omega-3 (EPA y DHA). • Superalimentos: manzana, zanahoria, granada, brócoli y semillas de chía, con antioxidantes y fibra. • Con glucosamina (300 mg/kg) y condroitina (220 mg/kg).;Pollo 28% (pollo fresco 20%, pollo deshidratado 6%, pollo hidrolizado 2%), carne de cerdo deshidratado, guisantes (12%), tapioca (10%), boniato, grasa de pollo, vaina de algarroba, pulpa de remolacha, almidón de patata, celulosa natural, vitaminas y minerales, levadura de cerveza (2%) (fuente de mananooligosacáridos -MOS y beta-glucanos), aceite de pescado (fuente de omega-3 -EPA y DHA), hidrolizado de hígado de pollo, raíz de achicoria, huevo entero deshidratado, manzana (0,5%) (fuente de fibra), zanahoria (0,5%) (fuente de beta-carotenos y vitamina A), granada (0,25%) (fuente de antioxidantes), brócoli (0,25%) (fuente de fibra), semillas de chia (0,2%) (fuente de omega-3 y fibra), aceites esenciales (orégano, canela, clavo, tomillo, romero, hierbabuena, té verde), hidrolizado de crustáceos (fuente de glucosamina 300 mg/kg), hidrolizado de cartílago (fuente de condroitina 220 mg/kg), yuca.;"{""Proteína bruta"": ""35%"", ""Grasa bruta"": ""13%"", ""Fibra bruta"": ""5%"", ""Ceniza bruta"": ""7,1%""}";Imagenes_Alimentos/GrupoMOR/gatos/Plenty/plenty-plenty-sterilized-cat-chicken-7-kg.png;https://grupomor.cl/wp-content/uploads/2026/08/Plenty_7Kg_chicken_Steri_Cat.png;https://grupomor.cl/producto/plenty-sterilized-cat-chicken-7-kg/
plenty-plenty-sterilized-cat-chicken-15-kg;Grupo MOR;Plenty;gato;adulto;PLENTY STERILIZED CAT CHICKEN, 1,5 KG;5 kg;• Pensado para las necesidades del gato esterilizado. • Grain Free con alta proteína de pollo (28%, con 20% de pollo fresco) y menos grasa, para prevenir el sobrepeso manteniendo la masa muscular. • Tapioca, guisantes y levadura de cerveza (fuente de MOS y beta-glucanos) garantizan una digestión eficiente y energía controlada. • Aceite de pescado como fuente de omega-3 (EPA y DHA). • Superalimentos: manzana, zanahoria, granada, brócoli y semillas de chía, con antioxidantes y fibra. • Con glucosamina (300 mg/kg) y condroitina (220 mg/kg).;Pollo 28% (pollo fresco 20%, pollo deshidratado 6%, pollo hidrolizado 2%), carne de cerdo deshidratado, guisantes (12%), tapioca (10%), boniato, grasa de pollo, vaina de algarroba, pulpa de remolacha, almidón de patata, celulosa natural, vitaminas y minerales, levadura de cerveza (2%) (fuente de mananooligosacáridos -MOS y beta-glucanos), aceite de pescado (fuente de omega-3 -EPA y DHA), hidrolizado de hígado de pollo, raíz de achicoria, huevo entero deshidratado, manzana (0,5%) (fuente de fibra), zanahoria (0,5%) (fuente de beta-carotenos y vitamina A), granada (0,25%) (fuente de antioxidantes), brócoli (0,25%) (fuente de fibra), semillas de chia (0,2%) (fuente de omega-3 y fibra), aceites esenciales (orégano, canela, clavo, tomillo, romero, hierbabuena, té verde), hidrolizado de crustáceos (fuente de glucosamina 300 mg/kg), hidrolizado de cartílago (fuente de condroitina 220 mg/kg), yuca.;"{""Proteína bruta"": ""35%"", ""Grasa bruta"": ""13%"", ""Fibra bruta"": ""5%"", ""Ceniza bruta"": ""7,1%""}";Imagenes_Alimentos/GrupoMOR/gatos/Plenty/plenty-plenty-sterilized-cat-chicken-15-kg.png;https://grupomor.cl/wp-content/uploads/2026/08/Chiccken_sterilized_1_5-1.png;https://grupomor.cl/producto/plenty-sterilized-cat-chicken-15-kg/
plenty-plenty-adult-cat-chicken-7-kg;Grupo MOR;Plenty;gato;adulto;PLENTY ADULT CAT CHICKEN, 7 KG;7 kg;• Alimento completo Grain Free para gatos adultos. • Pollo fresco (20%) como ingrediente principal: proteína de alta calidad para mantener la musculatura activa y un pelaje brillante. • Tapioca, guisantes y levadura de cerveza cuidan la digestión y refuerzan las defensas naturales. • Krill, algas, semillas de chía y aceite de microalgas aportan antioxidantes, omega-3 y nutrientes esenciales. • Con glucosamina (300 mg/kg) y condroitina (220 mg/kg).;Pollo 28% (pollo fresco 20%, pollo deshidratado 6%, pollo hidrolizado 2%), carne de cerdo deshidratada, guisantes (12%), tapioca (10%), grasa de pollo, almidón de patata, vaina de algarroba, boniato, vitaminas y minerales, hidrolizado de hígado de pollo, levadura de cerveza (2%), pulpa de remolacha, aceite de pescado, raíz de achicoria, huevo entero deshidratado, manzana (0,5%), zanahoria (0,5%), celulosa natural, granada (0,25%), brócoli (0,25%), semillas de chía (0,2%), aceites esenciales, hidrolizado de crustáceos (glucosamina 300 mg/kg), hidrolizado de cartílago (condroitina 220 mg/kg), yuca.;"{""Proteína bruta"": ""34%"", ""Grasa bruta"": ""17%"", ""Fibra bruta"": ""2,8%"", ""Ceniza bruta"": ""7,8%""}";Imagenes_Alimentos/GrupoMOR/gatos/Plenty/plenty-plenty-adult-cat-chicken-7-kg.png;https://grupomor.cl/wp-content/uploads/2026/08/Plenty_7Kg_chicken_Cat-1.png;https://grupomor.cl/producto/plenty-adult-cat-chicken-7-kg/
plenty-plenty-adult-cat-chicken-15-kg;Grupo MOR;Plenty;gato;adulto;PLENTY ADULT CAT CHICKEN, 1,5 KG;5 kg;• Alimento completo Grain Free para gatos adultos. • Pollo fresco (20%) como ingrediente principal: proteína de alta calidad para mantener la musculatura activa y un pelaje brillante. • Tapioca, guisantes y levadura de cerveza cuidan la digestión y refuerzan las defensas naturales. • Krill, algas, semillas de chía y aceite de microalgas aportan antioxidantes, omega-3 y nutrientes esenciales. • Con glucosamina (300 mg/kg) y condroitina (220 mg/kg).;Pollo 28% (pollo fresco 20%, pollo deshidratado 6%, pollo hidrolizado 2%), carne de cerdo deshidratada, guisantes (12%), tapioca (10%), grasa de pollo, almidón de patata, vaina de algarroba, boniato, vitaminas y minerales, hidrolizado de hígado de pollo, levadura de cerveza (2%), pulpa de remolacha, aceite de pescado, raíz de achicoria, huevo entero deshidratado, manzana (0,5%), zanahoria (0,5%), celulosa natural, granada (0,25%), brócoli (0,25%), semillas de chía (0,2%), aceites esenciales, hidrolizado de crustáceos (glucosamina 300 mg/kg), hidrolizado de cartílago (condroitina 220 mg/kg), yuca.;"{""Proteína bruta"": ""34%"", ""Grasa bruta"": ""17%"", ""Fibra bruta"": ""2,8%"", ""Ceniza bruta"": ""7,8%""}";Imagenes_Alimentos/GrupoMOR/gatos/Plenty/plenty-plenty-adult-cat-chicken-15-kg.png;https://grupomor.cl/wp-content/uploads/2026/08/Plenty_15Kg_chicken_Cat.png;https://grupomor.cl/producto/plenty-adult-cat-chicken-15-kg/
plenty-plenty-adult-dog-salmon-10-kg;Grupo MOR;Plenty;perro;adulto;PLENTY ADULT DOG SALMON, 10 KG;10 kg;• Elaborado especialmente para perros adultos de tamaño mediano y grande. • Grain Free: sustituye los cereales por tapioca para una digestión más ligera. • Salmón fresco (20%): proteína de alta calidad y ácidos grasos omega-3 que contribuyen a una piel sana y un pelaje fuerte y brillante. • Levadura de cerveza y guisantes favorecen la digestión y refuerzan el sistema inmunológico. • Superalimentos: krill antártico, algas marinas, semillas de chía y aceite de microalgas, con antioxidantes y nutrientes esenciales. • Con glucosamina (300 mg/kg) y condroitina (220 mg/kg) para el cuidado articular.;Salmón 22% (salmón fresco 20%, salmón hidrolizado 2%), cerdo deshidratado, guisantes (12%), almidón de patata, tapioca (10%), grasa de pollo, atún deshidratado, boniato, vaina de algarroba, pulpa de remolacha, levadura de cerveza (3%), vitaminas y minerales, krill antártico (1%), algas marinas (1%), aceite de girasol, semillas de chía (0,25%), aceite de microalgas (0,1%), aceites esenciales, hidrolizado de crustáceos (glucosamina 300 mg/kg), hidrolizado de cartílago (condroitina 220 mg/kg), yuca.;"{""Proteína bruta"": ""26%"", ""Grasa bruta"": ""15%"", ""Fibra bruta"": ""2,6%"", ""Ceniza bruta"": ""8%""}";Imagenes_Alimentos/GrupoMOR/perros/Plenty/plenty-plenty-adult-dog-salmon-10-kg.png;https://grupomor.cl/wp-content/uploads/2026/08/Plenty_10kg_salmon_Dog.png;https://grupomor.cl/producto/plenty-adult-dog-salmon-10-kg/
plenty-plenty-adult-dog-chicken-10-kg;Grupo MOR;Plenty;perro;adulto;PLENTY ADULT DOG CHICKEN, 10 KG;10 kg;• Formulado para perros adultos medianos y grandes. • Grain Free: la tapioca sustituye a los cereales para facilitar la digestión. • Carne fresca de pollo (20%) como ingrediente estrella: proteína de alta calidad para el mantenimiento muscular y la energía diaria. • Guisantes y levadura de cerveza refuerzan el sistema inmunológico. • Superalimentos: manzana, zanahoria, brócoli, granada y semillas de chía, que aportan antioxidantes, fibra y ácidos grasos esenciales. • Con glucosamina (300 mg/kg) y condroitina (220 mg/kg) para proteger las articulaciones de razas de mayor tamaño.;Pollo 26% (pollo fresco 20%, pollo deshidratado 4%, pollo hidrolizado 2%), cerdo deshidratado, guisantes (12%), almidón de patata, tapioca (10%), grasa de pollo, boniato, vaina de algarroba, pulpa de remolacha, levadura de cerveza (3%), vitaminas y minerales, raíz de achicoria, hidrolizado de hígado de pollo, aceite de pescado, huevo entero deshidratado, manzana (0,5%), zanahoria (0,5%), semillas de chía (0,25%), granada (0,25%), brócoli (0,25%), aceites esenciales, hidrolizado de crustáceos (glucosamina 300 mg/kg), hidrolizado de cartílago (condroitina 220 mg/kg), yuca.;"{""Proteína bruta"": ""26%"", ""Grasa bruta"": ""15%"", ""Fibra bruta"": ""2,6%"", ""Ceniza bruta"": ""8%""}";Imagenes_Alimentos/GrupoMOR/perros/Plenty/plenty-plenty-adult-dog-chicken-10-kg.png;https://grupomor.cl/wp-content/uploads/2026/08/Plenty_10kg_chicken_Dog.png;https://grupomor.cl/producto/plenty-adult-dog-chicken-10-kg/
plenty-plenty-adult-dog-salmon-3-kg;Grupo MOR;Plenty;perro;adulto;PLENTY ADULT DOG SALMON, 3 KG;3 kg;• Elaborado especialmente para perros adultos de tamaño mediano y grande. • Grain Free: sustituye los cereales por tapioca para una digestión más ligera. • Salmón fresco (20%): proteína de alta calidad y ácidos grasos omega-3 que contribuyen a una piel sana y un pelaje fuerte y brillante. • Levadura de cerveza y guisantes favorecen la digestión y refuerzan el sistema inmunológico. • Superalimentos: krill antártico, algas marinas, semillas de chía y aceite de microalgas, con antioxidantes y nutrientes esenciales. • Con glucosamina (300 mg/kg) y condroitina (220 mg/kg) para el cuidado articular.;Salmón 22% (salmón fresco 20%, salmón hidrolizado 2%), cerdo deshidratado, guisantes (12%), almidón de patata, tapioca (10%), grasa de pollo, atún deshidratado, boniato, vaina de algarroba, pulpa de remolacha, levadura de cerveza (3%), vitaminas y minerales, krill antártico (1%), algas marinas (1%), aceite de girasol, semillas de chía (0,25%), aceite de microalgas (0,1%), aceites esenciales, hidrolizado de crustáceos (glucosamina 300 mg/kg), hidrolizado de cartílago (condroitina 220 mg/kg), yuca.;"{""Proteína bruta"": ""26%"", ""Grasa bruta"": ""15%"", ""Fibra bruta"": ""2,6%"", ""Ceniza bruta"": ""8%""}";Imagenes_Alimentos/GrupoMOR/perros/Plenty/plenty-plenty-adult-dog-salmon-3-kg.png;https://grupomor.cl/wp-content/uploads/2026/08/Plenty_3Kg_salmon_Dog.png;https://grupomor.cl/producto/plenty-adult-dog-salmon-3-kg/
plenty-plenty-adult-dog-chicken-3-kg;Grupo MOR;Plenty;perro;adulto;PLENTY ADULT DOG CHICKEN, 3 KG;3 kg;• Formulado para perros adultos medianos y grandes. • Grain Free: la tapioca sustituye a los cereales para facilitar la digestión. • Carne fresca de pollo (20%) como ingrediente estrella: proteína de alta calidad para el mantenimiento muscular y la energía diaria. • Guisantes y levadura de cerveza refuerzan el sistema inmunológico. • Superalimentos: manzana, zanahoria, brócoli, granada y semillas de chía, que aportan antioxidantes, fibra y ácidos grasos esenciales. • Con glucosamina (300 mg/kg) y condroitina (220 mg/kg) para proteger las articulaciones de razas de mayor tamaño.;Pollo 26% (pollo fresco 20%, pollo deshidratado 4%, pollo hidrolizado 2%), cerdo deshidratado, guisantes (12%), almidón de patata, tapioca (10%), grasa de pollo, boniato, vaina de algarroba, pulpa de remolacha, levadura de cerveza (3%), vitaminas y minerales, raíz de achicoria, hidrolizado de hígado de pollo, aceite de pescado, huevo entero deshidratado, manzana (0,5%), zanahoria (0,5%), semillas de chía (0,25%), granada (0,25%), brócoli (0,25%), aceites esenciales, hidrolizado de crustáceos (glucosamina 300 mg/kg), hidrolizado de cartílago (condroitina 220 mg/kg), yuca.;"{""Proteína bruta"": ""26%"", ""Grasa bruta"": ""15%"", ""Fibra bruta"": ""2,6%"", ""Ceniza bruta"": ""8%""}";Imagenes_Alimentos/GrupoMOR/perros/Plenty/plenty-plenty-adult-dog-chicken-3-kg.png;https://grupomor.cl/wp-content/uploads/2026/08/Plenty_3Kg_chicken_Dog.png;https://grupomor.cl/producto/plenty-adult-dog-chicken-3-kg/
plenty-plenty-mini-adult-dog-salmon-7-kg;Grupo MOR;Plenty;perro;adulto;PLENTY MINI ADULT DOG SALMON, 7 KG;7 kg;• Pensado para las necesidades específicas de los perros adultos de tamaño pequeño. • Grain Free: la tapioca sustituye a los cereales, favoreciendo una digestión óptima y reduciendo el riesgo de alergias alimentarias. • Salmón fresco (20%) como fuente principal de proteína de alta calidad y omega-3. • Levadura de cerveza y guisantes aportan energía sostenida y refuerzan las defensas naturales. • Enriquecido con superalimentos: krill antártico, algas marinas, semillas de chía y aceite de microalgas. • Con glucosamina (300 mg/kg) y condroitina (220 mg/kg) para proteger sus articulaciones día a día.;Salmón 22% (salmón fresco 20%, salmón hidrolizado 2%), cerdo deshidratado, guisantes (12%), tapioca (10%), almidón de patata, grasa de pollo, atún deshidratado, boniato, vaina de algarroba, pulpa de remolacha, levadura de cerveza (3%), vitaminas y minerales, krill antártico (1%), algas marinas (1%), aceite de girasol, semillas de chía (0,25%), aceite de microalgas (0,1%), aceites esenciales, hidrolizado de crustáceos (glucosamina 300 mg/kg), hidrolizado de cartílago (condroitina 220 mg/kg), yuca.;"{""Proteína bruta"": ""29%"", ""Grasa bruta"": ""17%"", ""Fibra bruta"": ""2,3%"", ""Ceniza bruta"": ""7,7%""}";Imagenes_Alimentos/GrupoMOR/perros/Plenty/plenty-plenty-mini-adult-dog-salmon-7-kg.png;https://grupomor.cl/wp-content/uploads/2026/08/Plenty_7Kg_salmon_Dog.png;https://grupomor.cl/producto/plenty-mini-adult-dog-salmon-7-kg/
plenty-plenty-mini-adult-dog-chicken-7-kg;Grupo MOR;Plenty;perro;adulto;PLENTY MINI ADULT DOG CHICKEN, 7 KG;7 kg;• Especialmente formulado para perros adultos de razas pequeñas. • Grain Free: sin cereales, con tapioca en lugar de grano. • Pollo fresco (20%) como fuente principal de proteína, favoreciendo la energía y el mantenimiento muscular. • Tapioca, guisantes y levadura de cerveza optimizan la digestión y refuerzan las defensas naturales. • Superalimentos: manzana, zanahoria, brócoli, granada y semillas de chía, que aportan antioxidantes, fibra y ácidos grasos esenciales. • Con glucosamina (300 mg/kg) y condroitina (220 mg/kg) para cuidar sus pequeñas articulaciones.;Pollo 26% (pollo fresco 20%, pollo deshidratado 4%, pollo hidrolizado 2%), cerdo deshidratado, guisantes (12%), tapioca (10%), almidón de patata, grasa de pollo, vaina de algarroba, boniato, levadura de cerveza (3%), pulpa de remolacha, vitaminas y minerales, raíz de achicoria, hidrolizado de hígado de pollo, aceite de pescado, huevo entero deshidratado, manzana (0,5%), zanahoria (0,5%), semillas de chía (0,25%), granada (0,25%), brócoli (0,25%), aceites esenciales, hidrolizado de crustáceos (glucosamina 300 mg/kg), hidrolizado de cartílago (condroitina 220 mg/kg), yuca.;"{""Proteína bruta"": ""29%"", ""Grasa bruta"": ""17%"", ""Fibra bruta"": ""2,3%"", ""Ceniza bruta"": ""7,7%""}";Imagenes_Alimentos/GrupoMOR/perros/Plenty/plenty-plenty-mini-adult-dog-chicken-7-kg.png;https://grupomor.cl/wp-content/uploads/2026/08/Plenty_7Kg_chicken_Dog.png;https://grupomor.cl/producto/plenty-mini-adult-dog-chicken-7-kg/
plenty-plenty-mini-adult-dog-salmon-15-kg;Grupo MOR;Plenty;perro;adulto;PLENTY MINI ADULT DOG SALMON, 1,5 KG;5 kg;• Pensado para las necesidades específicas de los perros adultos de tamaño pequeño. • Grain Free: la tapioca sustituye a los cereales, favoreciendo una digestión óptima y reduciendo el riesgo de alergias alimentarias. • Salmón fresco (20%) como fuente principal de proteína de alta calidad y omega-3. • Levadura de cerveza y guisantes aportan energía sostenida y refuerzan las defensas naturales. • Enriquecido con superalimentos: krill antártico, algas marinas, semillas de chía y aceite de microalgas. • Con glucosamina (300 mg/kg) y condroitina (220 mg/kg) para proteger sus articulaciones día a día.;Salmón 22% (salmón fresco 20%, salmón hidrolizado 2%), cerdo deshidratado, guisantes (12%), tapioca (10%), almidón de patata, grasa de pollo, atún deshidratado, boniato, vaina de algarroba, pulpa de remolacha, levadura de cerveza (3%), vitaminas y minerales, krill antártico (1%), algas marinas (1%), aceite de girasol, semillas de chía (0,25%), aceite de microalgas (0,1%), aceites esenciales, hidrolizado de crustáceos (glucosamina 300 mg/kg), hidrolizado de cartílago (condroitina 220 mg/kg), yuca.;"{""Proteína bruta"": ""29%"", ""Grasa bruta"": ""17%"", ""Fibra bruta"": ""2,3%"", ""Ceniza bruta"": ""7,7%""}";Imagenes_Alimentos/GrupoMOR/perros/Plenty/plenty-plenty-mini-adult-dog-salmon-15-kg.png;https://grupomor.cl/wp-content/uploads/2026/08/Plenty_15Kg_salmon_Dog.png;https://grupomor.cl/producto/plenty-mini-adult-dog-salmon-15-kg/
plenty-plenty-mini-adult-dog-chicken-15-kg;Grupo MOR;Plenty;perro;adulto;PLENTY MINI ADULT DOG CHICKEN, 1,5 KG;5 kg;• Especialmente formulado para perros adultos de razas pequeñas. • Grain Free: sin cereales, con tapioca en lugar de grano. • Pollo fresco (20%) como fuente principal de proteína, favoreciendo la energía y el mantenimiento muscular. • Tapioca, guisantes y levadura de cerveza optimizan la digestión y refuerzan las defensas naturales. • Superalimentos: manzana, zanahoria, brócoli, granada y semillas de chía, que aportan antioxidantes, fibra y ácidos grasos esenciales. • Con glucosamina (300 mg/kg) y condroitina (220 mg/kg) para cuidar sus pequeñas articulaciones.;Pollo 26% (pollo fresco 20%, pollo deshidratado 4%, pollo hidrolizado 2%), cerdo deshidratado, guisantes (12%), tapioca (10%), almidón de patata, grasa de pollo, vaina de algarroba, boniato, levadura de cerveza (3%), pulpa de remolacha, vitaminas y minerales, raíz de achicoria, hidrolizado de hígado de pollo, aceite de pescado, huevo entero deshidratado, manzana (0,5%), zanahoria (0,5%), semillas de chía (0,25%), granada (0,25%), brócoli (0,25%), aceites esenciales, hidrolizado de crustáceos (glucosamina 300 mg/kg), hidrolizado de cartílago (condroitina 220 mg/kg), yuca.;"{""Proteína bruta"": ""29%"", ""Grasa bruta"": ""17%"", ""Fibra bruta"": ""2,3%"", ""Ceniza bruta"": ""7,7%""}";Imagenes_Alimentos/GrupoMOR/perros/Plenty/plenty-plenty-mini-adult-dog-chicken-15-kg.png;https://grupomor.cl/wp-content/uploads/2026/08/Plenty_15Kg_chicken_Dog-1.png;https://grupomor.cl/producto/plenty-mini-adult-dog-chicken-15-kg/
naturalistic-nt-biscuits-raspberry-120-gr;Grupo MOR;Naturalistic;perro;adulto;NT BISCUITS RASPBERRY, 120 GR;120 gr;• Exqusita galleta horneada con un irresistible rellena de crema sabor a raspberry sin lactosa • Excelente galleta crujiente • Libre de granos. • Sin aditivos • Crujiente • Sin lactosa;Harina de garbanzo, manteca de palma, azúcar flor, harina de mandioca, harina de papa, jarabe de glucosa, almidón modificado de papa, extracto de levadura, esencia de vainilla, bicarbonato de amonio, frambuesa, sal, bicarbonato de sodio, fosfato monocálcico, carragenina, SSL (sal emulsionante), goma xantan, esencia frutos rojos, extracto de romero, ácido cítrico, colorante rojo natural. ANÁLSIS GARANTIZADO Proteína Cruda mín. 8% Grasa Cruda mín. 16% Ceniza máx. 5% Fibra Cruda máx. 3% Humedad máx. 5%;{};Imagenes_Alimentos/GrupoMOR/perros/Naturalistic/naturalistic-nt-biscuits-raspberry-120-gr.png;https://grupomor.cl/wp-content/uploads/2026/08/COD.-C2654-Biscuit-raspberry-copia-copia.png;https://grupomor.cl/producto/nt-biscuits-raspberry-120-gr/
naturalistic-nt-biscuits-choco-cream-120-gr;Grupo MOR;Naturalistic;perro;adulto;BISCUITS CHOCO CREAM, 120 GR;120 gr;• Exqusita galleta horneada con un irresistible rellena de crema sabor a choco cream sin lactosa • Excelente galleta crujiente • Libre de granos. • Sin aditivos • Crujiente • Sin lactosa;Harina de garbanzo, azúcar flor, manteca de palma, harina de mandioca, harina de papa, harina de algarroba, jarabe de glucosa, almidón modificado de papa, sal, polvos de hornear (bicarbonato de amonio, fosfato monocálcico y bicarbonato de sodio), extracto de levadura, SSL (sal emulsionante), goma xantan, esencia natural de vainilla, carragenina, extracto de romero, colorante idéntico al natural café. ANÁLSIS GARANTIZADO Proteína Cruda mín. 6% Grasa Cruda mín. 18% Ceniza máx. 5% Fibra Cruda máx. 5% Humedad máx. 5%;{};Imagenes_Alimentos/GrupoMOR/perros/Naturalistic/naturalistic-nt-biscuits-choco-cream-120-gr.png;https://grupomor.cl/wp-content/uploads/2026/08/COD-C2661-Biscuit-choco-copia-copia.png;https://grupomor.cl/producto/nt-biscuits-choco-cream-120-gr/
naturalistic-nt-crackers-roasted-chicken-200-gr;Grupo MOR;Naturalistic;perro;adulto;NT CRACKERS ROASTED CHICKEN, 200 GR;200 gr;• Sabor auténtico a pollo asado: Altamente palatables, incluso para perros exigentes. • Textura crujiente: Ayuda a reducir la acumulación de sarro y promueve la higiene dental.;• Fuente de proteínas: Apoya el desarrollo muscular y el mantenimiento de energía. • Ideales para entrenamiento o como snack diario. • Aptos para todas las razas y edades. • Libres de grano. Harina de garbanzos, manteca de palma, almidón modificado de papa, harina de mandioca, harina de papa, jarabe de glucosa, sal, levadura, bicarbonato de amonio,bicarbonato de sodio, sal emulsionanate(SSL), fosfato tricalcico, goma xantan, carragenina, saborizante pollo asado, extracto de romero ANÁLSIS GARANTIZADO Proteína Cruda mín. 9% Grasa Cruda mín. 12% Ceniza máx. 5% Fibra Cruda máx. 3% Humedad máx. 10%;{};Imagenes_Alimentos/GrupoMOR/perros/Naturalistic/naturalistic-nt-crackers-roasted-chicken-200-gr.png;https://grupomor.cl/wp-content/uploads/2026/08/COD.-C2678-Cracker-roasted-chicken-copia-copia.png;https://grupomor.cl/producto/nt-crackers-roasted-chicken-200-gr/
naturalistic-nt-crackers-brisket-beef-200-gr;Grupo MOR;Naturalistic;perro;adulto;NT CRACKERS BRISKET BEEF, 200 GR;200 gr;• Sabor irresistible a carne brisket: Ideal para perros carnívoros o con paladar exigente. • Textura crujiente: Ayuda a la higiene bucal al reducir el sarro. • Proteínas de origen animal: Apoyan el desarrollo muscular y la energía diaria. • Sin colorantes, saborizantes ni conservantes artificiales. • Horneadas, no fritas: Más saludables y digestibles. • Aptas para perros de todas las edades y tamaños. • Libres de grano.;Harina de garbanzos, manteca de palma, almidón modificado de papa, harina de mandioca, harina de papa, jarabe de glucosa, sal, levadura, bicarbonato de amonio,bicarbonato de sodio, sal emulsionanate(SSL), fosfato tricalcico, goma xantan, carragenina, saborizante carne ahumada, extracto de romero ANÁLSIS GARANTIZADO Proteína Cruda mín. 9% Grasa Cruda mín. 12% Ceniza máx. 5% Fibra Cruda máx. 3% Humedad máx. 10%;{};Imagenes_Alimentos/GrupoMOR/perros/Naturalistic/naturalistic-nt-crackers-brisket-beef-200-gr.png;https://grupomor.cl/wp-content/uploads/2026/08/COD.-C2685-Cracker-Brisket-beef-copia-copia.png;https://grupomor.cl/producto/nt-crackers-brisket-beef-200-gr/
applaws-applaws-gato-pechuga-de-pollo-y-queso-con-caldito-70-gr-copy;Grupo MOR;Applaws;gato;adulto;APPLAWS GATO FILETE DE ATÚN Y QUESO CON CALDITO, 70 GR;70 g, 70 gr;¡A tu gato le encantará! El mejor corte de filete de atún y con delicioso queso para su deleite. Todo en esta latita con alimento 100% natural.;• 70% Pechuga de pollo – elaboración de comida humana pero para sus gatos. • 100% Natural – Sin nada agregado, sin nada artificial, sin colorantes, sin saborizantes, sin azúcar. • Salud y protección – Fuente natural de taurina para mantener la salud ocular del gato y un correcto funcionamiento del corazón. CONTENIDO NUTRICIONAL Filete de Atún 70%, caldo de pescado 23%, queso 6%, arroz 1% / Proteína bruta 14%, aceites y grasa bruta 0,5%, ceniza bruta 2%, fibra bruta 1%, humedad 82%. Se debe dar en conjunto a un alimento completo ya sea seco o húmedo para una dieta balanceada. GUÍA DE ALIMENTACIÓN 0 – 3 Kg 1 lata/día 3 – 5 Kg 2 latas/día 5 Kg o más 3 latas/día;{};Imagenes_Alimentos/GrupoMOR/gatos/Applaws/applaws-applaws-gato-pechuga-de-pollo-y-queso-con-caldito-70-gr-copy.png;https://grupomor.cl/wp-content/uploads/2025/01/prod-1.png;https://grupomor.cl/producto/applaws-gato-pechuga-de-pollo-y-queso-con-caldito-70-gr-copy/
applaws-applaws-gato-pechuga-de-pollo-y-queso-con-caldito-70-gr;Grupo MOR;Applaws;gato;adulto;APPLAWS GATO PECHUGA DE POLLO Y QUESO CON CALDITO, 70 GR;70 g, 70 gr;¡A tu gato le encantará! La mejor pechuga de pollo y con delicioso queso para su deleite. Todo en esta latita con alimento 100% natural.;• 70% Pechuga de pollo – elaboración de comida humana pero para sus gatos. • 100% Natural – Sin nada agregado, sin nada artificial, sin colorantes, sin saborizantes, sin azúcar. CONTENIDO NUTRICIONAL Pechuga de pollo 70%, agua de cocción 24%, queso 5%, arroz 1% / Proteína bruta 14%, fibra bruta 1%, aceites y grasa bruta 0,3%, ceniza bruta 2%, humedad 82%. Se debe dar en conjunto a un alimento completo ya sea seco o húmedo para una dieta balanceada. GUÍA DE ALIMENTACIÓN 0 – 3 Kg 1 lata/día 3 – 5 Kg 2 latas/día 5 Kg o más 3 latas/día;{};Imagenes_Alimentos/GrupoMOR/gatos/Applaws/applaws-applaws-gato-pechuga-de-pollo-y-queso-con-caldito-70-gr.png;https://grupomor.cl/wp-content/uploads/2025/01/prod.png;https://grupomor.cl/producto/applaws-gato-pechuga-de-pollo-y-queso-con-caldito-70-gr/
naturalistic-nt-cremi-box-the-whole-recipes-mix-30-sachet;Grupo MOR;Naturalistic;gato;adulto;NT CREMI BOX THE WHOLE RECIPES MIX, 30 SACHET;60 g, 30 sachet;• Deliciosamente cremoso que tu gato no podrá resistir. • Tiene como primer ingrediente carne de pollo, atún, salmón y camarón (Según variedad). • Enriquecido con aceite de pollo (alto contenido de Omega 3) taurina, extracto de té verde y vitamina E. • Excelente opción de enriquecimiento ambiental y conductual. • Favorece la hidratación. • Pack de 30 tubos fáciles de abrir y servir.;Carne de salmón, carne de pollo, atún, camarón, salmón, almidón de tapioca, aceite de pollo, taurina, goma guar, sal, sorbato potásico, suplemento de vitamina E y extracto de té verde. ANÁLSIS GARANTIZADO Proteína Cruda mín. 9,2% Grasa Cruda mín. 1,5% Ceniza máx. 2,5% Fibra Cruda máx. 2% Humedad máx. 83% PORCIÓN SUGERIDA Naturalistic Cremi es solo para la alimentación intermitente o suplmentaria. Ofrecer hasta 4 tubos por día en gatos sanos. CONDICIONES DE ALMACENAMIENTO Almacenar en un lugar fresco y seco;{};Imagenes_Alimentos/GrupoMOR/gatos/Naturalistic/naturalistic-nt-cremi-box-the-whole-recipes-mix-30-sachet.jpg;https://grupomor.cl/wp-content/uploads/2025/01/cremi_pack30_todos.jpg;https://grupomor.cl/producto/nt-cremi-box-the-whole-recipes-mix-30-sachet/
naturalistic-nt-cremi-box-sea-food-recipes-mix-30-sachet;Grupo MOR;Naturalistic;gato;adulto;NT CREMI BOX SEA FOOD RECIPES MIX, 30 SACHET;60 g, 30 sachet;• Deliciosamente cremoso que tu gato no podrá resistir. • Tiene como primer ingrediente carne de atún, salmón y camarón (Según variedad). • Enriquecido con aceite de pollo (alto contenido de Omega 3) taurina, extracto de té verde y vitamina E. • Excelente opción de enriquecimiento ambiental y conductual. • Favorece la hidratación. • Pack de 30 tubos (10 de cada una de las variedades) fáciles de abrir y servir.;Carne de salmón, carne de atún, carne de camarón, almidón de tapioca, aceite de pollo, taurina, goma guar, sal, sorbato potásico, suplemento de vitamina E y extracto de té verde. ANÁLSIS GARANTIZADO Proteína Cruda mín. 9,2% Grasa Cruda mín. 1,5% Ceniza máx. 2,5% Fibra Cruda máx. 2% Humedad máx. 83% PORCIÓN SUGERIDA Naturalistic Cremi es solo para la alimentación intermitente o suplmentaria. Ofrecer hasta 4 tubos por día en gatos sanos. CONDICIONES DE ALMACENAMIENTO Almacenar en un lugar fresco y seco;{};Imagenes_Alimentos/GrupoMOR/gatos/Naturalistic/naturalistic-nt-cremi-box-sea-food-recipes-mix-30-sachet.jpg;https://grupomor.cl/wp-content/uploads/2025/01/cremi_pack30_recetasmar.jpg;https://grupomor.cl/producto/nt-cremi-box-sea-food-recipes-mix-30-sachet/
naturalistic-nt-cremi-box-chicken-base-recipes-mix-30-sachet;Grupo MOR;Naturalistic;gato;adulto;NT CREMI BOX CHICKEN BASE RECIPES MIX, 30 SACHET;60 g, 30 sachet;• Deliciosamente cremoso que tu gato no podrá resistir. • Tiene como primer ingrediente carne de pollo, atún y camarón (Según variedad). • Enriquecido con aceite de pollo (alto contenido de Omega 3) taurina, extracto de té verde y vitamina E. • Excelente opción de enriquecimiento ambiental y conductual. • Favorece la hidratación. • Pack de 30 tubos (10 de cada una de las variedades) fáciles de abrir y servir.;Carne de pollo, carne de atún, carne de camarón, almidón de tapioca, aceite de pollo, taurina, goma guar, sal, sorbato potásico, suplemento de vitamina E y extracto de té verde. ANÁLSIS GARANTIZADO Proteína Cruda mín. 9,2% Grasa Cruda mín. 1,5% Ceniza máx. 2,5% Fibra Cruda máx. 2% Humedad máx. 83% PORCIÓN SUGERIDA Naturalistic Cremi es solo para la alimentación intermitente o suplmentaria. Ofrecer hasta 4 tubos por día en gatos sanos. CONDICIONES DE ALMACENAMIENTO Almacenar en un lugar fresco y seco;{};Imagenes_Alimentos/GrupoMOR/gatos/Naturalistic/naturalistic-nt-cremi-box-chicken-base-recipes-mix-30-sachet.jpg;https://grupomor.cl/wp-content/uploads/2025/01/cremi_pack30_basepollo.jpg;https://grupomor.cl/producto/nt-cremi-box-chicken-base-recipes-mix-30-sachet/
meowee!-meowee-snack-liquido-cuchareable-pollo-salmon-pato;Grupo MOR;Meowee!;gato;adulto;MEOWEE! – SNACK LÍQUIDO CUCHAREABLE – TRIPLE PROTEÍNA DE POLLO, SALMÓN Y PATO;60 g;Características principales: Snacks húmedos con cuchara integrada: Un snack cremoso y divertido, diseñado para minimizar la pérdida de producto y sin cortes, lo que lo hace más seguro para la boca de tu gatito. Triple sabor irresistible: Una combinación de salmón, atún y camarón que le encantará a tu gato. Formulados por veterinarios: Contienen vitaminas, minerales y taurina para apoyar la salud de tu felino.;Sin colorantes ni sabores artificiales, conservantes químicos, subproductos de pollo ni carragenina. Presentación: Packs de 4 unidades fáciles de usar. Agua, pollo, salmón, pato, almidón de tapioca, melaza de caña, levadura hidrolizada, acetato de alfa-tocoferol (fuente de vitamina E), taurina. ANÁLSIS GARANTIZADO Proteína Cruda mín. 8,0% Grasa Cruda mín. 0,03% Fibra Cruda máx. 0,4% Humedad max. 90.0% Calcio 0,019% Magnesio 0,14 mg/kg Vitamina E 232 IU/kg Taurina 0,04% PORCIÓN SUGERIDA Solo para la alimentación intermitente o suplementaria. Ofrecer hasta 3 tubos por día en gatos adultos sanos. CONDICIONES DE ALMACENAMIENTO Almacenar en un lugar fresco y seco;{};Imagenes_Alimentos/GrupoMOR/gatos/Meowee_/meowee!-meowee-snack-liquido-cuchareable-pollo-salmon-pato.png;https://grupomor.cl/wp-content/uploads/2025/01/yellowfront_duck_chick_salmon.png;https://grupomor.cl/producto/meowee-snack-liquido-cuchareable-pollo-salmon-pato/
meowee!-meowee-snack-liquido-salmon-atun-camaron;Grupo MOR;Meowee!;gato;adulto;MEOWEE! – SNACK LÍQUIDO CUCHAREABLE – TRIPLE PROTEÍNA DE SALMÓN, ATÚN Y CAMARÓN;60 g;Características principales: Snacks húmedos con cuchara integrada: Un snack cremoso y divertido, diseñado para minimizar la pérdida de producto y sin cortes, lo que lo hace más seguro para la boca de tu gatito. Triple sabor irresistible: Una combinación de salmón, atún y camarón que le encantará a tu gato. Formulados por veterinarios: Contienen vitaminas, minerales y taurina para apoyar la salud de tu felino.;Sin colorantes ni sabores artificiales, conservantes químicos, subproductos de pollo ni carragenina. Presentación: Packs de 4 unidades fáciles de usar. Agua, atún, salmón, camarón, almidón de tapioca, melaza de caña, levadura hidrolizada, acetato de alfa-tocoferol (fuente de vitamina E), taurina. ANÁLSIS GARANTIZADO Proteína Cruda mín. 9,0% Grasa Cruda mín. 0,03% Fibra Cruda máx. 0,5% Calcio 0,019% Magnesio 0,1 mg/kg Vitamina E 201 IU/kg Taurina 0,06% PORCIÓN SUGERIDA Solo para la alimentación intermitente o suplementaria. Ofrecer hasta 3 tubos por día en gatos adultos sanos. CONDICIONES DE ALMACENAMIENTO Almacenar en un lugar fresco y seco;{};Imagenes_Alimentos/GrupoMOR/gatos/Meowee_/meowee!-meowee-snack-liquido-salmon-atun-camaron.png;https://grupomor.cl/wp-content/uploads/2025/01/redfront_krill_salmon_tuna.png;https://grupomor.cl/producto/meowee-snack-liquido-salmon-atun-camaron/
meowee!-meowee-pollo-atun-pato;Grupo MOR;Meowee!;gato;adulto;MEOWEE! – SNACK LÍQUIDO CUCHAREABLE – TRIPLE PROTEÍNA DE POLLO, ATÚN Y PATO;60 g;Características principales: Snacks húmedos con cuchara integrada: Un snack cremoso y divertido, diseñado para minimizar la pérdida de producto y sin cortes, lo que lo hace más seguro para la boca de tu gatito. Triple sabor irresistible: Una combinación de atún, pollo y pato que encantará a tu gato. Formulados por veterinarios: Contienen vitaminas, minerales y taurina para apoyar la salud de tu felino.;Sin colorantes ni sabores artificiales, conservantes químicos, subproductos de pollo ni carragenina. Presentación: Packs de 4 unidades fáciles de usar. Agua, atún, pollo, pato, almidón de tapioca, melaza de caña, levadura hidrolizada, acetato de alfa-tocoferol (fuente de vitamina E), taurina. ANÁLSIS GARANTIZADO Proteína Cruda mín. 8,0% Grasa Cruda mín. 0,1% Fibra Cruda máx. 0,4% Calcio 0,019% Magnesio 0,18 mg/kg Vitamina E 200 IU/kg Taurina 0,02% PORCIÓN SUGERIDA Solo para la alimentación intermitente o suplementaria. Ofrecer hasta 3 tubos por día en gatos adultos sanos. CONDICIONES DE ALMACENAMIENTO Almacenar en un lugar fresco y seco;{};Imagenes_Alimentos/GrupoMOR/gatos/Meowee_/meowee!-meowee-pollo-atun-pato.png;https://grupomor.cl/wp-content/uploads/2025/01/bluefront_tuna-chick_duck-copia.png;https://grupomor.cl/producto/meowee-pollo-atun-pato/
amity-amity-iberian-pork-and-pumpkin-dog-wet-food-400-gr;Grupo MOR;Amity;perro;adulto;AMITY IBERIAN PORK AND PUMPKIN DOG WET FOOD 400 GR;400 gr;Amity Iberian Pork And Pumpkin Dog Wet Food es un alimento húmedo para perros de origen español, guiado por las más estrictas normas europeas, logrando un alimento complementario ideal para todos los perros. Con un alto porcentaje de humedad y un gran aporte de ácidos grasos esenciales, Amity wet es una excelente manera de mantener en óptimas condiciones a tu perro, favoreciendo la salud urinaria, cerebral, piel y pelaje.;• Excelente fuente de proteína. • Alto contenido en ácidos grasos Omega 3 • Mejora del sistema inmunológico, nervioso, urinario y cardiovascular • Ayuda en el cuidado de la salud del piel y pelaje Pollo, hígado de pollo, cerdo ibérico, arroz, quinoa, calabaza, aceite de linaza.;{};Imagenes_Alimentos/GrupoMOR/perros/Amity/amity-amity-iberian-pork-and-pumpkin-dog-wet-food-400-gr.png;https://grupomor.cl/wp-content/uploads/2024/06/5PE40005.png;https://grupomor.cl/producto/amity-iberian-pork-and-pumpkin-dog-wet-food-400-gr/
amity-amity-tuna-and-green-beas-adult-dog-wet-food-400-gr;Grupo MOR;Amity;perro;adulto;AMITY TUNA AND GREEN BEAS ADULT DOG WET FOOD 400 GR;400 gr;Amity Tuna And Green Beas Adult Dog Wet Food es un alimento húmedo para perros de origen español, guiado por las más estrictas normas europeas, logrando un alimento complementario ideal para todos los perros. Con un alto porcentaje de humedad y un gran aporte de ácidos grasos esenciales, Amity wet es una excelente manera de mantener en óptimas condiciones a tu perro, favoreciendo la salud urinaria, cerebral, piel y pelaje.;• Excelente fuente de proteína. • Alto contenido en ácidos grasos Omega 3 • Mejora del sistema inmunológico, nervioso, urinario y cardiovascular • Ayuda en el cuidado de la salud del piel y pelaje Atún, arroz, aceite de salmón, quinoa, judías verdes.;{};Imagenes_Alimentos/GrupoMOR/perros/Amity/amity-amity-tuna-and-green-beas-adult-dog-wet-food-400-gr.png;https://grupomor.cl/wp-content/uploads/2024/06/5PE40004.png;https://grupomor.cl/producto/amity-tuna-and-green-beas-adult-dog-wet-food-400-gr/
amity-amity-chicken-and-blueberries-adult-dog-wet-food-400-gr;Grupo MOR;Amity;perro;adulto;AMITY CHICKEN AND BLUEBERRIES ADULT DOG WET FOOD 400 GR;400 gr;Amity Chicken And Blueberries Adult Dog Wet Food es un alimento húmedo para perros de origen español, guiado por las más estrictas normas europeas, logrando un alimento complementario ideal para todos los perros. Con un alto porcentaje de humedad y un gran aporte de ácidos grasos esenciales, Amity wet es una excelente manera de mantener en óptimas condiciones a tu perro, favoreciendo la salud urinaria, cerebral, piel y pelaje.;• Excelente fuente de proteína. • Alto contenido en ácidos grasos Omega 3 • Mejora del sistema inmunológico, nervioso, urinario y cardiovascular • Ayuda en el cuidado de la salud del piel y pelaje Pollo, hígado de pollo, arroz, quinoa, arándanos, aceite de linaza.;{};Imagenes_Alimentos/GrupoMOR/perros/Amity/amity-amity-chicken-and-blueberries-adult-dog-wet-food-400-gr.png;https://grupomor.cl/wp-content/uploads/2024/06/5PE40003.png;https://grupomor.cl/producto/amity-chicken-and-blueberries-adult-dog-wet-food-400-gr/
amity-amity-sp-low-grain-salmon-adult-cat-sterilized-2-kg;Grupo MOR;Amity;gato;adulto;AMITY SP LOW GRAIN SALMON ADULT CAT STERILIZED 2 KG;2 kg;Amity Super Premium Low Grain Salmon Adult Cat Sterilized es un alimento de origen español, guiado por las mas estrictas normas europeas, logrando un alimento completo y balanceado para las mascotas.;Gracias a su pellet cuidadosamente elaborado, es apto para gatos de todo tipo de razas y tamaños, de esta forma Amity es la opción ideal para todos los miembros peludos de la familia. • Carne de salmón deshidratada como primer ingrediente. • Alimento Low Grain, con arroz como único grano. • Sin colorantes, saborizantes ni transgénicos. • Sin preservantes artificiales. • Buenas fuentes de Glucosamina y Condroitina. Carne y pescado deshidratados 39% (salmón 15%), arroz 24% (arroz integral 15%), guisantes, grasa de pollo (Fuente de ac. grasos Ω-6), celulosa natural (Fuente de fibra insoluble), vaína de algarroba, pulpa de remolacha, vitaminas y minerales, fibra dietética insoluble de guisante, levadura y extracto de levadura-Saccharomyces cerevisiae (Fuente de mananooligosacáridos – MOS y β-glucanos), aceite de salmón (Fuente de ac. grasos Ω-3 – EPA y DHA), proteína hidrolizada de salmón, inulina (Fibra soluble de achicoria, fuente de fructooligosacáridos – FOS), salvia hispánica (Fuente de ac. grasos Omega-3 y fibra dietética), algas (Ascophyllum nodosum), hidrolizado de crustáceos (Fuente de glucosamina), hidrolizado de cartílago (Fuente de condroitina), aceites esenciales (orégano, canela, clavo, tomillo, romero, hierbabuena, té verde), yucca. ADITIVOS NUTRICIONALES Vitamina A 24.000 U.I/kg, vitamina D-3 1.400 U.I/kg, vitamina E (acetato de todo-rac-a-tocoferilo) 460 mg/kg, vitamina C 100 mg/kg, L-Carnitina 160 mg/kg, taurina 1.200 mg/kg, cloruro de colina 2.530 mg/kg, hierro (sulfato ferroso monohidratado) 140 mg/kg, cobre (sulfato cúprico pentahidratado) 12 mg/kg, manganeso (sulfato manganoso monohidratado) 46 mg/kg, zinc (sulfato de zinc monohidratado) 146 mg/kg, iodo (yoduro de potasio) 3,8 mg/kg, selenio (selenito de sodio) 0,18 mg/kg. ADITIVOS TECNOLÓGICOS Antioxidantes naturales (aceites naturales ricos en tocoferoles).;{};Imagenes_Alimentos/GrupoMOR/gatos/Amity/amity-amity-sp-low-grain-salmon-adult-cat-sterilized-2-kg.jpg;https://grupomor.cl/wp-content/uploads/2024/06/4GA020040.jpg;https://grupomor.cl/producto/amity-sp-low-grain-salmon-adult-cat-sterilized-2-kg/
applaws-applaws-gato-pechuga-de-pollo-pato-con-caldito-70-gr;Grupo MOR;Applaws;gato;adulto;APPLAWS GATO PECHUGA DE POLLO-PATO CON CALDITO, 70 GR;70 g, 70 gr;Lata para gato adulto de pechuga de pollo y pato con caldito;• Alimento 100% natural • Solo se usan cortes finos de la carne • Sin azúcar • Casi un 75% de proteínas Pechuga de pollo 70%, caldo de pollo 21%, pato 5%, arroz partido 4%.;{};Imagenes_Alimentos/GrupoMOR/gatos/Applaws/applaws-applaws-gato-pechuga-de-pollo-pato-con-caldito-70-gr.jpg;https://grupomor.cl/wp-content/uploads/2024/01/1025LA-A-1.jpg;https://grupomor.cl/producto/applaws-gato-pechuga-de-pollo-pato-con-caldito-70-gr/
applaws-applaws-gato-pechuga-de-pollo-con-caldito-70-gr;Grupo MOR;Applaws;gato;adulto;APPLAWS GATO PECHUGA DE POLLO CON CALDITO, 70 GR;70 g, 70 gr;Lata para gato adulto de carne de pollo con caldito;• Alimento 100% natural • Solo se usan cortes finos de la carne • Sin azúcar • Casi un 75% de proteínas Pechuga de pollo 75%, caldo de pollo 21%, arroz partido 4%.;{};Imagenes_Alimentos/GrupoMOR/gatos/Applaws/applaws-applaws-gato-pechuga-de-pollo-con-caldito-70-gr.jpg;https://grupomor.cl/wp-content/uploads/2024/01/1002LA-A-1.jpg;https://grupomor.cl/producto/applaws-gato-pechuga-de-pollo-con-caldito-70-gr/
applaws-applaws-gato-filete-de-atun-cangrejo-con-caldito-70-gr;Grupo MOR;Applaws;gato;adulto;APPLAWS GATO FILETE DE ATUN-CANGREJO CON CALDITO, 70 GR;70 g, 70 gr;Lata para gato adulto de filete de atún y cangrejo con caldito;• Alimento 100% natural • Solo se usan cortes finos de la carne • Sin azúcar • Casi un 75% de proteínas Filete de atún 55%, caldo de atún 36%, cangrejo 5%, arroz partido 4%.;{};Imagenes_Alimentos/GrupoMOR/gatos/Applaws/applaws-applaws-gato-filete-de-atun-cangrejo-con-caldito-70-gr.jpg;https://grupomor.cl/wp-content/uploads/2024/01/1026LA-A-1.jpg;https://grupomor.cl/producto/applaws-gato-filete-de-atun-cangrejo-con-caldito-70-gr/
applaws-applaws-gato-filete-de-atun-camaron-con-caldito-70-gr;Grupo MOR;Applaws;gato;adulto;APPLAWS GATO FILETE DE ATUN-CAMARON CON CALDITO, 70 GR;70 g, 70 gr;¡Esta es una latita supremamente ganadora! El mejor corte de filete de atún y camarón para el almuerzo o la cena de su gato y todo en esta latita con alimento 100% natural.;• 75% Filete de Atún con Camarón – Nos enfocamos estrictamente en utilizar los mejores cortes de la carne y de producir la alimentación Applaws siguiendo los estándares para la elaboración de comida humana pero para sus gatos. • 100% Natural – Sin nada agregado, sin nada artificial, sin colorantes, sin saborizantes, sin azúcar. • Fuente Natural de Taurina – La Taurina es fundamental para el buen funcionamiento ocular y del corazón de su mascota. CONTENIDO NUTRICIONAL Filete de atún 55%, caldo de atún 21%, camarón 20%, arroz partido 4% / Proteína bruta (mín) 12 %, Grasa bruta (mín) 0,1 %, Fibra bruta (máx) 2 %, Humedad (máx) 87%, Minerales totales (máx2 %, Calcio (mín – máx) 0,01 – 0,07 %, Fósforo (mín – máx) 0,01 – 0,45 %, Magnesio (máx) 0,32 %, Taurina (mín) 0,01 %. Applaws es 100% Natural y es un alimento complementario para gatos adultos. Se debe dar en conjunto a un alimento completo ya sea seco o húmedo para una dieta balanceada. GUÍA DE ALIMENTACIÓN 0 – 3 Kg 1 lata/día 3 – 5 Kg 2 latas/día 5 Kg o más 3 latas/día;{};Imagenes_Alimentos/GrupoMOR/gatos/Applaws/applaws-applaws-gato-filete-de-atun-camaron-con-caldito-70-gr.jpg;https://grupomor.cl/wp-content/uploads/2024/01/1008LA-A-1.jpg;https://grupomor.cl/producto/applaws-gato-filete-de-atun-camaron-con-caldito-70-gr/
naturalistic-nt-cremi-box-sea-food-mix-60-sachet;Grupo MOR;Naturalistic;gato;adulto;NT CREMI BOX SEA FOOD MIX, 60 SACHET;60 g, 60 sachet;• Deliciosamente cremoso que tu gato no podrá resistir. • Tiene como primer ingrediente carne de musculo de atún y salmón. • Enriquecido con aceite de pollo (alto contenido de Omega 3) taurina, extracto de té verde y vitamina E. • Excelente opción de enriquecimiento ambiental y conductual • Favorece la hidratación • Pack de 5 tubos más convenientes;Carne de pollo, almidón de tapioca, aceite de pollo, taurina, goma guar, sal, sorbato potásico, suplemento de vitamina E, extracto de té verde. ANÁLSIS GARANTIZADO Proteína Cruda mín. 9,2% Grasa Cruda mín. 1,5% Ceniza máx. 2,5% Fibra Cruda máx. 2% Humedad máx. 83% PORCIÓN SUGERIDA Naturalistic Cremi es solo para la alimentación intermitente o suplmentaria. Ofrecer hasta 4 tubos por día en gatos sanos. CONDICIONES DE ALMACENAMIENTO Almacenar en un lugar fresco y seco;{};Imagenes_Alimentos/GrupoMOR/gatos/Naturalistic/naturalistic-nt-cremi-box-sea-food-mix-60-sachet.jpg;https://grupomor.cl/wp-content/uploads/2024/01/C2609.jpg;https://grupomor.cl/producto/nt-cremi-box-sea-food-mix-60-sachet/
naturalistic-nt-cremi-box-chicken-food-mix-60-sachet;Grupo MOR;Naturalistic;gato;adulto;NT CREMI BOX CHICKEN FOOD MIX, 60 SACHET;60 g, 60 sachet;• Deliciosamente cremoso que tu gato no podrá resistir. • Tiene como primer ingrediente carne de musculo de atún y salmón. • Enriquecido con aceite de pollo (alto contenido de Omega 3) taurina, extracto de té verde y vitamina E. • Excelente opción de enriquecimiento ambiental y conductual • Favorece la hidratación • Pack de 5 tubos más convenientes;Carne de atún, almidón de tapioca, aceite de pollo, taurina, goma guar, sal, sorbato potásico, suplemento de vitamina E, extracto de té verde. ANÁLSIS GARANTIZADO Proteína Cruda mín. 9,2% Grasa Cruda mín. 1,5% Ceniza máx. 2,5% Fibra Cruda máx. 2% Humedad máx. 83% PORCIÓN SUGERIDA Naturalistic Cremi es solo para la alimentación intermitente o suplmentaria. Ofrecer hasta 4 tubos por día en gatos sanos. CONDICIONES DE ALMACENAMIENTO Almacenar en un lugar fresco y seco;{};Imagenes_Alimentos/GrupoMOR/gatos/Naturalistic/naturalistic-nt-cremi-box-chicken-food-mix-60-sachet.jpg;https://grupomor.cl/wp-content/uploads/2024/01/C2593.jpg;https://grupomor.cl/producto/nt-cremi-box-chicken-food-mix-60-sachet/
naturalistic-nt-cremi-chicken-shrimp-recipe-5-sachet;Grupo MOR;Naturalistic;gato;adulto;NT CREMI CHICKEN & SHRIMP RECIPE, 5 SACHET;60 g, 5 sachet;• Deliciosamente cremoso que tu gato no podrá resistir. • Tiene como primer ingrediente carne de musculo de atún y salmón. • Enriquecido con aceite de pollo (alto contenido de Omega 3) taurina, extracto de té verde y vitamina E. • Excelente opción de enriquecimiento ambiental y conductual • Favorece la hidratación • Pack de 5 tubos más convenientes;Carne de pollo, almidón de tapioca, aceite de pollo, taurina, goma guar, sal, sorbato potásico, suplemento de vitamina E, extracto de té verde. ANÁLSIS GARANTIZADO Proteína Cruda mín. 9,2% Grasa Cruda mín. 1,5% Ceniza máx. 2,5% Fibra Cruda máx. 2% Humedad máx. 83% PORCIÓN SUGERIDA Naturalistic Cremi es solo para la alimentación intermitente o suplmentaria. Ofrecer hasta 4 tubos por día en gatos sanos. CONDICIONES DE ALMACENAMIENTO Almacenar en un lugar fresco y seco;{};Imagenes_Alimentos/GrupoMOR/gatos/Naturalistic/naturalistic-nt-cremi-chicken-shrimp-recipe-5-sachet.jpg;https://grupomor.cl/wp-content/uploads/2024/01/C2531-1.jpg;https://grupomor.cl/producto/nt-cremi-chicken-shrimp-recipe-5-sachet/
naturalistic-nt-cremi-chicken-tuna-recipe-5-sachet;Grupo MOR;Naturalistic;gato;adulto;NT CREMI CHICKEN & TUNA RECIPE, 5 SACHET;60 g, 5 sachet;• Deliciosamente cremoso que tu gato no podrá resistir. • Tiene como primer ingrediente carne de musculo de atún y salmón. • Enriquecido con aceite de pollo (alto contenido de Omega 3) taurina, extracto de té verde y vitamina E. • Excelente opción de enriquecimiento ambiental y conductual • Favorece la hidratación • Pack de 5 tubos más convenientes;Carne de atún, almidón de tapioca, aceite de pollo, taurina, goma guar, sal, sorbato potásico, suplemento de vitamina E, extracto de té verde. ANÁLSIS GARANTIZADO Proteína Cruda mín. 9,2% Grasa Cruda mín. 1,5% Ceniza máx. 2,5% Fibra Cruda máx. 2% Humedad máx. 83% PORCIÓN SUGERIDA Naturalistic Cremi es solo para la alimentación intermitente o suplmentaria. Ofrecer hasta 4 tubos por día en gatos sanos. CONDICIONES DE ALMACENAMIENTO Almacenar en un lugar fresco y seco;{};Imagenes_Alimentos/GrupoMOR/gatos/Naturalistic/naturalistic-nt-cremi-chicken-tuna-recipe-5-sachet.jpg;https://grupomor.cl/wp-content/uploads/2024/01/C2548-1.jpg;https://grupomor.cl/producto/nt-cremi-chicken-tuna-recipe-5-sachet/
naturalistic-nt-cremi-salmon-shrimp-recipe-5-sachet;Grupo MOR;Naturalistic;gato;adulto;NT CREMI SALMON & SHRIMP RECIPE, 5 SACHET;60 g, 5 sachet;• Deliciosamente cremoso que tu gato no podrá resistir. • Tiene como primer ingrediente carne de musculo de atún y salmón. • Enriquecido con aceite de pollo (alto contenido de Omega 3) taurina, extracto de té verde y vitamina E. • Excelente opción de enriquecimiento ambiental y conductual • Favorece la hidratación • Pack de 5 tubos más convenientes;Carne de salmón y atún, almidón de tapioca, aceite de pollo, taurina, goma guar, sal, sorbato potásico, suplemento de vitamina E, extracto de té verde. ANÁLSIS GARANTIZADO Proteína Cruda mín. 9,2% Grasa Cruda mín. 1,5% Ceniza máx. 2,5% Fibra Cruda máx. 2% Humedad máx. 83% PORCIÓN SUGERIDA Naturalistic Cremi es solo para la alimentación intermitente o suplmentaria. Ofrecer hasta 4 tubos por día en gatos sanos. CONDICIONES DE ALMACENAMIENTO Almacenar en un lugar fresco y seco;{};Imagenes_Alimentos/GrupoMOR/gatos/Naturalistic/naturalistic-nt-cremi-salmon-shrimp-recipe-5-sachet.jpg;https://grupomor.cl/wp-content/uploads/2024/01/C2555-1.jpg;https://grupomor.cl/producto/nt-cremi-salmon-shrimp-recipe-5-sachet/
naturalistic-nt-cremi-chicken-recipe-5-sachet;Grupo MOR;Naturalistic;gato;adulto;NT CREMI CHICKEN RECIPE, 5 SACHET;60 g, 5 sachet;• Deliciosamente cremoso que tu gato no podrá resistir. • Tiene como primer ingrediente carne de musculo de atún y salmón. • Enriquecido con aceite de pollo (alto contenido de Omega 3) taurina, extracto de té verde y vitamina E. • Excelente opción de enriquecimiento ambiental y conductual • Favorece la hidratación • Pack de 5 tubos más convenientes;Carne de pollo, almidón de tapioca, aceite de pollo, taurina, goma guar, sal, sorbato potásico, suplemento de vitamina E, extracto de té verde. ANÁLSIS GARANTIZADO Proteína Cruda mín. 9,2% Grasa Cruda mín. 1,5% Ceniza máx. 2,5% Fibra Cruda máx. 2% Humedad máx. 83% PORCIÓN SUGERIDA Naturalistic Cremi es solo para la alimentación intermitente o suplmentaria. Ofrecer hasta 4 tubos por día en gatos sanos. CONDICIONES DE ALMACENAMIENTO Almacenar en un lugar fresco y seco;{};Imagenes_Alimentos/GrupoMOR/gatos/Naturalistic/naturalistic-nt-cremi-chicken-recipe-5-sachet.jpg;https://grupomor.cl/wp-content/uploads/2024/01/C2470-1.jpg;https://grupomor.cl/producto/nt-cremi-chicken-recipe-5-sachet/
naturalistic-nt-cremi-tuna-recipe-5-sachet;Grupo MOR;Naturalistic;gato;adulto;NT CREMI TUNA RECIPE, 5 SACHET;60 g, 5 sachet;• Deliciosamente cremoso que tu gato no podrá resistir. • Tiene como primer ingrediente carne de musculo de atún y salmón. • Enriquecido con aceite de pollo (alto contenido de Omega 3) taurina, extracto de té verde y vitamina E. • Excelente opción de enriquecimiento ambiental y conductual • Favorece la hidratación • Pack de 5 tubos más convenientes;Carne de atún, almidón de tapioca, aceite de pollo, taurina, goma guar, sal, sorbato potásico, suplemento de vitamina E, extracto de té verde. ANÁLSIS GARANTIZADO Proteína Cruda mín. 9,2% Grasa Cruda mín. 1,5% Ceniza máx. 2,5% Fibra Cruda máx. 2% Humedad máx. 83% PORCIÓN SUGERIDA Naturalistic Cremi es solo para la alimentación intermitente o suplmentaria. Ofrecer hasta 4 tubos por día en gatos sanos. CONDICIONES DE ALMACENAMIENTO Almacenar en un lugar fresco y seco;{};Imagenes_Alimentos/GrupoMOR/gatos/Naturalistic/naturalistic-nt-cremi-tuna-recipe-5-sachet.jpg;https://grupomor.cl/wp-content/uploads/2024/01/C2487-1.jpg;https://grupomor.cl/producto/nt-cremi-tuna-recipe-5-sachet/
naturalistic-nt-cremi-salmon-tuna-recipe-5-sachet;Grupo MOR;Naturalistic;gato;adulto;NT CREMI SALMON & TUNA RECIPE, 5 SACHET;60 g, 5 sachet;• Deliciosamente cremoso que tu gato no podrá resistir. • Tiene como primer ingrediente carne de musculo de atún y salmón. • Enriquecido con aceite de pollo (alto contenido de Omega 3) taurina, extracto de té verde y vitamina E. • Excelente opción de enriquecimiento ambiental y conductual • Favorece la hidratación • Pack de 5 tubos más convenientes;Carne de salmón y atún, almidón de tapioca, aceite de pollo, taurina, goma guar, sal, sorbato potásico, suplemento de vitamina E, extracto de té verde. ANÁLSIS GARANTIZADO Proteína Cruda mín. 9,2% Grasa Cruda mín. 1,5% Ceniza máx. 2,5% Fibra Cruda máx. 2% Humedad máx. 83% PORCIÓN SUGERIDA Naturalistic Cremi es solo para la alimentación intermitente o suplmentaria. Ofrecer hasta 4 tubos por día en gatos sanos. CONDICIONES DE ALMACENAMIENTO Almacenar en un lugar fresco y seco;{};Imagenes_Alimentos/GrupoMOR/gatos/Naturalistic/naturalistic-nt-cremi-salmon-tuna-recipe-5-sachet.jpg;https://grupomor.cl/wp-content/uploads/2024/01/C2494-1.jpg;https://grupomor.cl/producto/nt-cremi-salmon-tuna-recipe-5-sachet/
dingo-dingo-triple-flavor-twist-10-pk;Grupo MOR;Dingo;perro;adulto;DINGO TRIPLE FLAVOR TWIST 10 PK;90 g;• Sabrosa combinación de carnaza de res y cerdo envuelto con pechuga de pollo de primera calidad • Contiene gran fuente de proteína • Ayuda a reducir la acumulación de sarro y remueve la placa bacteriana de los dientes.;Carnaza de res, carnaza de cerdo, pechuga de pollo, glicerina, sal, FD&C amarillo #6, FD&C azul #1, FD&C rojo#40.;{};Imagenes_Alimentos/GrupoMOR/perros/Dingo/dingo-dingo-triple-flavor-twist-10-pk.jpg;https://grupomor.cl/wp-content/uploads/2023/06/P-94569LA-1.jpg;https://grupomor.cl/producto/dingo-triple-flavor-twist-10-pk/
dingo-dingo-triple-flavor-twist-5-pk;Grupo MOR;Dingo;perro;adulto;DINGO TRIPLE FLAVOR TWIST 5 PK;40 g;• Sabrosa combinación de carnaza de res y cerdo envuelto con pechuga de pollo de primera calidad • Contiene gran fuente de proteína • Ayuda a reducir la acumulación de sarro y remueve la placa bacteriana de los dientes.;Carnaza de res, carnaza de cerdo, pechuga de pollo, glicerina, sal, FD&C amarillo #6, FD&C azul #1, FD&C rojo#40.;{};Imagenes_Alimentos/GrupoMOR/perros/Dingo/dingo-dingo-triple-flavor-twist-5-pk.png;https://grupomor.cl/wp-content/uploads/2023/06/P-94568LA-1.png;https://grupomor.cl/producto/dingo-triple-flavor-twist-5-pk/
dingo-dingo-triple-flavor-kabob-5-pk;Grupo MOR;Dingo;perro;adulto;DINGO TRIPLE FLAVOR KABOB 5 PK;100 g;• Sabrosa combinación de carnaza de cerdo y res envuelto con pechuga de pollo, pato e hígado de pollo de primera calidad • Contiene gran fuente de proteína • Ayuda a reducir la acumulación de sarro y remueve la placa bacteriana de los dientes.;Carnaza de res, pechuga de pollo, carnaza de cerdo, pechuga de pato, harina de trigo, glicerina, higado de pollo, ajo en polvo, FD&C amarillo #6, FD&C azul #1, FD&C rojo#40.;{};Imagenes_Alimentos/GrupoMOR/perros/Dingo/dingo-dingo-triple-flavor-kabob-5-pk.jpg;https://grupomor.cl/wp-content/uploads/2023/06/P-94567LA-1.jpg;https://grupomor.cl/producto/dingo-triple-flavor-kabob-5-pk/
dingo-dingo-triple-flavor-kabob-2-pk;Grupo MOR;Dingo;perro;adulto;DINGO TRIPLE FLAVOR KABOB 2 PK;50 g;• Sabrosa combinación de carnaza de cerdo y res envuelto con pechuga de pollo, pato e hígado de pollo de primera calidad • Contiene gran fuente de proteína • Ayuda a reducir la acumulación de sarro y remueve la placa bacteriana de los dientes.;Carnaza de res, pechuga de pollo, carnaza de cerdo, pechuga de pato, harina de trigo, glicerina, higado de pollo, ajo en polvo, FD&C amarillo #6, FD&C azul #1, FD&C rojo#40.;{};Imagenes_Alimentos/GrupoMOR/perros/Dingo/dingo-dingo-triple-flavor-kabob-2-pk.png;https://grupomor.cl/wp-content/uploads/2023/06/P-94566LA-1.png;https://grupomor.cl/producto/dingo-triple-flavor-kabob-2-pk/
dingo-dingo-triple-flavor-wings-5-pk;Grupo MOR;Dingo;perro;adulto;DINGO TRIPLE FLAVOR WINGS 5 PK;100 g;• Sabrosa combinación de carnaza de res y cerdo envuelto con pechuga de pollo de primera calidad • Contiene gran fuente de proteína • Ayuda a reducir la acumulación de sarro y remueve la placa bacteriana de los dientes.;Pechuga de pollo, carnaza de cerdo, carnaza de res, glicerina, sal, FD&C amarillo #6, FD&C azul #1, FD&C rojo#40;{};Imagenes_Alimentos/GrupoMOR/perros/Dingo/dingo-dingo-triple-flavor-wings-5-pk.jpg;https://grupomor.cl/wp-content/uploads/2023/06/P-94565LA-1.jpg;https://grupomor.cl/producto/dingo-triple-flavor-wings-5-pk/
dingo-dingo-triple-flavor-wings-2-pk;Grupo MOR;Dingo;perro;adulto;DINGO TRIPLE FLAVOR WINGS 2 PK;50 g;• Sabrosa combinación de carnaza de res y cerdo envuelto con pechuga de pollo de primera calidad • Contiene gran fuente de proteína • Ayuda a reducir la acumulación de sarro y remueve la placa bacteriana de los dientes.;Pechuga de pollo, carnaza de cerdo, carnaza de res, glicerina, sal, FD&C amarillo #6, FD&C azul #1, FD&C rojo#40;{};Imagenes_Alimentos/GrupoMOR/perros/Dingo/dingo-dingo-triple-flavor-wings-2-pk.png;https://grupomor.cl/wp-content/uploads/2023/06/P-94564LA-1.png;https://grupomor.cl/producto/dingo-triple-flavor-wings-2-pk/
dreambone-dreambone-dental-premio-para-perro-sin-carnaza-8-unidades;Grupo MOR;DreamBone;perro;adulto;DREAMBONE DENTAL PREMIO PARA PERRO SIN CARNAZA – 8 UNIDADES;8 un;• Ideal para perros de tamaño miniatura: Pomerania, Shih Tzu, Terrier (entre 0,45kg a 4 kg) • Fácil de digerir • Reduce la acumulación de sarro y refresa el aliento • La masticación ayuda a mantener dientes y encías saludables • Enriquecido con vitaminas y minerales • La alternativa saludable sin carnaza • Dosis: Ofrecer 1 por día;Almidones (almidón de maíz), carne de pollo (pechuga de pollo), grenetina de cerdo (gelatina de cerdo), humectantes (maltodextrina), azúcares (sorbitol, fructosa, jarabe de malta de cebada), vegetales deshidratados molidos (proteína de chícharo/guisantes, harina de camote, harina de zanahoria, harina de chícharo/ guisantes, aceite de semilla de perejil, alga seca), sal, dióxido de titanio, monoestearato de glicerol (glicerina), bicarbonato de sodio, gomas (goma de xantana), saborizantes artificiales y/o naturales de origen animal y/o vegetal (sabor artificial de pollo, sabor artificial a leche -aceite de soya, ácido dodecanoico), fosfatos (fosfato dicálcico, pirofosfato de sodio tripolifosfato de sodio), minerales (sulfato ferroso, sulfato de manganeso, sulfato de zinc) conservantes (sorbato de potasio, propionato de sodio), vitaminas (pantotenato de calcio, vitamina E, tiamina, piridoxina, niacinamida, vitamina B12, riboflavina) y colorantes artificiales y/o naturales de origen animal y/o vegetal (clorofila de cobre de sodio).;{};Imagenes_Alimentos/GrupoMOR/perros/DreamBone/dreambone-dreambone-dental-premio-para-perro-sin-carnaza-8-unidades.jpg;https://grupomor.cl/wp-content/uploads/2023/06/8923833002609-1.jpg;https://grupomor.cl/producto/dreambone-dental-premio-para-perro-sin-carnaza-8-unidades/
dreambone-dreambone-dental-premio-para-perro-sin-carnaza-5-unidades;Grupo MOR;DreamBone;perro;adulto;DREAMBONE DENTAL PREMIO PARA PERRO SIN CARNAZA – 5 UNIDADES;5 un;• Ideal para perros de todos los tamaños • Fácil de digerir • Reduce la acumulación de sarro y refresa el aliento • La masticación ayuda a mantener dientes y encías saludables • Enriquecido con vitaminas y minerales • La alternativa saludable sin carnaza • Dosis: Ofrecer 1 por día;Almidones (almidón de maíz), carne de pollo (pechuga de pollo), grenetina de cerdo (gelatina de cerdo), humectantes (maltodextrina), azúcares (sorbitol, fructosa, jarabe de malta de cebada), vegetales deshidratados molidos (proteína de chícharo/guisantes, harina de camote, harina de zanahoria, harina de chícharo/ guisantes, aceite de semilla de perejil, alga seca), sal, dióxido de titanio, monoestearato de glicerol (glicerina), bicarbonato de sodio, gomas (goma de xantana), saborizantes artificiales y/o naturales de origen animal y/o vegetal (sabor artificial de pollo, sabor artificial a leche -aceite de soya, ácido dodecanoico), fosfatos (fosfato dicálcico, pirofosfato de sodio tripolifosfato de sodio), minerales (sulfato ferroso, sulfato de manganeso, sulfato de zinc), conservantes (sorbato de potasio, propionato de sodio), vitaminas (pantotenato de calcio, vitamina E, tiamina, piridoxina, niacinamida, vitamina B12, riboflavina) y colorantes artificiales y/o naturales de origen animal y/o vegetal (clorofila de cobre de sodio).;{};Imagenes_Alimentos/GrupoMOR/perros/DreamBone/dreambone-dreambone-dental-premio-para-perro-sin-carnaza-5-unidades.jpg;https://grupomor.cl/wp-content/uploads/2023/06/892383002630-1.jpg;https://grupomor.cl/producto/dreambone-dental-premio-para-perro-sin-carnaza-5-unidades/
dreambone-dreambone-dental-premio-para-perro-sin-carnaza-2-unidades;Grupo MOR;DreamBone;perro;adulto;DREAMBONE DENTAL PREMIO PARA PERRO SIN CARNAZA – 2 UNIDADES;2 un;• Ideal para perros de todos los tamaños • Fácil de digerir • Reduce la acumulación de sarro y refresa el aliento • La masticación ayuda a mantener dientes y encías saludables • Enriquecido con vitaminas y minerales • La alternativa saludable sin carnaza • Dosis: Ofrecer 1 por día;Almidones (almidón de maíz), carne de pollo (pechuga de pollo), grenetina de cerdo (gelatina de cerdo), humectantes (maltodextrina), azúcares (sorbitol, fructosa, jarabe de malta de cebada), vegetales deshidratados molidos (proteína de chícharo/guisantes, harina de camote, harina de zanahoria, harina de chícharo/ guisantes, aceite de semilla de perejil, alga seca), sal, dióxido de titanio, monoestearato de glicerol (glicerina), bicarbonato de sodio, gomas (goma de xantana), saborizantes artificiales y/o naturales de origen animal y/o vegetal (sabor artificial de pollo, sabor artificial a leche -aceite de soya, ácido dodecanoico), fosfatos (fosfato dicálcico, pirofosfato de sodio tripolifosfato de sodio), minerales (sulfato ferroso, sulfato de manganeso, sulfato de zinc), conservantes (sorbato de potasio, propionato de sodio), vitaminas (pantotenato de calcio, vitamina E, tiamina, piridoxina, niacinamida, vitamina B12, riboflavina) y colorantes artificiales y/o naturales de origen animal y/o vegetal (clorofila de cobre de sodio).;{};Imagenes_Alimentos/GrupoMOR/perros/DreamBone/dreambone-dreambone-dental-premio-para-perro-sin-carnaza-2-unidades.jpg;https://grupomor.cl/wp-content/uploads/2023/06/810833004904-1.jpg;https://grupomor.cl/producto/dreambone-dental-premio-para-perro-sin-carnaza-2-unidades/
dreambone-dreambone-premio-para-perro-sin-carnaza-sabor-a-pollo-2-unidades;Grupo MOR;DreamBone;perro;adulto;DREAMBONE PREMIO PARA PERRO SIN CARNAZA, SABOR A POLLO – 2 UNIDADES;2 un;• Ideal para perros de todos los tamaños • Fácil de digerir • Enriquecido con vitaminas y minerales • La masticación ayuda a mantener dientes y encías saludables • Dosis: Ofrecer 1 por día;Almidones (almidón de maíz), carne de pollo (pechuga de pollo), grenetina de cerdo (gelatina de cerdo), humectantes (maltodextrina), azúcares (sorbitol, fructosa, jarabe de malta de cebada), vegetales deshidratados molidos (proteína de chícharo/guisantes, harina de camote, harina de zanahoria, harina de chícharo/guisantes), sal, dióxido de titanio, monoestearato de glicerol (glicerina), gomas (goma de xantana), saborizantes artificiales y/o naturales de origen animal y/o vegetal (sabor artificial de pollo, sabor artificial a leche -aceite de soya, ácido dodecanoico-), fosfatos (fosfato dicálcico, pirofosfato de sodio tripolifosfato de sodio), minerales (sulfato ferroso, sulfato de manganeso, sulfato de zinc), conservadores/conservantes (sorbato de potasio, propionato de sodio), vitaminas (pantotenato de calcio, vitamina E, tiamina, piridoxina, niacinamida, vitamina B12, riboflavina) y colorantes artificiales y/o naturales de origen animal y/o vegetal (clorofila de cobre de sodio).;{};Imagenes_Alimentos/GrupoMOR/perros/DreamBone/dreambone-dreambone-premio-para-perro-sin-carnaza-sabor-a-pollo-2-unidades.jpg;https://grupomor.cl/wp-content/uploads/2023/06/810833004874-1.jpg;https://grupomor.cl/producto/dreambone-premio-para-perro-sin-carnaza-sabor-a-pollo-2-unidades/
dreambone-dreambone-premio-para-perro-sin-carnaza-tamano-grande-sabor-a-pollo-1-unidad;Grupo MOR;DreamBone;perro;adulto;DREAMBONE PREMIO PARA PERRO SIN CARNAZA, TAMAÑO GRANDE SABOR A POLLO – 1 UNIDAD;1 un;• Ideal para perros de raza grande (más de 22kg) • Fácil de digerir • Enriquecido con vitaminas y minerales • La masticación ayuda a mantener dientes y encías saludables • Selecciona una pieza que sea más grande que el hocico de tu mascota • Dosis: Ofrecer 1 por día;Almidones (almidón de maíz), carne de pollo (pechuga de pollo), grenetina de cerdo (gelatina de cerdo), humectantes (maltodextrina), azúcares (sorbitol, fructosa, jarabe de malta de cebada), vegetales deshidratados molidos (proteína de chícharo/guisantes, harina de camote, harina de zanahoria, harina de chícharo/guisantes), sal, dióxido de titanio, monoestearato de glicerol (glicerina), gomas (goma de xantana), saborizantes artificiales y/o naturales de origen animal y/o vegetal (sabor artificial de pollo, sabor artificial a leche -aceite de soya, ácido dodecanoico-), fosfatos (fosfato dicálcico, pirofosfato de sodio tripolifosfato de sodio), minerales (sulfato ferroso, sulfato de manganeso, sulfato de zinc), conservadores/conservantes (sorbato de potasio, propionato de sodio), vitaminas (pantotenato de calcio, vitamina E, tiamina, piridoxina, niacinamida, vitamina B12, riboflavina), colorantes artificiales y/o naturales de origen animal y/o vegetal (Rojo #40).;{};Imagenes_Alimentos/GrupoMOR/perros/DreamBone/dreambone-dreambone-premio-para-perro-sin-carnaza-tamano-grande-sabor-a-pollo-1-unidad.jpg;https://grupomor.cl/wp-content/uploads/2023/06/810833004843-1.jpg;https://grupomor.cl/producto/dreambone-premio-para-perro-sin-carnaza-tamano-grande-sabor-a-pollo-1-unidad/
dreambone-dreambone-premio-para-perro-sin-carnaza-tamano-mediano-sabor-a-pollo-1-unidad;Grupo MOR;DreamBone;perro;adulto;DREAMBONE PREMIO PARA PERRO SIN CARNAZA, TAMAÑO MEDIANO SABOR A POLLO – 1 UNIDAD;1 un;• Ideal para perros de raza mediana (entre 12kg y 22kg) • Fácil de digerir • Enriquecido con vitaminas y minerales • La masticación ayuda a mantener dientes y encías saludables • Selecciona una pieza que sea más grande que el hocico de tu mascota • Dosis: Ofrecer 1 por día;Almidones (almidón de maíz), carne de pollo (pechuga de pollo), grenetina de cerdo (gelatina de cerdo), humectantes (maltodextrina), azúcares (sorbitol, fructosa, jarabe de malta de cebada), vegetales deshidratados molidos (proteína de chícharo/guisantes, harina de camote, harina de zanahoria, harina de chícharo/guisantes), sal, dióxido de titanio, monoestearato de glicerol (glicerina), gomas (goma de xantana), saborizantes artificiales y/o naturales de origen animal y/o vegetal (sabor artificial de pollo, sabor artificial a leche -aceite de soya, ácido dodecanoico-), fosfatos (fosfato dicálcico, pirofosfato de sodio tripolifosfato de sodio), minerales (sulfato ferroso, sulfato de manganeso, sulfato de zinc), conservadores/conservantes (sorbato de potasio, propionato de sodio), vitaminas (pantotenato de calcio, vitamina E, tiamina, piridoxina, niacinamida, vitamina B12, riboflavina), colorantes artificiales y/o naturales de origen animal y/o vegetal (Rojo #40).;{};Imagenes_Alimentos/GrupoMOR/perros/DreamBone/dreambone-dreambone-premio-para-perro-sin-carnaza-tamano-mediano-sabor-a-pollo-1-unidad.jpg;https://grupomor.cl/wp-content/uploads/2023/06/810833004812-1.jpg;https://grupomor.cl/producto/dreambone-premio-para-perro-sin-carnaza-tamano-mediano-sabor-a-pollo-1-unidad/
dreambone-dreambone-premio-para-perro-sin-carnaza-tamano-pequeno-sabor-a-pollo-1-unidad;Grupo MOR;DreamBone;perro;adulto;DREAMBONE PREMIO PARA PERRO SIN CARNAZA, TAMAÑO PEQUEÑO SABOR A POLLO – 1 UNIDAD;1 un;• Ideal para perros de raza pequeña (entre 5kg y 11kg) • Fácil de digerir • Enriquecido con vitaminas y minerales • La masticación ayuda a mantener dientes y encías saludables • Supervisa siempre a tu mascota mientras mastica • Selecciona una pieza que sea más grande que el hocico de tu mascota • Dosis: Ofrecer 1 por día;Almidones (almidón de maíz), carne de pollo (pechuga de pollo), grenetina de cerdo (gelatina de cerdo), humectantes (maltodextrina), azúcares (sorbitol, fructosa, jarabe de malta de cebada), vegetales deshidratados molidos (proteína de chícharo/guisantes, harina de camote, harina de zanahoria, harina de chícharo/guisantes), sal, dióxido de titanio, monoestearato de glicerol (glicerina), gomas (goma de xantana), saborizantes artificiales y/o naturales de origen animal y/o vegetal (sabor artificial de pollo, sabor artificial a leche -aceite de soya, ácido dodecanoico-), fosfatos (fosfato dicálcico, pirofosfato de sodio tripolifosfato de sodio), minerales (sulfato ferroso, sulfato de manganeso, sulfato de zinc), conservadores/conservantes (sorbato de potasio, propionato de sodio), vitaminas (pantotenato de calcio, vitamina E, tiamina, piridoxina, niacinamida, vitamina B12, riboflavina), colorantes artificiales y/o naturales de origen animal y/o vegetal (Rojo #40).;{};Imagenes_Alimentos/GrupoMOR/perros/DreamBone/dreambone-dreambone-premio-para-perro-sin-carnaza-tamano-pequeno-sabor-a-pollo-1-unidad.jpg;https://grupomor.cl/wp-content/uploads/2023/06/810833004782-1.jpg;https://grupomor.cl/producto/dreambone-premio-para-perro-sin-carnaza-tamano-pequeno-sabor-a-pollo-1-unidad/
bravery-bravery-herring-adult-cat-sterilized-7-kg;Grupo MOR;Bravery;gato;adulto;BRAVERY HERRING ADULT CAT STERILIZED 7 KG;7.15 kg, 7 kg;• Elaborado con 100% carne de arenque deshidratado • Hipoalergénico y monoproteico • Libre de granos y gluten;• Sin colorantes, saborizantes ni conservantes artificiales añadidos • Ideal para gatos esterilizados de todos los tamaños a partir del año Arenque deshidratado, tapioca, guisantes, proteína de patata, grasa de ave, levadura y extracto de levadura – Saccharomyces cerevisiae, celulosa natural (fuente de fibra insoluble), boniato, pulpa de remolacha, vaina de algarroba, aceite de pescado, minerales, inulina, fibra dietética soluble extraída de Plantago ovata, aceites esenciales (orégano, canela, clavo, tomillo, romero, hierba buena, téverde), yucca, hidrolizado de crustaceos, hidrolizado de cartílago (fuente de Condroitina), concentrado de zumo de melón liofilizado.;"{""vitamina E"": ""600 mg/kg"", ""vitamina C"": ""300 mg/kg"", ""Carnitina"": ""280 mg/kg"", ""cloruro de colina"": ""3.220 mg/kg"", ""Fe (sulfato ferroso monohidratado)"": ""60 mg/kg"", ""Zn (sulfato de zinc monohidratado)"": ""50 mg/kg"", ""I (yoduro de potasio)"": ""3.8 mg/kg"", ""Se (selenito de sodio)"": ""0,05 mg/kg""}";Imagenes_Alimentos/GrupoMOR/gatos/Bravery/bravery-bravery-herring-adult-cat-sterilized-7-kg.jpg;https://grupomor.cl/wp-content/uploads/2023/02/4GA070007.jpg;https://grupomor.cl/producto/bravery-herring-adult-cat-sterilized-7-kg/
bravery-bravery-herring-adult-cat-sterilized-2-kg;Grupo MOR;Bravery;gato;adulto;BRAVERY HERRING ADULT CAT STERILIZED 2 KG;2.05 kg, 2 kg;• Elaborado con 100% carne de arenque deshidratado • Hipoalergénico y monoproteico • Libre de granos y gluten;• Sin colorantes, saborizantes ni conservantes artificiales añadidos • Ideal para gatos esterilizados de todos los tamaños a partir del año Arenque deshidratado, tapioca, guisantes, proteína de patata, grasa de ave, levadura y extracto de levadura – Saccharomyces cerevisiae, celulosa natural (fuente de fibra insoluble), boniato, pulpa de remolacha, vaina de algarroba, aceite de pescado, minerales, inulina, fibra dietética soluble extraída de Plantago ovata, aceites esenciales (orégano, canela, clavo, tomillo, romero, hierba buena, téverde), yucca, hidrolizado de crustaceos, hidrolizado de cartílago (fuente de Condroitina), concentrado de zumo de melón liofilizado.;"{""vitamina E"": ""600 mg/kg"", ""vitamina C"": ""300 mg/kg"", ""Carnitina"": ""280 mg/kg"", ""cloruro de colina"": ""3.220 mg/kg"", ""Fe (sulfato ferroso monohidratado)"": ""60 mg/kg"", ""Zn (sulfato de zinc monohidratado)"": ""50 mg/kg"", ""I (yoduro de potasio)"": ""3.8 mg/kg"", ""Se (selenito de sodio)"": ""0,05 mg/kg""}";Imagenes_Alimentos/GrupoMOR/gatos/Bravery/bravery-bravery-herring-adult-cat-sterilized-2-kg.jpg;https://grupomor.cl/wp-content/uploads/2023/02/4GA020035.jpg;https://grupomor.cl/producto/bravery-herring-adult-cat-sterilized-2-kg/
bravery-bravery-herring-adult-cat-7-kg;Grupo MOR;Bravery;gato;adulto;BRAVERY HERRING ADULT CAT 7 KG;7.15 kg, 7 kg;• Elaborado con 100% carne de arenque deshidratado • Hipoalergénico y monoproteico • Libre de granos y gluten;• Sin colorantes, saborizantes ni conservantes artificiales añadidos • Ideal para gatos adultos a partir del año con un peso como máximo de 10 kilos Arenque deshidratado, tapioca, grasa de ave, guisantes, levadura y extracto de levadura – Saccharomyces cerevisiae, boniato, vaina de algarroba, pulpa de remolacha, aceite de pescado, proteína de patata, Inulina, celulosa natural, minerales, fibra dietética soluble extraída de Plantago ovata, aceites esenciales, hidrolizado de crustáceos, hidrolizado de cartílago, yucca, concentrado de zumo de melón liofilizado.;"{""vitamina E"": ""460 mg/kg"", ""vitamina C"": ""200 mg/kg"", ""Carnitina"": ""60 mg/kg"", ""cloruro de colina"": ""1.800 mg/kg"", ""Fe (sulfato ferroso monohidratado)"": ""60 mg/kg"", ""Zn (sulfato de zinc monohidratado)"": ""76 mg/kg"", ""I (yoduro de potasio)"": ""2 mg/kg"", ""Se (selenito de sodio)"": ""0,11 mg/kg""}";Imagenes_Alimentos/GrupoMOR/gatos/Bravery/bravery-bravery-herring-adult-cat-7-kg.jpg;https://grupomor.cl/wp-content/uploads/2023/02/4GA070006.jpg;https://grupomor.cl/producto/bravery-herring-adult-cat-7-kg/
bravery-bravery-herring-adult-cat-2-kg;Grupo MOR;Bravery;gato;adulto;BRAVERY HERRING ADULT CAT 2 KG;2.05 kg, 2 kg;• Elaborado con 100% carne de arenque deshidratado • Hipoalergénico y monoproteico • Libre de granos y gluten;• Sin colorantes, saborizantes ni conservantes artificiales añadidos • Ideal para gatos adultos a partir del año con un peso como máximo de 10 kilos Arenque deshidratado, tapioca, grasa de ave, guisantes, levadura y extracto de levadura – Saccharomyces cerevisiae, boniato, vaina de algarroba, pulpa de remolacha, aceite de pescado, proteína de patata, Inulina, celulosa natural, minerales, fibra dietética soluble extraída de Plantago ovata, aceites esenciales, hidrolizado de crustáceos, hidrolizado de cartílago, yucca, concentrado de zumo de melón liofilizado.;"{""vitamina E"": ""460 mg/kg"", ""vitamina C"": ""200 mg/kg"", ""Carnitina"": ""60 mg/kg"", ""cloruro de colina"": ""1.800 mg/kg"", ""Fe (sulfato ferroso monohidratado)"": ""60 mg/kg"", ""Zn (sulfato de zinc monohidratado)"": ""76 mg/kg"", ""I (yoduro de potasio)"": ""2 mg/kg"", ""Se (selenito de sodio)"": ""0,11 mg/kg""}";Imagenes_Alimentos/GrupoMOR/gatos/Bravery/bravery-bravery-herring-adult-cat-2-kg.jpg;https://grupomor.cl/wp-content/uploads/2023/02/4GA020034.jpg;https://grupomor.cl/producto/bravery-herring-adult-cat-2-kg/
bravery-bravery-herring-mini-adult-small-breeds-7-kg;Grupo MOR;Bravery;perro;adulto;BRAVERY HERRING MINI ADULT SMALL BREEDS 7 KG;7.15 kg, 7 kg;• Elaborado con 100% carne de arenque deshidratado • Hipoalergénico y monoproteico • Libre de granos y gluten;• Sin colorantes, saborizantes ni conservantes artificiales añadidos • Ideal para perros adultos de tamaño pequeño a partir del año con un peso como máximo de 10 kilos Arenque deshidratado, tapioca, grasa de ave, guisantes, levadura y extracto de levadura – Saccharomyces cerevisiae, boniato, vaina de algarroba, pulpa de remolacha, aceite de pescado, proteína de patata, Inulina, celulosa natural, minerales, fibra dietética soluble extraída de Plantago ovata, aceites esenciales, hidrolizado de crustáceos, hidrolizado de cartílago, yucca, concentrado de zumo de melón liofilizado.;"{""vitamina E"": ""460 mg/kg"", ""vitamina C"": ""200 mg/kg"", ""Carnitina"": ""60 mg/kg"", ""cloruro de colina"": ""1.800 mg/kg"", ""Fe (sulfato ferroso monohidratado)"": ""60 mg/kg"", ""Zn (sulfato de zinc monohidratado)"": ""76 mg/kg"", ""I (yoduro de potasio)"": ""2 mg/kg"", ""Se (selenito de sodio)"": ""0,11 mg/kg""}";Imagenes_Alimentos/GrupoMOR/perros/Bravery/bravery-bravery-herring-mini-adult-small-breeds-7-kg.jpg;https://grupomor.cl/wp-content/uploads/2023/02/4PE070008.jpg;https://grupomor.cl/producto/bravery-herring-mini-adult-small-breeds-7-kg/
bravery-bravery-herring-mini-adult-small-breeds-2-kg;Grupo MOR;Bravery;perro;adulto;BRAVERY HERRING MINI ADULT SMALL BREEDS 2 KG;2.05 kg, 2 kg;• Elaborado con 100% carne de arenque deshidratado • Hipoalergénico y monoproteico • Libre de granos y gluten;• Sin colorantes, saborizantes ni conservantes artificiales añadidos • Ideal para perros adultos de tamaño pequeño a partir del año con un peso como máximo de 10 kilos Arenque deshidratado, tapioca, grasa de ave, guisantes, levadura y extracto de levadura – Saccharomyces cerevisiae, boniato, vaina de algarroba, pulpa de remolacha, aceite de pescado, proteína de patata, Inulina, celulosa natural, minerales, fibra dietética soluble extraída de Plantago ovata, aceites esenciales, hidrolizado de crustáceos, hidrolizado de cartílago, yucca, concentrado de zumo de melón liofilizado.;"{""vitamina E"": ""460 mg/kg"", ""vitamina C"": ""200 mg/kg"", ""Carnitina"": ""60 mg/kg"", ""cloruro de colina"": ""1.800 mg/kg"", ""Fe (sulfato ferroso monohidratado)"": ""60 mg/kg"", ""Zn (sulfato de zinc monohidratado)"": ""76 mg/kg"", ""I (yoduro de potasio)"": ""2 mg/kg"", ""Se (selenito de sodio)"": ""0,11 mg/kg""}";Imagenes_Alimentos/GrupoMOR/perros/Bravery/bravery-bravery-herring-mini-adult-small-breeds-2-kg.jpg;https://grupomor.cl/wp-content/uploads/2023/02/4PE020013.jpg;https://grupomor.cl/producto/bravery-herring-mini-adult-small-breeds-2-kg/
bravery-bravery-herring-adult-large-medium-breeds-4-kg;Grupo MOR;Bravery;perro;adulto;BRAVERY HERRING ADULT LARGE/MEDIUM BREEDS 4 KG;4.1 kg, 4 kg;• Elaborado con 100% carne de arenque deshidratado • Hipoalergénico y monoproteico • Libre de granos y gluten;• Sin colorantes, saborizantes ni conservantes artificiales añadidos • Ideal para perros adultos de tamaño pequeño a partir del año con un peso como máximo de 10 kilos Arenque deshidratado, tapioca, grasa de ave, guisantes, levadura y extracto de levadura – Saccharomyces cerevisiae, boniato, vaina de algarroba, pulpa de remolacha, aceite de pescado, proteína de patata, Inulina, celulosa natural, minerales, fibra dietética soluble extraída de Plantago ovata, aceites esenciales, hidrolizado de crustáceos, hidrolizado de cartílago, yucca, concentrado de zumo de melón liofilizado.;"{""vitamina E"": ""460 mg/kg"", ""vitamina C"": ""200 mg/kg"", ""Carnitina"": ""60 mg/kg"", ""cloruro de colina"": ""1.800 mg/kg"", ""Fe (sulfato ferroso monohidratado)"": ""60 mg/kg"", ""Zn (sulfato de zinc monohidratado)"": ""76 mg/kg"", ""I (yoduro de potasio)"": ""2 mg/kg"", ""Se (selenito de sodio)"": ""0,11 mg/kg""}";Imagenes_Alimentos/GrupoMOR/perros/Bravery/bravery-bravery-herring-adult-large-medium-breeds-4-kg.jpg;https://grupomor.cl/wp-content/uploads/2023/02/4PE040071.jpg;https://grupomor.cl/producto/bravery-herring-adult-large-medium-breeds-4-kg/
bravery-bravery-herring-adult-large-medium-breeds-12-kg;Grupo MOR;Bravery;perro;adulto;BRAVERY HERRING ADULT LARGE/MEDIUM BREEDS 12 KG;12.3 kg, 12 kg;• Elaborado con 100% carne de arenque deshidratado • Hipoalergénico y monoproteico • Libre de granos y gluten;• Sin colorantes, saborizantes ni conservantes artificiales añadidos • Ideal para perros adultos de tamaño pequeño a partir del año con un peso como máximo de 10 kilos Arenque deshidratado, tapioca, grasa de ave, guisantes, levadura y extracto de levadura – Saccharomyces cerevisiae, boniato, vaina de algarroba, pulpa de remolacha, aceite de pescado, proteína de patata, Inulina, celulosa natural, minerales, fibra dietética soluble extraída de Plantago ovata, aceites esenciales, hidrolizado de crustáceos, hidrolizado de cartílago, yucca, concentrado de zumo de melón liofilizado.;"{""vitamina E"": ""460 mg/kg"", ""vitamina C"": ""200 mg/kg"", ""Carnitina"": ""60 mg/kg"", ""cloruro de colina"": ""1.800 mg/kg"", ""Fe (sulfato ferroso monohidratado)"": ""60 mg/kg"", ""Zn (sulfato de zinc monohidratado)"": ""76 mg/kg"", ""I (yoduro de potasio)"": ""2 mg/kg"", ""Se (selenito de sodio)"": ""0,11 mg/kg""}";Imagenes_Alimentos/GrupoMOR/perros/Bravery/bravery-bravery-herring-adult-large-medium-breeds-12-kg.jpg;https://grupomor.cl/wp-content/uploads/2023/02/4PE120017.jpg;https://grupomor.cl/producto/bravery-herring-adult-large-medium-breeds-12-kg/
naturalistic-salmon-chips-for-cats-50-grs;Grupo MOR;Naturalistic;gato;adulto;SALMON CHIPS FOR CATS, 50 GRS;50 g, 50 gr;• Snack hecho a base de proteína de salmón • Alimento hipoalergénico clínicamente probado, que reduce las reacciones alérgicas y mantiene la piel sana. • Sin granos, sin azúcar, sin ningún otro aditivo químico.;Salmón, proteína de soya, glicerina vegetal. ANÁLSIS GARANTIZADO Proteína Cruda mín. 25% Grasa (EE) mín. 1% Fibra Cruda máx. 4% Humedad máx. 23% RECOMENDACIONES Mantener el envase en un lugar fresco y seco protegido de la luz a temperratura ambiente.;{};Imagenes_Alimentos/GrupoMOR/gatos/Naturalistic/naturalistic-salmon-chips-for-cats-50-grs.jpg;https://grupomor.cl/wp-content/uploads/2022/07/C2067.jpg;https://grupomor.cl/producto/salmon-chips-for-cats-50-grs/
naturalistic-meat-duck-drumstick-6-un-90-gr;Grupo MOR;Naturalistic;perro;adulto;MEAT DUCK DRUMSTICK, 6 UN, 90 GR;95 g, 6 un, 90 gr;• Snack de tutos de Pato • Con alto contenido de VitaminaB5-B12, zinc y selenio • Sin aditivos y libres de grano.;Pato 52%, Hueso de Calcio 38%, Almidón de Papa 2%, Glicerina Vegetal 2%, Sorbitol 2%. RECOMENDACIONES Mantener el envase en un lugar fresco y seco protegido de la luz a temperratura ambiente.;{};Imagenes_Alimentos/GrupoMOR/perros/Naturalistic/naturalistic-meat-duck-drumstick-6-un-90-gr.jpg;https://grupomor.cl/wp-content/uploads/2022/07/C2272-1.jpg;https://grupomor.cl/producto/meat-duck-drumstick-6-un-90-gr/
naturalistic-meatmix-lamb-w-spinach-beef-w-apple-100-gr;Grupo MOR;Naturalistic;perro;adulto;MEATMIX LAMB W/ SPINACH & BEEF W/ APPLE 100 GR;100 g, 100 gr;• Snack de cubitos de cordero con espinaca y carne de res con manzana • Con una alta fuente de hierro y vitamina C-K-B6 • Sin aditivos y libres de grano.;Cordero 87%, Espinaca 3%, Almidón de Papa 6%, Glicerina Vegetal 2%, Sorbitol 2%. Carne 87%, Manzana 3%, Almidón de Papa 6%, Glicerina Vegetal 2%, Sorbitol 2%. RECOMENDACIONES Mantener el envase en un lugar fresco y seco protegido de la luz a temperratura ambiente.;{};Imagenes_Alimentos/GrupoMOR/perros/Naturalistic/naturalistic-meatmix-lamb-w-spinach-beef-w-apple-100-gr.jpg;https://grupomor.cl/wp-content/uploads/2022/07/C2265-1.jpg;https://grupomor.cl/producto/meatmix-lamb-w-spinach-beef-w-apple-100-gr/
naturalistic-meatmix-chicken-w-goji-berry-duck-w-cranberry-100-gr;Grupo MOR;Naturalistic;perro;adulto;MEATMIX CHICKEN W/ GOJI BERRY & DUCK W/ CRANBERRY 100 GR;100 g, 100 gr;• Snack de cubitos de pollo con bayas de goji y pato con arándanos • Con una alta fuente de antioxidantes • Sin aditivos y libres de grano.;Pollo 87%, Bayas de Goji 3%, Almidón de Papa 6%, Glicerina Vegetal 2%, Sorbitol 2%. Pato87%, Arándano 3%, Almidón de Papa 6%, Glicerina Vegetal 2%, Sorbitol 2%. RECOMENDACIONES Mantener el envase en un lugar fresco y seco protegido de la luz a temperratura ambiente.;{};Imagenes_Alimentos/GrupoMOR/perros/Naturalistic/naturalistic-meatmix-chicken-w-goji-berry-duck-w-cranberry-100-gr.jpg;https://grupomor.cl/wp-content/uploads/2022/07/C2258-1.jpg;https://grupomor.cl/producto/meatmix-chicken-w-goji-berry-duck-w-cranberry-100-gr/
naturalistic-meatballs-salmon-and-sweet-potato-100-gr;Grupo MOR;Naturalistic;perro;adulto;MEATBALLS SALMON AND SWEET POTATO, 100 GR;100 g, 100 gr;• Snack de albóndigas de salmón con camote • Contiene vitamina B12-B6, ácidos grasos esenciales y con una fuente de carbohidratos de bajo índice glicémico • Sin aditivos y libre de grano;Salmón 77%, papa dulce 15%, almidón de papa 4%, glicerina vegetal 2%, sorbitol 2%. RECOMENDACIONES Mantener el envase en un lugar fresco y seco protegido de la luz a temperratura ambiente.;{};Imagenes_Alimentos/GrupoMOR/perros/Naturalistic/naturalistic-meatballs-salmon-and-sweet-potato-100-gr.jpg;https://grupomor.cl/wp-content/uploads/2022/07/C2241-1.jpg;https://grupomor.cl/producto/meatballs-salmon-and-sweet-potato-100-gr/
naturalistic-meatballs-duck-and-apple-100-gr;Grupo MOR;Naturalistic;perro;adulto;MEATBALLS DUCK AND APPLE, 100 GR;100 g, 100 gr;• Contiene vitamina B5-B12, zinc y seleno, con alta fuente de hierro y vitamina C-K-B6 • Sin aditivos y libre de grano.;Pato 77%, manzana 15%, almidón de papa 4%, glicerina vegetal 2%, sorbitol 2% RECEOMENDACIONES Mantener el envase en un lugar fresco y seco protegido de la luz a temperratura ambiente.;{};Imagenes_Alimentos/GrupoMOR/perros/Naturalistic/naturalistic-meatballs-duck-and-apple-100-gr.jpg;https://grupomor.cl/wp-content/uploads/2022/07/C2234-1.jpg;https://grupomor.cl/producto/meatballs-duck-and-apple-100-gr/
naturalistic-tasty-beef-burger-with-bbq-220-gr-5-un;Grupo MOR;Naturalistic;perro;adulto;TASTY BEEF BURGER WITH BBQ, 120 GR, 3 UN;240 g, 120 gr, 3 un;• La preparación grillada a la parrilla y su sabor natural a barbacoa la hacen irresitible. • Sin aditivos y libre de grano;Carne 88%, almidón de papa 8%, glicerina vegetal 8%, sorbitol 8% RECOMENDACIÓN Mantener el envase en un lugar fresco y seco protegido de la luz a temperratura ambiente.;{};Imagenes_Alimentos/GrupoMOR/perros/Naturalistic/naturalistic-tasty-beef-burger-with-bbq-220-gr-5-un.jpg;https://grupomor.cl/wp-content/uploads/2022/07/Frontal-naturalistic-beef-burger-Grill.jpg;https://grupomor.cl/producto/tasty-beef-burger-with-bbq-220-gr-5-un/
naturalistic-salmon-nuggets-100-grs;Grupo MOR;Naturalistic;perro;adulto;NT CLASSIC SALMON NUGGETS, 100 GRS;100 g, 100 gr;• El proceso de elaboración de estos snacks permite asegurar una altísima palatabilidad, • Hecho sin harinas cárnicas, sin materiales deshidratados, sin gluten, sin cereales. • Ricos en Omega 3 y 6, que estimula el sistema inmunológico, refuerza las defensas y mantiene la piel sana de nuestras mascotas. RECOMENDACIONES Conservar en un lugar fresco. Luego abrir, selle el producto y guarde en el refrigerador. No sirva el desecante a su mascota. No apto para consumo humano.;;{};Imagenes_Alimentos/GrupoMOR/perros/Naturalistic/naturalistic-salmon-nuggets-100-grs.jpg;https://grupomor.cl/wp-content/uploads/2024/01/naturalistic-nuevo-empaque_Mesa-de-trabajo-1-copia-1.jpg;https://grupomor.cl/producto/salmon-nuggets-100-grs/
naturalistic-lamb-strips-100-grs;Grupo MOR;Naturalistic;perro;adulto;NT CLASSIC LAMB STRIPS, 100 GRS;100 g, 100 gr;• Alimento hipoalergénico, con alto nivel de Se, Fe y fuente natural de vitamina B12 y B3, que promueve la salud del sistema nervioso. • El proceso de elaboración de estos snacks permite asegurar una altísima palatabilidad, • Hecho sin harinas cárnicas, sin materiales deshidratados, sin gluten, sin cereales. RECOMENDACIONES Conservar en un lugar fresco. Luego abrir, selle el producto y guarde en el refrigerador. No sirva el desecante a su mascota. No apto para consumo humano.;;{};Imagenes_Alimentos/GrupoMOR/perros/Naturalistic/naturalistic-lamb-strips-100-grs.jpg;https://grupomor.cl/wp-content/uploads/2024/01/naturalistic-nuevo-empaque-03.jpg;https://grupomor.cl/producto/lamb-strips-100-grs/
naturalistic-duck-strip-100-grs;Grupo MOR;Naturalistic;perro;adulto;NT CLASSIC DUCK STRIPS, 100 GRS;100 g, 100 gr;• Alimento hipoalergénico clínicamente probado, que reduce las reacciones alérgicas y mantiene la piel sana. • El proceso de elaboración de estos snacks permite asegurar una altísima palatabilidad. • Hecho sin harinas cárnicas, sin materiales deshidratados, sin gluten, sin cereales. • Ricos en Omega 3 y 6, que estimula el sistema inmunológico, refuerza las defensas y mantiene la piel sana de nuestras mascotas. RECOMENDACIONES Conservar en un lugar fresco. Luego abrir, selle el producto y guarde en el refrigerador. No sirva el desecante a su mascota. No apto para consumo humano.;;{};Imagenes_Alimentos/GrupoMOR/perros/Naturalistic/naturalistic-duck-strip-100-grs.jpg;https://grupomor.cl/wp-content/uploads/2024/01/naturalistic-nuevo-empaque-02.jpg;https://grupomor.cl/producto/duck-strip-100-grs/
naturalistic-chicken-sushi-100-grs;Grupo MOR;Naturalistic;perro;adulto;NT CLASSIC CHICKEN SUSHI, 100 GRS;100 g, 100 gr;• El proceso de elaboración de estos snacks permite asegurar una altísima palatabilidad, • Hecho sin harinas cárnicas, sin materiales deshidratados, sin gluten, sin cereales. • Ricos en Omega 3 y 6, que estimula el sistema inmunológico, refuerza las defensas y mantiene la piel sana de nuestras mascotas. RECOMENDACIONES Conservar en un lugar fresco. Luego abrir, selle el producto y guarde en el refrigerador. No sirva el desecante a su mascota. No apto para consumo humano.;;{};Imagenes_Alimentos/GrupoMOR/perros/Naturalistic/naturalistic-chicken-sushi-100-grs.jpg;https://grupomor.cl/wp-content/uploads/2024/01/naturalistic-nuevo-empaque_Mesa-de-trabajo-1.jpg;https://grupomor.cl/producto/chicken-sushi-100-grs/
amity-amity-mackerel-sardine-and-salmon-adult-cat-wet-food-80-gr;Grupo MOR;Amity;gato;adulto;AMITY MACKEREL, SARDINE AND SALMON ADULT CAT WET FOOD 80 GR;80 gr;• Es un alimento hipoalergénico • La caballa, la sardina y el salmón son pescados azules que aportan una excelente fuente de proteínas, aminoácidos y ácidos grasos esenciales • Tiene vitaminas A y D, y minerales, como el fósforo, el magnesio y el yodo. • Contiene gran cantidad de omega 3 y 6, beneficiosos para mejorar el cuidado del pelaje y la piel. • Ayuda al funcionamiento cerebral en gatos de edad más avanzada Modo de uso Se recomienda dar una lata a un gato de hasta 1kg y tres latas para un gato de hasta 2kg;Caballa 13 %, sardina 13 %, salmón 4 %, aceite de linaza 0,1 %, arroz y minerales Consituyentes analíticos Proteína cruda……………. 6 % Grasa bruta………………… 4 % Fibra bruta…………………. 1 % Ceniza bruta……………….. 1 % Humedad…………………… 87 % Taurina………………………. 2056 mg/kg (MS);{};Imagenes_Alimentos/GrupoMOR/gatos/Amity/amity-amity-mackerel-sardine-and-salmon-adult-cat-wet-food-80-gr.jpg;https://grupomor.cl/wp-content/uploads/2022/06/5GA80007-1.jpg;https://grupomor.cl/producto/amity-mackerel-sardine-and-salmon-adult-cat-wet-food-80-gr/
amity-amity-chicken-and-duck-adult-cat-wet-food-80-gr;Grupo MOR;Amity;gato;adulto;AMITY CHICKEN AND DUCK ADULT CAT WET FOOD 80 GR;80 gr;• Es un alimento hipoalergénico • La carne del pollo y pato son una gran fuente de proteínas • Gran aporte de minerales esenciales como zinc, fósforo, hierro y vitaminas B (riboflavina, tiamina, niacina y vitamina B12 y B5). • Ayuda en la reducción del colesterol Modo de uso Se recomienda dar una lata a un gato de hasta 1kg y tres latas para un gato de hasta 2kg;Pollo 15 %, hígado de pollo 10 %, pato 5 %, guisantes 4 %, aceite de linaza 0,2%, arroz y minerales Consituyentes analíticos Proteína cruda……………. 6 % Grasa bruta………………… 4 % Fibra bruta…………………. 1 % Ceniza bruta……………….. 1 % Humedad…………………… 85 % Taurina………………………. 2037 mg/kg (MS);{};Imagenes_Alimentos/GrupoMOR/gatos/Amity/amity-amity-chicken-and-duck-adult-cat-wet-food-80-gr.jpg;https://grupomor.cl/wp-content/uploads/2022/06/5GA80006-1.jpg;https://grupomor.cl/producto/amity-chicken-and-duck-adult-cat-wet-food-80-gr/
amity-amity-chicken-and-rabbit-adult-cat-wet-food-80-gr;Grupo MOR;Amity;gato;adulto;AMITY CHICKEN AND RABBIT ADULT CAT WET FOOD 80 GR;80 gr;• Es un alimento hipoalergénico • El pollo contiene proteínas de fácil digestión y bajo en grasas • El conejo contiene fuente natural de taurina, calcio y fósforo que ayudan a mantener unos dientes y huesos sanos. • Ideal para gatos adultos y senior. Modo de uso Se recomienda dar una lata a un gato de hasta 1kg y tres latas para un gato de hasta 2kg;Pollo 20 %, hígado de pollo 10 %, guisantes 4 %, aceite de linaza 0,5 %, arroz y minerales Consituyentes analíticos Proteína cruda……………. 6 % Grasa bruta………………… 3 % Fibra bruta…………………. 1 % Ceniza bruta……………….. 2 % Humedad…………………… 85 % Taurina………………………. 2759 mg/kg (MS);{};Imagenes_Alimentos/GrupoMOR/gatos/Amity/amity-amity-chicken-and-rabbit-adult-cat-wet-food-80-gr.jpg;https://grupomor.cl/wp-content/uploads/2022/06/5GA80005-1.jpg;https://grupomor.cl/producto/amity-chicken-and-rabbit-adult-cat-wet-food-80-gr/
amity-amity-chicken-and-salmon-adult-cat-wet-food-80-gr;Grupo MOR;Amity;gato;adulto;AMITY CHICKEN AND SALMON ADULT CAT WET FOOD 80 GR;80 gr;• Es un alimento hipoalergénico • El pollo contiene proteínas de fácil digestión y bajo en grasas. • El salmón contiene una importante cantidad de aminoácidos esenciales como el magnesio, potasio, zinc y vitaminas A, B y D. • Tiene ácidos grasos omega 3 y 6, beneficiosos para el cuidado del pelo y la piel. Modo de uso Se recomienda dar una lata a un gato de hasta 1kg y tres latas para un gato de hasta 2kg;Pollo 15 %, hígado de pollo 10 %, salmón 5 %, zanahorias 4 %, aceite de linaza 0,5 %, arroz y minerales Consituyentes analíticos Proteína cruda……………. 6 % Grasa bruta………………… 4 % Fibra bruta…………………. 1 % Ceniza bruta……………….. 1 % Humedad…………………… 86 % Taurina………………………. 2005 mg/kg (MS);{};Imagenes_Alimentos/GrupoMOR/gatos/Amity/amity-amity-chicken-and-salmon-adult-cat-wet-food-80-gr.jpg;https://grupomor.cl/wp-content/uploads/2022/06/5GA80004-1.jpg;https://grupomor.cl/producto/amity-chicken-and-salmon-adult-cat-wet-food-80-gr/
amity-amity-chicken-and-peas-adult-cat-wet-food-80-gr;Grupo MOR;Amity;gato;adulto;AMITY CHICKEN AND PEAS ADULT CAT WET FOOD 80 GR;80 gr;• Es un alimento hipoalergénico • El pollo contiene proteínas de fácil digestión y bajo en grasas. • El guisante consigue una sensación de saciedad durante más tiempo, gracias a su bajo índice glucémico. • Hipoalergénico • Ideal para controlar el peso de los gatos Modo de uso Se recomienda dar una lata a un gato de hasta 1kg y tres latas para un gato de hasta 2kg;Pollo 20 %, hígado de pollo 10 %, guisantes 4 %, aceite de linaza 0,5 %, arroz y minerales Consituyentes analíticos Proteína cruda……………. 6 % Grasa bruta………………… 3 % Fibra bruta…………………. 1 % Ceniza bruta……………….. 2 % Humedad…………………… 85 % Taurina………………………. 2759 mg/kg (MS);{};Imagenes_Alimentos/GrupoMOR/gatos/Amity/amity-amity-chicken-and-peas-adult-cat-wet-food-80-gr.jpg;https://grupomor.cl/wp-content/uploads/2022/06/5GA80003-1.jpg;https://grupomor.cl/producto/amity-chicken-and-peas-adult-cat-wet-food-80-gr/
amity-amity-hake-with-cod-and-tuna-sterilized-cat-wet-food-80-gr;Grupo MOR;Amity;gato;adulto;AMITY HAKE WITH COD AND TUNA STERILIZED CAT WET FOOD 80 GR;80 gr;• Es un alimento hipoalergénico • La merluza y el atún son fundamentales para una dieta equilibrada. • Presentan ácidos grasos esenciales que ayudan a la salud cardiovascular y al buen funcionamiento del cerebro. • Ayuda a reducir el colesterol y cuidar la salud del pelo y la piel. Modo de uso Se recomienda dar una lata a un gato de hasta 1kg y tres latas para un gato de hasta 2kg;Merluza 22%, bacalo 4%, atún 4%, aceite de linaza 1%, arroz y minerales Consituyentes analíticos Proteína cruda……………. 6 % Grasa bruta………………… 1,5 % Fibra bruta…………………. 1 % Ceniza bruta……………….. 2 % Humedad…………………… 88 % Taurina………………………. 4626 mg/kg (MS);{};Imagenes_Alimentos/GrupoMOR/gatos/Amity/amity-amity-hake-with-cod-and-tuna-sterilized-cat-wet-food-80-gr.jpg;https://grupomor.cl/wp-content/uploads/2022/06/5GA80002-1.jpg;https://grupomor.cl/producto/amity-hake-with-cod-and-tuna-sterilized-cat-wet-food-80-gr/
amity-amity-tuna-and-salmon-kitten-wet-food-80-gr;Grupo MOR;Amity;gato;cachorro;AMITY TUNA AND SALMON KITTEN WET FOOD 80 GR;80 gr;• Es un alimento hipoalergénico • Tanto el atún como el salmón son una magnífica fuente de proteínas. • Alto contenido en ácidos grasos Omega 3 • Mejora del sistema inmunológico, nervioso y cardiovascular • Ayuda en el cuidado de la salud del pelo y la piel. Modo de uso Se recomienda dar una lata a un gato de hasta 1kg y tres latas para un gato de hasta 2kg;Atún 26 %, salmón 4 %, aceite de linaza 2,2 %, arroz y minerales. Consituyentes analíticos Proteína cruda……………. 8 % Grasa bruta………………… 4 % Fibra bruta…………………. 1 % Ceniza bruta……………….. 3 % Humedad…………………… 82 % Taurina………………………. 4467 mg/kg (MS);{};Imagenes_Alimentos/GrupoMOR/gatos/Amity/amity-amity-tuna-and-salmon-kitten-wet-food-80-gr.jpg;https://grupomor.cl/wp-content/uploads/2022/06/5GA80001-1.jpg;https://grupomor.cl/producto/amity-tuna-and-salmon-kitten-wet-food-80-gr/
amity-amity-sp-low-grain-salmon-adult-4-kg;Grupo MOR;Amity;perro;adulto;AMITY SP LOW GRAIN SALMON ADULT 4 KG;4 kg;Alimento SUPER PREMIUM de salmón para perro adulto de todas las razas;Carne y pescado deshidratados 38% (salmón 14 %), arroz 27 % (arroz integral 15 %), guisantes 12 %, grasa de ave 12 %, harina de algarroba 2 %, pulpa de remolacha 2 %, proteína animal hidrolizada, vitaminas y minerales, levadura y extracto de levadura – Saccharomyces cerevisiae (fuente de mananooligosacáridos – MOS y β – glucanos), aceite de salmón (fuente de ácidos grasos Omega-3), fibra dietética insoluble de guisante, inulina (fibra soluble de achicoria, fuente fosfooligosacáridos – FOS), salvia hispánica (fuente de ácidos grasos omega-3 y fibra dietética), algas (Ascophyllum nodosum), hidrolizado de crustáceos (fuente de glucosamina), hidrolizado de cartílago (fuente de condroitina), aceites esenciales (orégano, canela, clavo, tomillo, romero, hierbabuena, té verde), yucca. Componentes Proteína bruta……………….. 26 % Grasa bruta……………………. 16% Fibra bruta…………………….. 2,5 % Ceniza bruta…………………… 7,9 % Calcio……………………………. 1,8 % Fósforo………………………….. 1 % Humedad………………………. 9 % Glucosamina clorhidrato….. 320 mg/kg Condroitín sulfato……………. 200 mg/kg Aditivos nutricionales Vitamina A 20.000 U.I/Kg, vitamina D-31.800 U.I/ Kg, vitamina E (acetato de α-tocoferol) 200 mg/ Kg, vitamina C 100 mg/ Kg, L – Carnitina 40 mg/ Kg, taurina 500 mg/Kg, hierro (sulfato de hierro II monohidratado) 75 mg/Kg, cobre (sulfato de cobre II pentahidratado) 10 mg/Kg, manganeso (sulfato manganoso monohidratado) 25 mg/Kg, zinc (sulfato de zinc monohidratado)110 mg/Kg, yodo (yoduro de potasio) 2 mg/Kg, selenio (selenito de sodio) 0,1 mg/Kg. Aditivos tecnológicos Antioxidantes (aceites naturales ricos en tocoferoles). Modo de empleo El producto debe ser administrado en forma seca. Deje siempre agua fresca y limpia a disposición de su perro. La cantidad diaria de este alimento que necesita su perro depende de diversos factores como el peso, la actividad diaria, edad, ambiente natural.;{};Imagenes_Alimentos/GrupoMOR/perros/Amity/amity-amity-sp-low-grain-salmon-adult-4-kg.jpg;https://grupomor.cl/wp-content/uploads/2022/06/4PE040078.jpg;https://grupomor.cl/producto/amity-sp-low-grain-salmon-adult-4-kg/
amity-amity-sp-low-grain-salmon-adult-14-kg;Grupo MOR;Amity;perro;adulto;AMITY SP LOW GRAIN SALMON ADULT 14 KG;14 kg;Alimento SUPER PREMIUM de salmón para perro adulto de todas las razas;Carne y pescado deshidratados 38% (salmón 14 %), arroz 27 % (arroz integral 15 %), guisantes 12 %, grasa de ave 12 %, harina de algarroba 2 %, pulpa de remolacha 2 %, proteína animal hidrolizada, vitaminas y minerales, levadura y extracto de levadura – Saccharomyces cerevisiae (fuente de mananooligosacáridos – MOS y β – glucanos), aceite de salmón (fuente de ácidos grasos Omega-3), fibra dietética insoluble de guisante, inulina (fibra soluble de achicoria, fuente fosfooligosacáridos – FOS), salvia hispánica (fuente de ácidos grasos omega-3 y fibra dietética), algas (Ascophyllum nodosum), hidrolizado de crustáceos (fuente de glucosamina), hidrolizado de cartílago (fuente de condroitina), aceites esenciales (orégano, canela, clavo, tomillo, romero, hierbabuena, té verde), yucca. Componentes Proteína bruta……………….. 26 % Grasa bruta……………………. 16% Fibra bruta…………………….. 2,5 % Ceniza bruta…………………… 7,9 % Calcio……………………………. 1,8 % Fósforo………………………….. 1 % Humedad………………………. 9 % Glucosamina clorhidrato….. 320 mg/kg Condroitín sulfato……………. 200 mg/kg Aditivos nutricionales Vitamina A 20.000 U.I/Kg, vitamina D-31.800 U.I/ Kg, vitamina E (acetato de α-tocoferol) 200 mg/ Kg, vitamina C 100 mg/ Kg, L-Carnitina 40 mg/ Kg, taurina 500 mg/Kg, hierro (sulfato de hierro II monohidratado) 75 mg/Kg, cobre (sulfato de cobre II pentahidratado) 10 mg/Kg, manganeso (sulfato manganoso monohidratado) 25 mg/Kg, Zinc (sulfato de zinc monohidratado)110 mg/Kg, yodo (yoduro de potasio) 2 mg/Kg, selenio (selenito de sodio) 0,1 mg/Kg. Aditivos tecnológicos Antioxidantes (aceites naturales ricos en tocoferoles). Modo de empleo El producto debe ser administrado en forma seca. Deje siempre agua fresca y limpia a disposición de su perro. La cantidad diaria de este alimento que necesita su perro depende de diversos factores como el peso, la actividad diaria, edad, ambiente natural.;{};Imagenes_Alimentos/GrupoMOR/perros/Amity/amity-amity-sp-low-grain-salmon-adult-14-kg.jpg;https://grupomor.cl/wp-content/uploads/2022/06/4PE140004.jpg;https://grupomor.cl/producto/amity-sp-low-grain-salmon-adult-14-kg/
amity-amity-sp-low-grain-iberian-pork-adult-4-kg;Grupo MOR;Amity;perro;adulto;AMITY SP LOW GRAIN IBERIAN PORK ADULT 4 KG;4 kg;Alimento SUPER PREMIUM de cerdo ibérico para perro adulto de todas las razas;Carne deshidratada 38 % (cerdo ibérico 14 %), arroz 27 % (arroz integral 15 %), guisantes 12 %, grasa de ave 12 %, harina de algarroba 2 %, pulpa de remolacha 2 %, proteína animal hidrolizada, vitaminas y minerales, levadura y extracto de levadura – Saccharomyces cerevisiae (fuente de mananooligosacáridos – MOS y β – glucanos), aceite de salmón (fuente de ácidos grasos omega – 3), fibra dietética insoluble de guisante, Inulina (fibra soluble de achicoria, fuente fosfooligosacáridos – FOS), salvia hispánica (fuente de ácidos grasos omega-3 y fibra dietética), algas (Ascophyllum nodosum), hidrolizado de crustáceos (fuente de glucosamina), hidrolizado de cartílago (fuente de condroitina), aceites esenciales (orégano, canela, clavo, tomillo, romero, hierbabuena, té verde) y yucca. Componentes Proteína bruta……………….. 26 % Grasa bruta……………………. 16% Fibra bruta…………………….. 2,5 % Ceniza bruta…………………… 7,9 % Calcio……………………………. 1,8 % Fósforo………………………….. 1 % Humedad………………………. 9 % Glucosamina clorhidrato….. 320 mg/kg Condroitín sulfato……………. 200 mg/kg Aditivos nutricionales Vitamina A 20.000 U.I/Kg, vitamina D-3 1.800 U.I/ Kg, vitamina E (acetato de α-tocoferol) 200 mg/Kg, vitamina C 100 mg/Kg, L-Carnitina 40 mg/Kg, taurina 500 mg/Kg, hierro (sulfato de hierro II monohidratado) 75 mg/Kg, cobre (sulfato de cobre II pentahidratado) 10 mg/Kg, manganeso (sulfato manganoso monohidratado) 25 mg/Kg, Zinc (sulfato de zinc monohidratado) 110 mg/Kg, yodo (yoduro de potasio) 2 mg/Kg, selenio (selenito de sodio) 0,1 mg/Kg. Aditivos tecnológicos Antioxidantes (aceites naturales ricos en tocoferoles). Modo de empleo El producto debe ser administrado en forma seca. Deje siempre agua fresca y limpia a disposición de su perro. La cantidad diaria de este alimento que necesita su perro depende de diversos factores como el peso, la actividad diaria, edad, ambiente natural.;{};Imagenes_Alimentos/GrupoMOR/perros/Amity/amity-amity-sp-low-grain-iberian-pork-adult-4-kg.jpg;https://grupomor.cl/wp-content/uploads/2022/06/4PE040076.jpg;https://grupomor.cl/producto/amity-sp-low-grain-iberian-pork-adult-4-kg/
amity-amity-sp-low-grain-iberian-pork-adult-14-kg;Grupo MOR;Amity;perro;adulto;AMITY SP LOW GRAIN IBERIAN PORK ADULT 14 KG;14 kg;Alimento SUPER PREMIUM de cerdo ibérico para perro adulto de todas las razas;Carne deshidratada 38 % (cerdo ibérico 14 %), arroz 27 % (arroz integral 15 %), guisantes 12 %, grasa de ave 12 %, harina de algarroba 2 %, pulpa de remolacha 2 %, proteína animal hidrolizada, vitaminas y minerales, levadura y extracto de levadura – saccharomyces cerevisiae (fuente de mananooligosacáridos – MOS y β – glucanos), aceite de salmón (fuente de ácidos grasos omega-3), fibra dietética insoluble de guisante, Inulina (fibra soluble de achicoria, fuente fosfooligosacáridos – FOS), salvia hispánica (fuente de ácidos grasos omega-3 y fibra dietética), algas (ascophyllum nodosum), hidrolizado de crustáceos (fuente de glucosamina), hidrolizado de cartílago (fuente de condroitina), aceites esenciales (orégano, canela, clavo, tomillo, romero, hierbabuena, té verde) y yucca. Componentes Proteína bruta……………….. 26 % Grasa bruta……………………. 16% Fibra bruta…………………….. 2,5 % Ceniza bruta…………………… 7,9 % Calcio……………………………. 1,8 % Fósforo………………………….. 1 % Humedad………………………. 9 % Glucosamina clorhidrato….. 320 mg/kg Condroitín sulfato……………. 200 mg/kg Aditivos nutricionales Vitamina A 20.000 U.I/Kg, vitamina D-3 1.800 U.I/ Kg, vitamina E (acetato de α-tocoferol) 200 mg/Kg, vitamina C 100 mg/Kg, L-Carnitina 40 mg/Kg, taurina 500 mg/Kg, hierro (sulfato de hierro II monohidratado) 75 mg/Kg, cobre (sulfato de cobre II pentahidratado) 10 mg/Kg, manganeso (sulfato manganoso monohidratado) 25 mg/Kg, Zinc (sulfato de zinc monohidratado) 110 mg/Kg, yodo (yoduro de potasio) 2 mg/Kg, selenio (selenito de sodio) 0,1 mg/Kg. Aditivos tecnológicos Antioxidantes (aceites naturales ricos en tocoferoles). Modo de empleo El producto debe ser administrado en forma seca. Deje siempre agua fresca y limpia a disposición de su perro. La cantidad diaria de este alimento que necesita su perro depende de diversos factores como el peso, la actividad diaria, edad, ambiente natural.;{};Imagenes_Alimentos/GrupoMOR/perros/Amity/amity-amity-sp-low-grain-iberian-pork-adult-14-kg.jpg;https://grupomor.cl/wp-content/uploads/2022/06/4PE140002.jpg;https://grupomor.cl/producto/amity-sp-low-grain-iberian-pork-adult-14-kg/
amity-amity-sp-low-grain-chicken-adult-4-kg;Grupo MOR;Amity;perro;adulto;AMITY SP LOW GRAIN CHICKEN ADULT 4 KG;4 kg;Alimento SUPER PREMIUM de pollo para perro adulto de todas las razas;Carne deshidratada 36 % (pollo 14 %), arroz 27 % (arroz integral 15 %), guisantes 12 %, grasa de ave 12 %, harina de algarroba 2 %, pulpa de remolacha 2 %, proteína animal hidrolizada, vitaminas y minerales, levadura y extracto de levadura-Saccharomyces cerevisiae (fuente de mananooligosacáridos – MOS y β-glucanos), aceite de salmón (fuente de ácidos grasos omega-3), fibra dietética insoluble de guisante, inulina (fibra soluble de achicoria, fuente fosfooligosacáridos – FOS), salvia hispánica (fuente de ácidos grasos omega-3 y fibra dietética), algas (Ascophyllum nodosum), hidrolizado de crustáceos (fuente de glucosamina), hidrolizado de cartílago (fuente de condroitina), aceites esenciales (orégano, canela, clavo, tomillo, romero, hierbabuena, té verde), yucca. Componentes Proteína bruta……………….. 26 % Grasa bruta……………………. 16% Fibra bruta…………………….. 2,5 % Ceniza bruta…………………… 7,9 % Calcio……………………………. 1,8 % Fósforo………………………….. 1 % Humedad……………………….. 9 % Glucosamina clorhidrato….. 320 mg/kg Condroitín sulfato……………. 200 mg/kg Aditivos nutricionales Vitamina A 20.000 U.I/Kg, vitamina D-3 1.800 U.I/ Kg, vitamina E (acetato de α-tocoferol) 200 mg/ Kg, vitamina C 100 mg/ Kg, L-Carnitina 40 mg/ Kg, taurina 500 mg/Kg, hierro (sulfato de hierro II monohidratado) 75 mg/ Kg, cobre (sulfato de cobre II pentahidratado) 10 mg/ Kg, manganeso (sulfato manganoso monohidratado) 25 mg/ Kg, zinc (sulfato de zinc monohidratado) 110 mg/ Kg, yodo (yoduro de potasio), 2 mg/ Kg, selenio (selenito de sodio) 0,1 mg/ Kg. Aditivos tecnológicos Antioxidantes (aceites naturales ricos en tocoferoles) Modo de empleo El producto debe ser administrado en forma seca. Deje siempre agua fresca y limpia a disposición de su perro. La cantidad diaria de este alimento que necesita su perro depende de diversos factores como el peso, la actividad diaria, edad y ambiente natural.;{};Imagenes_Alimentos/GrupoMOR/perros/Amity/amity-amity-sp-low-grain-chicken-adult-4-kg.jpg;https://grupomor.cl/wp-content/uploads/2022/06/4PE040075.jpg;https://grupomor.cl/producto/amity-sp-low-grain-chicken-adult-4-kg/
amity-amity-sp-low-grain-chicken-adult-14-kg;Grupo MOR;Amity;perro;adulto;AMITY SP LOW GRAIN CHICKEN ADULT 14 KG;14 kg;Alimento SUPER PREMIUM de pollo para perro adulto de todas las razas;Carne deshidratada 36 % (pollo 14 %), arroz 27 % (arroz integral 15 %), guisantes 12 %, grasa de ave 12 %, harina de algarroba 2 %, pulpa de remolacha 2 %, proteína animal hidrolizada, vitaminas y minerales, levadura y extracto de levadura-Saccharomyces cerevisiae (fuente de mananooligosacáridos – MOS y β-glucanos), aceite de salmón (fuente de ácidos grasos omega-3), fibra dietética insoluble de guisante, inulina (fibra soluble de achicoria, fuente fosfooligosacáridos – FOS), salvia hispánica (fuente de ácidos grasos omega-3 y fibra dietética), algas (Ascophyllum nodosum), hidrolizado de crustáceos (fuente de glucosamina), hidrolizado de cartílago (fuente de Condroitina), aceites esenciales (orégano, canela, clavo, tomillo, romero, hierbabuena, té verde), yucca. Componentes Proteína bruta……………….. 26 % Grasa bruta……………………. 16% Fibra bruta…………………….. 2,5 % Ceniza bruta…………………… 7,9 % Calcio……………………………. 1,8 % Fósforo………………………….. 1 % Humedad……………………….. 9 % Glucosamina clorhidrato….. 320 mg/kg Condroitín sulfato……………. 200 mg/kg Aditivos nutricionales Vitamina A 20.000 U.I/Kg, vitamina D-3 1.800 U.I/ Kg, vitamina E (Acetato de todo-rac-a-tocoferilo) 200 mg/ Kg, vitamina C 100 mg/ Kg, L-Carnitina 40 mg/ Kg, taurina 500 mg/Kg, hierro (sulfato de hierro II monohidratado) 75 mg/ Kg, cobre (sulfato de cobre II pentahidratado) 10 mg/ Kg, manganeso (sulfato manganoso monohidratado) 25 mg/ Kg, zinc (sulfato de zinc monohidratado) 110 mg/ Kg, yodo (yoduro de potasio), 2 mg/ Kg, selenio (selenito de sodio) 0,1 mg/ Kg. Aditivos tecnológicos Antioxidantes (Aceites naturales ricos en tocoferoles) Modo de empleo El producto debe ser administrado en forma seca. Deje siempre agua fresca y limpia a disposición de su perro. La cantidad diaria de este alimento que necesita su perro depende de diversos factores como el peso, la actividad diaria, edad y ambiente natural.;{};Imagenes_Alimentos/GrupoMOR/perros/Amity/amity-amity-sp-low-grain-chicken-adult-14-kg.jpg;https://grupomor.cl/wp-content/uploads/2022/06/4PE140001-1.jpg;https://grupomor.cl/producto/amity-sp-low-grain-chicken-adult-14-kg/
amity-amity-sp-low-grain-chicken-puppy-4-kg;Grupo MOR;Amity;perro;cachorro;AMITY SP LOW GRAIN CHICKEN PUPPY 4 KG;4 kg;Alimento SUPER PREMIUM de pollo para cachoros desde el destete hasta los 11 meses de edad.;Carne deshidratada 39 % (pollo 14 %), arroz 24 % (arroz integral 14 %), grasa de ave 13 %, guisantes 10 %, harina de algarroba 2 %, proteína animal hidrolizada, pulpa de remolacha, vitaminas y minerales, levadura y extracto de levadura – saccharomyces cerevisiae (fuente de mananooligosacáridos – MOS y β – glucanos), aceite de salmón (fuente de ácidos grasos omega-3), inulina (fibra soluble de achicoria, fuente fosfooligosacáridos – FOS), salvia hispánica (fuente de ácidos grasos omega-3 y fibra dietética), algas (Ascophyllum nodosum), fibra dietética insoluble de guisante, fibra dietética soluble extraída de Plantago ovata, hidrolizado de crustáceos (fuente de glucosamina), hidrolizado de cartílago (fuente de condroitina), aceites esenciales (orégano, canela, clavo, tomillo, romero, hierbabuena, té verde) y yucca. Componentes Proteína bruta……………….. 30 % Grasa bruta……………………. 18% Fibra bruta…………………….. 2,3 % Ceniza bruta…………………… 7,6 % Calcio……………………………. 1,6 % Fósforo………………………….. 1 % Humedad……………………….. 9 % Glucosamina clorhidrato…… 380 mg/kg Condroitín sulfato…………….. 240 mg/kg Aditivos nutricionales Vitamina A 24.000 U.I/Kg, vitamina D-3 1.900 U.I/ Kg, vitamina E (acetato de α-tocoferol) 240 mg/ Kg, vitamina C 120 mg/ Kg, L-Carnitina 46 mg/ Kg, taurina 600 mg/Kg, hierro (sulfato de hierro II monohidratado) 90 mg/Kg, cobre (sulfato de cobre II pentahidratado) 12 mg/Kg, manganeso (sulfato manganoso monohidratado) 30 mg/Kg, zinc (sulfato de zinc monohidratado) 130 mg/Kg, yodo (yoduro de potasio) 2,4 mg/Kg, selenio (selenito de sodio) 0,12 mg/Kg. Modo de empleo El producto debe ser administrado en forma seca. Deje siempre agua fresca y limpia a disposición de su perro. La cantidad diaria de este alimento que necesita su perro depende de diversos factores como el peso, la actividad diaria, edad y ambiente natural.;{};Imagenes_Alimentos/GrupoMOR/perros/Amity/amity-amity-sp-low-grain-chicken-puppy-4-kg.jpg;https://grupomor.cl/wp-content/uploads/2022/06/4PE040079.jpg;https://grupomor.cl/producto/amity-sp-low-grain-chicken-puppy-4-kg/
amity-amity-sp-low-grain-chicken-puppy-14-kg;Grupo MOR;Amity;perro;cachorro;AMITY SP LOW GRAIN CHICKEN PUPPY 14 KG;14 kg;Alimento SUPER PREMIUM de pollo para cachoros desde el destete hasta los 11 meses de edad.;Carne deshidratada 39 % (pollo 14 %), arroz 24 % (arroz integral 14 %), grasa de ave 13 %, guisantes 10 %, harina de algarroba 2 %, proteína animal hidrolizada, pulpa de remolacha, vitaminas y minerales, levadura y extracto de levadura – saccharomyces cerevisiae (fuente de mananooligosacáridos – MOS y β – glucanos), aceite de salmón (fuente de ácidos grasos omega-3), inulina (fibra soluble de achicoria, fuente fosfooligosacáridos – FOS), salvia hispánica (fuente de ácidos grasos omega-3 y fibra dietética), algas (Ascophyllum nodosum), fibra dietética insoluble de guisante, fibra dietética soluble extraída de Plantago ovata, hidrolizado de crustáceos (fuente de glucosamina), hidrolizado de cartílago (fuente de condroitina), aceites esenciales (orégano, canela, clavo, tomillo, romero, hierbabuena, té verde) y yucca. Componentes Proteína bruta……………….. 30 % Grasa bruta……………………. 18% Fibra bruta…………………….. 2,3 % Ceniza bruta…………………… 7,6 % Calcio……………………………. 1,6 % Fósforo………………………….. 1 % Humedad……………………….. 9 % Glucosamina clorhidrato…… 380 mg/kg Condroitín sulfato…………….. 240 mg/kg Aditivos nutricionales Vitamina A 24.000 U.I/Kg, vitamina D-3 1.900 U.I/ Kg, vitamina E (acetato de α-tocoferol) 240 mg/ Kg, vitamina C 120 mg/ Kg, L-Carnitina 46 mg/ Kg, taurina 600 mg/Kg, hierro (sulfato de hierro II monohidratado) 90 mg/Kg, cobre (sulfato de cobre II pentahidratado) 12 mg/Kg, manganeso (sulfato manganoso monohidratado) 30 mg/Kg, zinc (sulfato de zinc monohidratado) 130 mg/Kg, yodo (yoduro de potasio) 2,4 mg/Kg, selenio (selenito de sodio) 0,12 mg/Kg. Modo de empleo El producto debe ser administrado en forma seca. Deje siempre agua fresca y limpia a disposición de su perro. La cantidad diaria de este alimento que necesita su perro depende de diversos factores como el peso, la actividad diaria, edad, ambiente natural.;{};Imagenes_Alimentos/GrupoMOR/perros/Amity/amity-amity-sp-low-grain-chicken-puppy-14-kg.jpg;https://grupomor.cl/wp-content/uploads/2022/06/4PE140005.jpg;https://grupomor.cl/producto/amity-sp-low-grain-chicken-puppy-14-kg/
bravery-bravery-mackerel-kitten-wet-food-70-gr;Grupo MOR;Bravery;gato;cachorro;BRAVERY MACKEREL KITTEN WET FOOD 70 GR;75 g, 70 gr;• La caballa posee un alto contenido de potasio, un mineral esencial para el sistema nervioso y los músculos. • Contiene aceite de salmón y aceite de oliva extra virgen que son beneficiosos para la salud cardiovascular y el sistema inmune. • Tiene grandes cantidades de vitamina E y omega 3. • Ayuda a fortalecer el pelaje, la piel y las uñas. • Su elevado contenido de agua mantendrá a tu mascota hidratada • Ideal para gatos cachorros;Caballa, aceite de salmón, aceite de oliva extra virgen y minerales.;{};Imagenes_Alimentos/GrupoMOR/gatos/Bravery/bravery-bravery-mackerel-kitten-wet-food-70-gr.jpg;https://grupomor.cl/wp-content/uploads/2022/06/5GA70006-1.jpg;https://grupomor.cl/producto/bravery-mackerel-kitten-wet-food-70-gr/
bravery-bravery-hake-sterilized-cat-wet-food-70-gr;Grupo MOR;Bravery;gato;adulto;BRAVERY HAKE STERILIZED CAT WET FOOD 70 GR;75 g, 70 gr;• Contiene aceite de salmón y aceite de oliva extra virgen que son beneficiosos para la salud cardiovascular y el sistema inmune. • Tiene grandes cantidades de vitamina E y omega 3. • Su elevado contenido de agua mantendrá a tu mascota hidratada. • Ideal para gatos esterilizados y con problemas de sobrepeso debido a su bajo contenido calórico.;Merluza, aceite de salmón, aceite de oliva extra virgen y minerales;{};Imagenes_Alimentos/GrupoMOR/gatos/Bravery/bravery-bravery-hake-sterilized-cat-wet-food-70-gr.jpg;https://grupomor.cl/wp-content/uploads/2022/06/5GA70005-1.jpg;https://grupomor.cl/producto/bravery-hake-sterilized-cat-wet-food-70-gr/
bravery-bravery-tuna-loin-and-peas-adult-cat-wet-food-70-gr;Grupo MOR;Bravery;gato;adulto;BRAVERY TUNA LOIN AND PEAS ADULT CAT WET FOOD 70 GR;75 g, 70 gr;• El atún contiene ácidos grasos omega 3 que ayuda a mantener el pelaje sano e hidratante. • Contiene aceite de salmón y aceite de oliva extra virgen que son beneficiosos para la salud cardiovascular y el sistema inmune. • Tiene grandes cantidades de vitamina E y omega 3. • Su elevado contenido de agua mantendrá a tu mascota hidratada. • Ideal para gatos de todos los tamaños;Lomo de atún, guisantes, aceite de salmón y aceite de oliva extra virgen;{};Imagenes_Alimentos/GrupoMOR/gatos/Bravery/bravery-bravery-tuna-loin-and-peas-adult-cat-wet-food-70-gr.jpg;https://grupomor.cl/wp-content/uploads/2022/06/5GA70004-1.jpg;https://grupomor.cl/producto/bravery-tuna-loin-and-peas-adult-cat-wet-food-70-gr/
bravery-bravery-tuna-loin-and-carrots-sterilized-cat-wet-food-70-gr;Grupo MOR;Bravery;gato;adulto;BRAVERY TUNA LOIN AND CARROTS STERILIZED CAT WET FOOD 70 GR;75 g, 70 gr;• Ayuda a mantener el sistema inmunológico y la función cognitiva • Contiene aceite de salmón y aceite de oliva extra virgen que son beneficiosos para la salud cardiovascular y el sistema inmune. • Tiene grandes cantidades de vitamina E y omega 3. • Su elevado contenido de agua mantendrá a tu mascota hidratada. • Ideal para gatos esterilizados debido a su bajo valor calórico;Lomo de atún, zanahorias, aceite de salmón y aceite de oliva extra virgen;{};Imagenes_Alimentos/GrupoMOR/gatos/Bravery/bravery-bravery-tuna-loin-and-carrots-sterilized-cat-wet-food-70-gr.jpg;https://grupomor.cl/wp-content/uploads/2022/06/5GA70003-1.jpg;https://grupomor.cl/producto/bravery-tuna-loin-and-carrots-sterilized-cat-wet-food-70-gr/
bravery-bravery-chicken-and-peas-adult-cat-wet-food-70-gr;Grupo MOR;Bravery;gato;adulto;BRAVERY CHICKEN AND PEAS ADULT CAT WET FOOD 70 GR;75 g, 70 gr;• Alimento húmedo de pechuga de pollo con guisantes • Contiene aceite de salmón y aceite de oliva extra virgen que son beneficiosos para la salud cardiovascular y el sistema inmune. • Tiene grandes cantidades de vitamina E y omega 3. • Su elevado contenido de agua mantendrá a tu mascota hidratada. • Ideal para gatos de todos los tamaños;Pechuga de pollo, guisantes, aceite de salmón y aceite de oliva extra virgen;{};Imagenes_Alimentos/GrupoMOR/gatos/Bravery/bravery-bravery-chicken-and-peas-adult-cat-wet-food-70-gr.jpg;https://grupomor.cl/wp-content/uploads/2022/06/5GA70002-1.jpg;https://grupomor.cl/producto/bravery-chicken-and-peas-adult-cat-wet-food-70-gr/
bravery-bravery-chicken-and-carrots-sterilized-cat-wet-food-70-gr;Grupo MOR;Bravery;gato;adulto;BRAVERY CHICKEN AND CARROTS STERILIZED CAT WET FOOD 70 GR;75 g, 70 gr;• Ayuda a mantener la salud corporal y el sistema inmunológico. • Contiene aceite de salmón y aceite de oliva extra virgen que son beneficiosos para la salud cardiovascular y el sistema inmune. • Tiene grandes cantidades de vitamina E y omega 3. • Su elevado contenido de agua mantendrá a tu mascota hidratada. • Ideal para gatos esterilizados debido a su bajo valor calórico;Pechuga de pollo, zanahorias, aceite de salmón y aceite de oliva extra virgen;{};Imagenes_Alimentos/GrupoMOR/gatos/Bravery/bravery-bravery-chicken-and-carrots-sterilized-cat-wet-food-70-gr.jpg;https://grupomor.cl/wp-content/uploads/2022/06/5GA70001-1.jpg;https://grupomor.cl/producto/bravery-chicken-and-carrots-sterilized-cat-wet-food-70-gr/
bravery-bravery-tuna-and-vegetables-adult-dog-wet-food-290-gr;Grupo MOR;Bravery;perro;adulto;BRAVERY TUNA AND VEGETABLES ADULT DOG WET FOOD 290 GR;300 g, 290 gr;• Contiene aceite de salmón y aceite de oliva extra virgen que son beneficiosos para la salud cardiovascular y el sistema inmune. • Tiene grandes cantidades de vitamina E y omega 3. • Su elevado contenido de agua facilita su hidratación y digestión. • Ideal para perros de todos los tamaños;Atún, zanahorias, guisantes, aceite de salmón, aceite de oliva extra virgen y minerales.;{};Imagenes_Alimentos/GrupoMOR/perros/Bravery/bravery-bravery-tuna-and-vegetables-adult-dog-wet-food-290-gr.jpg;https://grupomor.cl/wp-content/uploads/2022/06/5PE29002-1.jpg;https://grupomor.cl/producto/bravery-tuna-and-vegetables-adult-dog-wet-food-290-gr/
bravery-bravery-tuna-and-vegetables-adult-dog-wet-food-80-gr;Grupo MOR;Bravery;perro;adulto;BRAVERY TUNA AND VEGETABLES ADULT DOG WET FOOD 80 GR;90 g, 80 gr;• Contiene aceite de salmón y aceite de oliva extra virgen que son beneficiosos para la salud cardiovascular y el sistema inmune. • Tiene grandes cantidades de vitamina E y omega 3. • Su elevado contenido de agua facilita su hidratación y digestión. • Ideal para perros de todos los tamaños;Atún, zanahorias, guisantes, aceite de salmón, aceite de oliva extra virgen y minerales.;{};Imagenes_Alimentos/GrupoMOR/perros/Bravery/bravery-bravery-tuna-and-vegetables-adult-dog-wet-food-80-gr.jpg;https://grupomor.cl/wp-content/uploads/2022/06/5PE80002-1.jpg;https://grupomor.cl/producto/bravery-tuna-and-vegetables-adult-dog-wet-food-80-gr/
bravery-bravery-chicken-and-vegetables-dog-wet-food-290-gr;Grupo MOR;Bravery;perro;adulto;BRAVERY CHICKEN AND VEGETABLES DOG WET FOOD 290 GR;300 g, 290 gr;• Contiene aceite de salmón y aceite de oliva extra virgen que son beneficiosos para la salud cardiovascular y el sistema inmune. • Tiene grandes cantidades de vitamina E y omega 3 • Su elevado contenido de agua facilita su hidratación y digestión. • Ideal para perros de todos los tamaños;Pollo, zanahorias, guisantes, aceite de salmón, aceite de oliva extra virgen y minerales.;{};Imagenes_Alimentos/GrupoMOR/perros/Bravery/bravery-bravery-chicken-and-vegetables-dog-wet-food-290-gr.jpg;https://grupomor.cl/wp-content/uploads/2022/06/5PE29001-1.jpg;https://grupomor.cl/producto/bravery-chicken-and-vegetables-dog-wet-food-290-gr/
bravery-bravery-chicken-and-vegetables-adult-dog-wet-food-80-gr;Grupo MOR;Bravery;perro;adulto;BRAVERY CHICKEN AND VEGETABLES ADULT DOG WET FOOD 80 GR;90 g, 80 gr;• Contiene aceite de salmón y aceite de oliva extra virgen que son beneficiosos para la salud cardiovascular y el sistema inmune. • Tiene grandes cantidades de vitamina E y omega 3 • Su elevado contenido de agua facilita su hidratación y digestión. • Ideal para perros de todos los tamaños;Pollo, zanahorias, guisantes, aceite de salmón, aceite de oliva extra virgen y minerales.;{};Imagenes_Alimentos/GrupoMOR/perros/Bravery/bravery-bravery-chicken-and-vegetables-adult-dog-wet-food-80-gr.jpg;https://grupomor.cl/wp-content/uploads/2022/06/5PE80001-1.jpg;https://grupomor.cl/producto/bravery-chicken-and-vegetables-adult-dog-wet-food-80-gr/
bravery-bravery-salmon-adult-cat-sterilized-7-kg;Grupo MOR;Bravery;gato;adulto;BRAVERY SALMON ADULT CAT STERILIZED 7 KG;7.15 kg, 7 kg;• Elaborado con 100% carne de salmón deshidratada • Hipoalergénico y monoproteico • Libre de granos y gluten • Adecuado para gatos con sensibilidades, alergias o intolerancias • Ayuda a asegurar un crecimiento armonioso, un sistema inmunológico eficiente y una vitalidad plena. • Proporciona una alimentación completa y equilibrada para tu gato. • Sin colorantes, sabores ni conservantes artificiales añadidos • Ideal para gatos esterilizados de todos los tamaños a partir del año;Salmón deshidratado, tapioca, grasa de ave (fuente de ácidos grasos Ω – 6), guisantes, levadura y extracto de levadura – Saccharomyces cerevisiae (fuente de mananooligosacáridos – MOS y β – glucanos), proteína hidrolizada de salmón, aceite de salmón (fuente de ácidos grasos Ω – 3 – EPA y DHA), vaina de algarroba, proteína de patata, boniato, pulpa de remolacha, Inulina (fibra soluble de achicoria, fuente fosfooligosacáridos – FOS), celulosa natural (fuente de fibra insoluble), minerales, fibra dietética soluble extraída de Plantago ovata, aceites esenciales (orégano, canela, clavo, tomillo, romero, hierbabuena, té verde), hidrolizado de crustáceos (fuente de glucosamina), hidrolizado de cartílago (fuente de condroitina), yuca, concentrado de zumo de melón liofilizado (rico en superóxido dismutasa – SOD).;"{""vitamina E"": ""600 mg/kg"", ""vitamina C"": ""300 mg/kg"", ""carnitina"": ""120 mg/kg"", ""cloruro de colina"": ""3.220 mg/kg"", ""Fe (sulfato ferroso monohidratado)"": ""60 mg/kg"", ""Zn (sulfato de zinc monohidratado)"": ""50 mg/kg"", ""I (yoduro de potasio)"": ""3,8 mg/kg"", ""Se (selenito de sodio)"": ""0,05 mg/kg""}";Imagenes_Alimentos/GrupoMOR/gatos/Bravery/bravery-bravery-salmon-adult-cat-sterilized-7-kg.jpg;https://grupomor.cl/wp-content/uploads/2022/06/4GA070005.jpg;https://grupomor.cl/producto/bravery-salmon-adult-cat-sterilized-7-kg/
bravery-bravery-salmon-adult-cat-sterilized-2-kg;Grupo MOR;Bravery;gato;adulto;BRAVERY SALMON ADULT CAT STERILIZED 2 KG;2.05 kg, 2 kg;• Elaborado con 100% carne de salmón deshidratada • Hipoalergénico y monoproteico • Libre de granos y gluten • Adecuado para gatos con sensibilidades, alergias o intolerancias • Ayuda a asegurar un crecimiento armonioso, un sistema inmunológico eficiente y una vitalidad plena. • Proporciona una alimentación completa y equilibrada para tu gato. • Sin colorantes, sabores ni conservantes artificiales añadidos • Ideal para gatos esterilizados de todos los tamaños a partir del año;Salmón deshidratado, tapioca, grasa de ave (fuente de ácidos grasos Ω – 6), guisantes, levadura y extracto de levadura – Saccharomyces cerevisiae (fuente de mananooligosacáridos – MOS y β – glucanos), proteína hidrolizada de salmón, aceite de salmón (fuente de ácidos grasos Ω – 3 – EPA y DHA), vaina de algarroba, proteína de patata, boniato, pulpa de remolacha, Inulina (fibra soluble de achicoria, fuente fosfooligosacáridos – FOS), celulosa natural (fuente de fibra insoluble), minerales, fibra dietética soluble extraída de Plantago ovata, aceites esenciales (orégano, canela, clavo, tomillo, romero, hierbabuena, té verde), hidrolizado de crustáceos (fuente de glucosamina), hidrolizado de cartílago (fuente de condroitina), yuca, concentrado de zumo de melón liofilizado (rico en superóxido dismutasa – SOD).;"{""vitamina E"": ""600 mg/kg"", ""vitamina C"": ""300 mg/kg"", ""carnitina"": ""120 mg/kg"", ""cloruro de colina"": ""3.220 mg/kg"", ""Fe (sulfato ferroso monohidratado)"": ""60 mg/kg"", ""Zn (sulfato de zinc monohidratado)"": ""50 mg/kg"", ""I (yoduro de potasio)"": ""3,8 mg/kg"", ""Se (selenito de sodio)"": ""0,05 mg/kg""}";Imagenes_Alimentos/GrupoMOR/gatos/Bravery/bravery-bravery-salmon-adult-cat-sterilized-2-kg.jpg;https://grupomor.cl/wp-content/uploads/2022/06/4GA020033.jpg;https://grupomor.cl/producto/bravery-salmon-adult-cat-sterilized-2-kg/
bravery-bravery-chicken-adult-cat-sterilized-7-kg;Grupo MOR;Bravery;gato;adulto;BRAVERY CHICKEN ADULT CAT STERILIZED 7 KG;7.15 kg, 7 kg;• Elaborado con 100% carne de pollo deshidratada • Hipoalergénico y monoproteico • Libre de granos y gluten • Adecuado para gatos con sensibilidades, alergias o intolerancias • Ayuda a asegurar un crecimiento armonioso, un sistema inmunológico eficiente y una vitalidad plena. • Proporciona una alimentación completa y equilibrada para tu gato. • Sin colorantes, sabores ni conservantes artificiales añadidos • Ideal para gatos esterilizados de todos los tamaños a partir del año;Carne de pollo deshidratada, tapioca, grasa de ave (fuente de ácidos grasos Ω – 6), proteína hidrolizada de pollo, guisantes, levadura y extracto de levadura – Saccharomyces cerevisiae (fuente de mananooligosacáridos – MOS y β – glucanos), hígado de pollo hidrolizado, aceite de pescado (fuente de ácidos grasos Ω – 3 – EPA y DHA), vaina de algarroba, huevo entero deshidratado, proteína de patata, boniato, pulpa de remolacha, Inulina (fibra soluble de achicoria, fuente fosfooligosacáridos – FOS), celulosa natural (fuente de fibra insoluble), minerales, fibra dietética soluble extraída de Plantago ovata, aceites esenciales (orégano, canela, clavo, tomillo, romero, hierbabuena, té verde), hidrolizado de crustáceos (fuente de glucosamina), hidrolizado de cartílago (fuente de condroitina), yuca, concentrado de zumo de melón liofilizado (rico en superóxido dismutasa – SOD).;"{""vitamina E"": ""600 mg/kg"", ""vitamina C"": ""300 mg/kg"", ""carnitina"": ""120 mg/kg"", ""cloruro de colina"": ""3.220 mg/kg"", ""Fe (sulfato ferroso monohidratado)"": ""60 mg/kg"", ""Zn (sulfato de zinc monohidratado)"": ""50 mg/kg"", ""I (yoduro de potasio)"": ""3,8 mg/kg"", ""Se (selenito de sodio)"": ""0,05 mg/kg""}";Imagenes_Alimentos/GrupoMOR/gatos/Bravery/bravery-bravery-chicken-adult-cat-sterilized-7-kg.jpg;https://grupomor.cl/wp-content/uploads/2022/06/4GA070003.jpg;https://grupomor.cl/producto/bravery-chicken-adult-cat-sterilized-7-kg/
bravery-bravery-chicken-adult-cat-sterilized-2-kg;Grupo MOR;Bravery;gato;adulto;BRAVERY CHICKEN ADULT CAT STERILIZED 2 KG;2.05 kg, 2 kg;• Elaborado con 100% carne de pollo deshidratada • Hipoalergénico y monoproteico • Libre de granos y gluten • Adecuado para gatos con sensibilidades, alergias o intolerancias • Ayuda a asegurar un crecimiento armonioso, un sistema inmunológico eficiente y una vitalidad plena. • Proporciona una alimentación completa y equilibrada para tu gato. • Sin colorantes, sabores ni conservantes artificiales añadidos • Ideal para gatos esterilizados de todos los tamaños a partir del año;Carne de pollo deshidratada, tapioca, grasa de ave (fuente de ácidos grasos Ω – 6), proteína hidrolizada de pollo, guisantes, levadura y extracto de levadura – Saccharomyces cerevisiae (fuente de mananooligosacáridos – MOS y β – glucanos), hígado de pollo hidrolizado, aceite de pescado (fuente de ácidos grasos Ω – 3 – EPA y DHA), vaina de algarroba, huevo entero deshidratado, proteína de patata, boniato, pulpa de remolacha, Inulina (fibra soluble de achicoria, fuente fosfooligosacáridos – FOS), celulosa natural (fuente de fibra insoluble), minerales, fibra dietética soluble extraída de Plantago ovata, aceites esenciales (orégano, canela, clavo, tomillo, romero, hierbabuena, té verde), hidrolizado de crustáceos (fuente de glucosamina), hidrolizado de cartílago (fuente de condroitina), yuca, concentrado de zumo de melón liofilizado (rico en superóxido dismutasa – SOD).;"{""vitamina E"": ""600 mg/kg"", ""vitamina C"": ""300 mg/kg"", ""carnitina"": ""120 mg/kg"", ""cloruro de colina"": ""3.220 mg/kg"", ""Fe (sulfato ferroso monohidratado)"": ""60 mg/kg"", ""Zn (sulfato de zinc monohidratado)"": ""50 mg/kg"", ""I (yoduro de potasio)"": ""3,8 mg/kg"", ""Se (selenito de sodio)"": ""0,05 mg/kg""}";Imagenes_Alimentos/GrupoMOR/gatos/Bravery/bravery-bravery-chicken-adult-cat-sterilized-2-kg.jpg;https://grupomor.cl/wp-content/uploads/2022/06/4GA020030.jpg;https://grupomor.cl/producto/bravery-chicken-adult-cat-sterilized-2-kg/
bravery-bravery-salmon-adult-cat-7-kg;Grupo MOR;Bravery;gato;adulto;BRAVERY SALMON ADULT CAT 7 KG;7.15 kg, 7 kg;• Elaborado con 100% carne de salmón deshidratada • Hipoalergénico y monoproteico • Libre de granos y gluten • Adecuado para gatos con sensibilidades, alergias o intolerancias • Ayuda a asegurar un crecimiento armonioso, un sistema inmunológico eficiente y una vitalidad plena. • Proporciona una alimentación completa y equilibrada para tu gato. • Sin colorantes, sabores ni conservantes artificiales añadidos • Ideal para gatos de todos los tamaños a partir del año;Salmón deshidratado, tapioca, grasa de ave (fuente de ácidos grasos Ω – 6), guisantes, levadura y extracto de levadura – Saccharomyces cerevisiae (fuente de mananooligosacáridos – MOS y β – glucanos), proteína hidrolizada de salmón, aceite de salmón (fuente de ácidos grasos Ω – 3 – EPA y DHA), vaina de algarroba, proteína de patata, boniato, pulpa de remolacha, Inulina (fibra soluble de achicoria, fuente fosfooligosacáridos – FOS), celulosa natural (fuente de fibra insoluble), minerales, fibra dietética soluble extraída de Plantago ovata, aceites esenciales (orégano, canela, clavo, tomillo, romero, hierbabuena, té verde), hidrolizado de crustáceos (fuente de glucosamina), hidrolizado de cartílago (fuente de condroitina), yuca, concentrado de zumo de melón liofilizado (rico en superóxido dismutasa – SOD).;"{""vitamina E"": ""600 mg/kg"", ""vitamina C"": ""300 mg/kg"", ""carnitina"": ""120 mg/kg"", ""cloruro de colina"": ""3.220 mg/kg"", ""Fe (sulfato ferroso monohidratado)"": ""60 mg/kg"", ""Zn (sulfato de zinc monohidratado)"": ""50 mg/kg"", ""I (yoduro de potasio)"": ""3,8 mg/kg"", ""Se (selenito de sodio)"": ""0,05 mg/kg""}";Imagenes_Alimentos/GrupoMOR/gatos/Bravery/bravery-bravery-salmon-adult-cat-7-kg.jpg;https://grupomor.cl/wp-content/uploads/2022/06/4GA070004.jpg;https://grupomor.cl/producto/bravery-salmon-adult-cat-7-kg/
bravery-bravery-salmon-adult-cat-2-kg;Grupo MOR;Bravery;gato;adulto;BRAVERY SALMON ADULT CAT 2 KG;2.05 kg, 2 kg;• Elaborado con 100% carne de salmón deshidratada • Hipoalergénico y monoproteico • Libre de granos y gluten • Adecuado para gatos con sensibilidades, alergias o intolerancias • Ayuda a asegurar un crecimiento armonioso, un sistema inmunológico eficiente y una vitalidad plena. • Proporciona una alimentación completa y equilibrada para tu gato. • Sin colorantes, sabores ni conservantes artificiales añadidos • Ideal para gatos de todos los tamaños a partir del año;Salmón deshidratado, tapioca, grasa de ave (fuente de ácidos grasos Ω – 6), guisantes, levadura y extracto de levadura – Saccharomyces cerevisiae (fuente de mananooligosacáridos – MOS y β – glucanos), proteína hidrolizada de salmón, aceite de salmón (fuente de ácidos grasos Ω – 3 – EPA y DHA), vaina de algarroba, proteína de patata, boniato, pulpa de remolacha, Inulina (fibra soluble de achicoria, fuente fosfooligosacáridos – FOS), celulosa natural (fuente de fibra insoluble), minerales, fibra dietética soluble extraída de Plantago ovata, aceites esenciales (orégano, canela, clavo, tomillo, romero, hierbabuena, té verde), hidrolizado de crustáceos (fuente de glucosamina), hidrolizado de cartílago (fuente de condroitina), yuca, concentrado de zumo de melón liofilizado (rico en superóxido dismutasa – SOD).;"{""vitamina E"": ""600 mg/kg"", ""vitamina C"": ""300 mg/kg"", ""carnitina"": ""120 mg/kg"", ""cloruro de colina"": ""3.220 mg/kg"", ""Fe (sulfato ferroso monohidratado)"": ""60 mg/kg"", ""Zn (sulfato de zinc monohidratado)"": ""50 mg/kg"", ""I (yoduro de potasio)"": ""3,8 mg/kg"", ""Se (selenito de sodio)"": ""0,05 mg/kg""}";Imagenes_Alimentos/GrupoMOR/gatos/Bravery/bravery-bravery-salmon-adult-cat-2-kg.jpg;https://grupomor.cl/wp-content/uploads/2022/06/4GA020032.jpg;https://grupomor.cl/producto/bravery-salmon-adult-cat-2-kg/
bravery-bravery-chicken-adult-cat-7-kg;Grupo MOR;Bravery;gato;adulto;BRAVERY CHICKEN ADULT CAT 7 KG;7.15 kg, 7 kg;• Elaborado con 100% carne de pollo deshidratada • Hipoalergénico y monoproteico • Libre de granos y gluten • Adecuado para gatos con sensibilidades, alergias o intolerancias • Ayuda a asegurar un crecimiento armonioso, un sistema inmunológico eficiente y una vitalidad plena. • Proporciona una alimentación completa y equilibrada para tu gato. • Sin colorantes, sabores ni conservantes artificiales añadidos • Ideal para gatos de todos los tamaños a partir del año;Carne de pollo deshidratada, tapioca, grasa de ave (fuente de ácidos grasos Ω – 6), proteína hidrolizada de pollo, guisantes, levadura y extracto de levadura – Saccharomyces cerevisiae (fuente de mananooligosacáridos – MOS y β – glucanos), hígado de pollo hidrolizado, aceite de pescado (fuente de ácidos grasos Ω – 3 – EPA y DHA), vaina de algarroba, huevo entero deshidratado, proteína de patata, boniato, pulpa de remolacha, Inulina (fibra soluble de achicoria, fuente fosfooligosacáridos – FOS), celulosa natural (fuente de fibra insoluble), minerales, fibra dietética soluble extraída de Plantago ovata, aceites esenciales (orégano, canela, clavo, tomillo, romero, hierbabuena, té verde), hidrolizado de crustáceos (fuente de glucosamina), hidrolizado de cartílago (fuente de condroitina), yuca, concentrado de zumo de melón liofilizado (rico en superóxido dismutasa – SOD).;"{""vitamina E"": ""600 mg/kg"", ""vitamina C"": ""300 mg/kg"", ""carnitina"": ""120 mg/kg"", ""cloruro de colina"": ""3.220 mg/kg"", ""Fe (sulfato ferroso monohidratado)"": ""60 mg/kg"", ""Zn (sulfato de zinc monohidratado)"": ""50 mg/kg"", ""I (yoduro de potasio)"": ""3,8 mg/kg"", ""Se (selenito de sodio)"": ""0,05 mg/kg""}";Imagenes_Alimentos/GrupoMOR/gatos/Bravery/bravery-bravery-chicken-adult-cat-7-kg.jpg;https://grupomor.cl/wp-content/uploads/2022/06/4GA070002.jpg;https://grupomor.cl/producto/bravery-chicken-adult-cat-7-kg/
bravery-bravery-chicken-adult-cat-2-kg;Grupo MOR;Bravery;gato;adulto;BRAVERY CHICKEN ADULT CAT 2 KG;2.05 kg, 2 kg;• Elaborado con 100% carne de pollo deshidratada • Hipoalergénico y monoproteico • Libre de granos y gluten • Adecuado para gatos con sensibilidades, alergias o intolerancias • Ayuda a asegurar un crecimiento armonioso, un sistema inmunológico eficiente y una vitalidad plena. • Proporciona una alimentación completa y equilibrada para tu gato. • Sin colorantes, sabores ni conservantes artificiales añadidos • Ideal para gatos de todos los tamaños a partir del año;Carne de pollo deshidratada, tapioca, grasa de ave (fuente de ácidos grasos Ω – 6), proteína hidrolizada de pollo, guisantes, levadura y extracto de levadura – Saccharomyces cerevisiae (fuente de mananooligosacáridos – MOS y β – glucanos), hígado de pollo hidrolizado, aceite de pescado (fuente de ácidos grasos Ω – 3 – EPA y DHA), vaina de algarroba, huevo entero deshidratado, proteína de patata, boniato, pulpa de remolacha, Inulina (fibra soluble de achicoria, fuente fosfooligosacáridos – FOS), celulosa natural (fuente de fibra insoluble), minerales, fibra dietética soluble extraída de Plantago ovata, aceites esenciales (orégano, canela, clavo, tomillo, romero, hierbabuena, té verde), hidrolizado de crustáceos (fuente de glucosamina), hidrolizado de cartílago (fuente de condroitina), yuca, concentrado de zumo de melón liofilizado (rico en superóxido dismutasa – SOD).;"{""vitamina E"": ""600 mg/kg"", ""vitamina C"": ""300 mg/kg"", ""carnitina"": ""120 mg/kg"", ""cloruro de colina"": ""3.220 mg/kg"", ""Fe (sulfato ferroso monohidratado)"": ""60 mg/kg"", ""Zn (sulfato de zinc monohidratado)"": ""50 mg/kg"", ""I (yoduro de potasio)"": ""3,8 mg/kg"", ""Se (selenito de sodio)"": ""0,05 mg/kg""}";Imagenes_Alimentos/GrupoMOR/gatos/Bravery/bravery-bravery-chicken-adult-cat-2-kg.jpg;https://grupomor.cl/wp-content/uploads/2022/06/4GA020029.jpg;https://grupomor.cl/producto/bravery-chicken-adult-cat-2-kg/
bravery-bravery-chicken-kitten-2-kg;Grupo MOR;Bravery;gato;cachorro;BRAVERY CHICKEN KITTEN 2 KG;2.05 kg, 2 kg;• Elaborado con 100% carne de pollo deshidratada • Hipoalergénico y monoproteico • Libre de granos y gluten • Adecuado para gatos con sensibilidades, alergias o intolerancias • Ayuda a asegurar un crecimiento armonioso, un sistema inmunológico eficiente y una vitalidad plena. • Proporciona una alimentación completa y equilibrada para tu gato. • Sin colorantes, sabores ni conservantes artificiales añadidos • Ideal para los gatitos desde el destete hasta los 12 meses;Carne de pollo deshidratada, tapioca, grasa de ave (fuente de ácidos grasos Ω – 6), proteína hidrolizada de pollo, guisantes, levadura y extracto de levadura – Saccharomyces cerevisiae (fuente de mananooligosacáridos – MOS y β – glucanos), hígado de pollo hidrolizado, aceite de pescado (fuente de ácidos grasos Ω – 3 – EPA y DHA), vaina de algarroba, huevo entero deshidratado, proteína de patata, boniato, pulpa de remolacha, Inulina (fibra soluble de achicoria, fuente fosfooligosacáridos – FOS), celulosa natural (fuente de fibra insoluble), minerales, fibra dietética soluble extraída de Plantago ovata, aceites esenciales (orégano, canela, clavo, tomillo, romero, hierbabuena, té verde), hidrolizado de crustáceos (fuente de glucosamina), hidrolizado de cartílago (fuente de condroitina), yuca, concentrado de zumo de melón liofilizado (rico en superóxido dismutasa – SOD).;"{""vitamina E"": ""600 mg/kg"", ""vitamina C"": ""300 mg/kg"", ""carnitina"": ""120 mg/kg"", ""cloruro de colina"": ""3.220 mg/kg"", ""Fe (sulfato ferroso monohidratado)"": ""60 mg/kg"", ""Zn (sulfato de zinc monohidratado)"": ""50 mg/kg"", ""I (yoduro de potasio)"": ""3,8 mg/kg"", ""Se (selenito de sodio)"": ""0,05 mg/kg""}";Imagenes_Alimentos/GrupoMOR/gatos/Bravery/bravery-bravery-chicken-kitten-2-kg.jpg;https://grupomor.cl/wp-content/uploads/2022/06/4GA020031.jpg;https://grupomor.cl/producto/bravery-chicken-kitten-2-kg/
bravery-bravery-light-iberian-pork-mini-adult-small-breeds-7-kg;Grupo MOR;Bravery;perro;adulto;BRAVERY LIGHT IBERIAN PORK MINI ADULT SMALL BREEDS 7 KG;7.15 kg, 7 kg;• Elaborado con 100% carne de cerdo ibérico light deshidratada • Hipoalergénico y monoproteico • Libre de granos y gluten • Adecuado para perros sensibles, intolerantes o alérgicos;• Sin colorantes, saborizantes ni conservantes artificiales añadidos • Ideal para perros adultos de tamaño pequeño a partir del año con un peso como máximo de 10 kilos Carne de cerdo ibérico deshidratada, tapioca, guisantes, grasa de ave (fuente de ácidos grasos Ω – 6), fibra de guisantes, celulosa natural (fuente de fibra insoluble), levadura y extracto de levadura – Saccharomyces cerevisiae (fuente de mananooligosacáridos – MOS y β – glucanos), boniato, vaina de algarroba, pulpa de remolacha, aceite de pescado (fuente de ácidos grasos Ω – 3 – EPA y DHA), proteína hidrolizada de cerdo, proteína de patata, Inulina (fibra soluble de achicoria, fuente fosfooligosacáridos – FOS), minerales, fibra dietética soluble extraída de Plantago ovata, aceites esenciales (orégano, canela, clavo, tomillo, romero, hierbabuena, té verde), hidrolizado de crustáceos (fuente de glucosamina), hidrolizado de cartílago (fuente de condroitina), yuca, concentrado de zumo de melón liofilizado (rico en superóxido dismutasa – SOD).;"{""vitamina E"": ""460 mg/kg"", ""vitamina C"": ""200 mg/kg"", ""Carnitina"": ""200 mg/kg"", ""cloruro de colina"": ""1.800 mg/kg"", ""Fe (sulfato ferroso monohidratado)"": ""60 mg/kg"", ""Zn (sulfato de zinc monohidratado)"": ""76 mg/kg"", ""I (yoduro de potasio)"": ""2 mg/kg"", ""Se (selenito de sodio)"": ""0,11 mg/kg""}";Imagenes_Alimentos/GrupoMOR/perros/Bravery/bravery-bravery-light-iberian-pork-mini-adult-small-breeds-7-kg.jpg;https://grupomor.cl/wp-content/uploads/2022/06/4PE070006.jpg;https://grupomor.cl/producto/bravery-light-iberian-pork-mini-adult-small-breeds-7-kg/
bravery-bravery-light-iberian-pork-mini-adult-small-breeds-2-kg;Grupo MOR;Bravery;perro;adulto;BRAVERY LIGHT IBERIAN PORK MINI ADULT SMALL BREEDS 2 KG;2.05 kg, 2 kg;• Elaborado con 100% carne de cerdo ibérico light deshidratada • Hipoalergénico y monoproteico • Libre de granos y gluten • Adecuado para perros sensibles, intolerantes o alérgicos;• Sin colorantes, saborizantes ni conservantes artificiales añadidos • Ideal para perros adultos de tamaño pequeño a partir del año con un peso como máximo de 10 kilos Carne de cerdo ibérico deshidratada, tapioca, guisantes, grasa de ave (fuente de ácidos grasos Ω – 6), fibra de guisantes, celulosa natural (fuente de fibra insoluble), levadura y extracto de levadura – Saccharomyces cerevisiae (fuente de mananooligosacáridos – MOS y β – glucanos), boniato, vaina de algarroba, pulpa de remolacha, aceite de pescado (fuente de ácidos grasos Ω – 3 – EPA y DHA), proteína hidrolizada de cerdo, proteína de patata, Inulina (fibra soluble de achicoria, fuente fosfooligosacáridos – FOS), minerales, fibra dietética soluble extraída de Plantago ovata, aceites esenciales (orégano, canela, clavo, tomillo, romero, hierbabuena, té verde), hidrolizado de crustáceos (fuente de glucosamina), hidrolizado de cartílago (fuente de condroitina), yuca, concentrado de zumo de melón liofilizado (rico en superóxido dismutasa – SOD).;"{""vitamina E"": ""460 mg/kg"", ""vitamina C"": ""200 mg/kg"", ""Carnitina"": ""200 mg/kg"", ""cloruro de colina"": ""1.800 mg/kg"", ""Fe (sulfato ferroso monohidratado)"": ""60 mg/kg"", ""Zn (sulfato de zinc monohidratado)"": ""76 mg/kg"", ""I (yoduro de potasio)"": ""2 mg/kg"", ""Se (selenito de sodio)"": ""0,11 mg/kg""}";Imagenes_Alimentos/GrupoMOR/perros/Bravery/bravery-bravery-light-iberian-pork-mini-adult-small-breeds-2-kg.jpg;https://grupomor.cl/wp-content/uploads/2022/06/4PE020011.jpg;https://grupomor.cl/producto/bravery-light-iberian-pork-mini-adult-small-breeds-2-kg/
bravery-bravery-light-iberian-pork-adult-large-medium-breeds-4-kg;Grupo MOR;Bravery;perro;adulto;BRAVERY LIGHT IBERIAN PORK ADULT LARGE/MEDIUM BREEDS 4 KG;4.1 kg, 4 kg;• Elaborado con 100% carne de cerdo ibérico deshidratada • Hipoalergénico y monoproteico • Libre de granos y gluten • Adecuado para perros sensibles, intolerantes o alérgicos;• Sin colorantes, saborizantes ni conservantes artificiales añadidos • Ideal para perros adultos de tamaño mediano y grande a partir del año con un peso mayor a 12 kilos Carne de cerdo ibérico deshidratada, tapioca, guisantes, grasa de ave (fuente de ácidos grasos Ω – 6), fibra de guisantes, celulosa natural (fuente de fibra insoluble), levadura y extracto de levadura – Saccharomyces cerevisiae (fuente de mananooligosacáridos – MOS y β – glucanos), boniato, vaina de algarroba, pulpa de remolacha, aceite de pescado (fuente de ácidos grasos Ω – 3 – EPA y DHA), proteína hidrolizada de cerdo, proteína de patata, Inulina (fibra soluble de achicoria, fuente fosfooligosacáridos – FOS), minerales, fibra dietética soluble extraída de Plantago ovata, aceites esenciales (orégano, canela, clavo, tomillo, romero, hierbabuena, té verde), hidrolizado de crustáceos (fuente de glucosamina), hidrolizado de cartílago (fuente de condroitina), yuca, concentrado de zumo de melón liofilizado (rico en superóxido dismutasa – SOD).;"{""vitamina E"": ""460 mg/kg"", ""vitamina C"": ""200 mg/kg"", ""Carnitina"": ""200 mg/kg"", ""cloruro de colina"": ""1.800 mg/kg"", ""Fe (sulfato ferroso monohidratado)"": ""60 mg/kg"", ""Zn (sulfato de zinc monohidratado)"": ""76 mg/kg"", ""I (yoduro de potasio)"": ""2 mg/kg"", ""Se (selenito de sodio)"": ""0,11 mg/kg""}";Imagenes_Alimentos/GrupoMOR/perros/Bravery/bravery-bravery-light-iberian-pork-adult-large-medium-breeds-4-kg.jpg;https://grupomor.cl/wp-content/uploads/2022/06/4PE040068.jpg;https://grupomor.cl/producto/bravery-light-iberian-pork-adult-large-medium-breeds-4-kg/
bravery-bravery-light-iberian-pork-adult-large-medium-breeds-12-kg;Grupo MOR;Bravery;perro;adulto;BRAVERY LIGHT IBERIAN PORK ADULT LARGE/MEDIUM BREEDS 12 KG;12.3 kg, 12 kg;• Elaborado con 100% carne de cerdo ibérico deshidratada • Hipoalergénico y monoproteico • Libre de granos y gluten • Adecuado para perros sensibles, intolerantes o alérgicos;• Sin colorantes, saborizantes ni conservantes artificiales añadidos • Ideal para perros adultos de tamaño mediano y grande a partir del año con un peso mayor a 12 kilos Carne de cerdo ibérico deshidratada, tapioca, guisantes, grasa de ave (fuente de ácidos grasos Ω – 6), fibra de guisantes, celulosa natural (fuente de fibra insoluble), levadura y extracto de levadura – Saccharomyces cerevisiae (fuente de mananooligosacáridos – MOS y β – glucanos), boniato, vaina de algarroba, pulpa de remolacha, aceite de pescado (fuente de ácidos grasos Ω – 3 – EPA y DHA), proteína hidrolizada de cerdo, proteína de patata, Inulina (fibra soluble de achicoria, fuente fosfooligosacáridos – FOS), minerales, fibra dietética soluble extraída de Plantago ovata, aceites esenciales (orégano, canela, clavo, tomillo, romero, hierbabuena, té verde), hidrolizado de crustáceos (fuente de glucosamina), hidrolizado de cartílago (fuente de condroitina), yuca, concentrado de zumo de melón liofilizado (rico en superóxido dismutasa – SOD).;"{""vitamina E"": ""460 mg/kg"", ""vitamina C"": ""200 mg/kg"", ""Carnitina"": ""200 mg/kg"", ""cloruro de colina"": ""1.800 mg/kg"", ""Fe (sulfato ferroso monohidratado)"": ""60 mg/kg"", ""Zn (sulfato de zinc monohidratado)"": ""76 mg/kg"", ""I (yoduro de potasio)"": ""2 mg/kg"", ""Se (selenito de sodio)"": ""0,11 mg/kg""}";Imagenes_Alimentos/GrupoMOR/perros/Bravery/bravery-bravery-light-iberian-pork-adult-large-medium-breeds-12-kg.jpg;https://grupomor.cl/wp-content/uploads/2022/06/4PE120015.jpg;https://grupomor.cl/producto/bravery-light-iberian-pork-adult-large-medium-breeds-12-kg/
bravery-bravery-lamb-mini-adult-small-breeds-7-kg;Grupo MOR;Bravery;perro;adulto;BRAVERY LAMB MINI ADULT SMALL BREEDS 7 KG;7.15 kg, 7 kg;• Elaborado con 100% carne de cordero deshidratada • Hipoalergénico y monoproteico • Libre de granos y gluten • Adecuado para perros sensibles, intolerantes o alérgicos;• Sin colorantes, saborizantes ni conservantes artificiales añadidos • Ideal para perros adultos de tamaño pequeño a partir del año con un peso como máximo de 10 kilos Carne de cordero deshidratada, tapioca, grasa de ave (fuente de ácidos grasos Ω – 6), guisantes, levadura y extracto de levadura – Saccharomyces cerevisiae (fuente de mananooligosacáridos – MOS y β – glucanos), aceite de pescado (fuente de ácidos grasos Ω – 3 – EPA y DHA), boniato, vaina de algarroba, proteína de patata, pulpa de remolacha, Inulina (fibra soluble de achicoria, fuente fosfooligosacáridos – FOS), celulosa natural (fuente de fibra insoluble), minerales, fibra dietética soluble extraída de Plantago ovata, aceites esenciales (orégano, canela, clavo, tomillo, romero, hierbabuena, té verde), hidrolizado de crustáceos (fuente de glucosamina), hidrolizado de cartílago (fuente de condroitina), yuca, concentrado de zumo de melón liofilizado (rico en superóxido dismutasa – SOD).;"{""vitamina E"": ""460 mg/kg"", ""vitamina C"": ""200 mg/kg"", ""Carnitina"": ""200 mg/kg"", ""cloruro de colina"": ""1.800 mg/kg"", ""Fe (sulfato ferroso monohidratado)"": ""60 mg/kg"", ""Zn (sulfato de zinc monohidratado)"": ""76 mg/kg"", ""I (yoduro de potasio)"": ""2 mg/kg"", ""Se (selenito de sodio)"": ""0,11 mg/kg""}";Imagenes_Alimentos/GrupoMOR/perros/Bravery/bravery-bravery-lamb-mini-adult-small-breeds-7-kg.jpg;https://grupomor.cl/wp-content/uploads/2022/06/4PE070001-BRAVERY-LAMB-MINI-ADULT-SMALL-BREEDS-7-KG.jpg;https://grupomor.cl/producto/bravery-lamb-mini-adult-small-breeds-7-kg/
bravery-bravery-lamb-mini-adult-small-breeds-2-kg;Grupo MOR;Bravery;perro;adulto;BRAVERY LAMB MINI ADULT SMALL BREEDS 2 KG;2.05 kg, 2 kg;• Elaborado con 100% carne de cordero deshidratada • Hipoalergénico y monoproteico • Libre de granos y gluten • Adecuado para perros sensibles, intolerantes o alérgicos;• Sin colorantes, saborizantes ni conservantes artificiales añadidos • Ideal para perros adultos de tamaño pequeño a partir del año con un peso como máximo de 10 kilos Carne de cordero deshidratada, tapioca, grasa de ave (fuente de ácidos grasos Ω – 6), guisantes, levadura y extracto de levadura – Saccharomyces cerevisiae (fuente de mananooligosacáridos – MOS y β – glucanos), aceite de pescado (fuente de ácidos grasos Ω – 3 – EPA y DHA), boniato, vaina de algarroba, proteína de patata, pulpa de remolacha, Inulina (fibra soluble de achicoria, fuente fosfooligosacáridos – FOS), celulosa natural (fuente de fibra insoluble), minerales, fibra dietética soluble extraída de Plantago ovata, aceites esenciales (orégano, canela, clavo, tomillo, romero, hierbabuena, té verde), hidrolizado de crustáceos (fuente de glucosamina), hidrolizado de cartílago (fuente de condroitina), yuca, concentrado de zumo de melón liofilizado (rico en superóxido dismutasa – SOD).;"{""vitamina E"": ""460 mg/kg"", ""vitamina C"": ""200 mg/kg"", ""Carnitina"": ""200 mg/kg"", ""cloruro de colina"": ""1.800 mg/kg"", ""Fe (sulfato ferroso monohidratado)"": ""60 mg/kg"", ""Zn (sulfato de zinc monohidratado)"": ""76 mg/kg"", ""I (yoduro de potasio)"": ""2 mg/kg"", ""Se (selenito de sodio)"": ""0,11 mg/kg""}";Imagenes_Alimentos/GrupoMOR/perros/Bravery/bravery-bravery-lamb-mini-adult-small-breeds-2-kg.jpg;https://grupomor.cl/wp-content/uploads/2022/06/4PE020003.jpg;https://grupomor.cl/producto/bravery-lamb-mini-adult-small-breeds-2-kg/
bravery-bravery-lamb-adult-large-medium-breed-4-kg;Grupo MOR;Bravery;perro;adulto;BRAVERY LAMB ADULT LARGE/MEDIUM BREED 4 KG;4.1 kg, 4 kg;• Elaborado con 100% carne de cordero deshidratada • Hipoalergénico y monoproteico • Libre de granos y gluten • Adecuado para perros sensibles, intolerantes o alérgicos;• Sin colorantes, saborizantes ni conservantes artificiales añadidos • Ideal para perros adultos de tamaño mediano y grande a partir del año con un peso mayor a 12 kilos Carne de cordero deshidratada, tapioca, grasa de ave (fuente de ácidos grasos Ω – 6), guisantes, levadura y extracto de levadura – Saccharomyces cerevisiae (fuente de mananooligosacáridos – MOS y β – glucanos), aceite de pescado (fuente de ácidos grasos Ω – 3 – EPA y DHA), boniato, vaina de algarroba, proteína de patata, pulpa de remolacha, Inulina (fibra soluble de achicoria, fuente fosfooligosacáridos – FOS), celulosa natural (fuente de fibra insoluble), minerales, fibra dietética soluble extraída de Plantago ovata, aceites esenciales (orégano, canela, clavo, tomillo, romero, hierbabuena, té verde), hidrolizado de crustáceos (fuente de glucosamina), hidrolizado de cartílago (fuente de condroitina), yuca, concentrado de zumo de melón liofilizado (rico en superóxido dismutasa – SOD).;"{""vitamina E"": ""460 mg/kg"", ""vitamina C"": ""200 mg/kg"", ""Carnitina"": ""200 mg/kg"", ""cloruro de colina"": ""1.800 mg/kg"", ""Fe (sulfato ferroso monohidratado)"": ""60 mg/kg"", ""Zn (sulfato de zinc monohidratado)"": ""76 mg/kg"", ""I (yoduro de potasio)"": ""2 mg/kg"", ""Se (selenito de sodio)"": ""0,11 mg/kg""}";Imagenes_Alimentos/GrupoMOR/perros/Bravery/bravery-bravery-lamb-adult-large-medium-breed-4-kg.jpg;https://grupomor.cl/wp-content/uploads/2022/06/4PE040063.jpg;https://grupomor.cl/producto/bravery-lamb-adult-large-medium-breed-4-kg/
bravery-bravery-lamb-adult-large-medium-breed-12-kg;Grupo MOR;Bravery;perro;adulto;BRAVERY LAMB ADULT LARGE/MEDIUM BREED 12 KG;12.3 kg, 12 kg;• Elaborado con 100% carne de cordero deshidratada • Hipoalergénico y monoproteico • Libre de granos y gluten • Adecuado para perros sensibles, intolerantes o alérgicos;• Sin colorantes, saborizantes ni conservantes artificiales añadidos • Ideal para perros adultos de tamaño mediano y grande a partir del año con un peso mayor a 12 kilos Carne de cordero deshidratada, tapioca, grasa de ave (fuente de ácidos grasos Ω – 6), guisantes, levadura y extracto de levadura – Saccharomyces cerevisiae (fuente de mananooligosacáridos – MOS y β – glucanos), aceite de pescado (fuente de ácidos grasos Ω – 3 – EPA y DHA), boniato, vaina de algarroba, proteína de patata, pulpa de remolacha, Inulina (fibra soluble de achicoria, fuente fosfooligosacáridos – FOS), celulosa natural (fuente de fibra insoluble), minerales, fibra dietética soluble extraída de Plantago ovata, aceites esenciales (orégano, canela, clavo, tomillo, romero, hierbabuena, té verde), hidrolizado de crustáceos (fuente de glucosamina), hidrolizado de cartílago (fuente de condroitina), yuca, concentrado de zumo de melón liofilizado (rico en superóxido dismutasa – SOD).;"{""vitamina E"": ""460 mg/kg"", ""vitamina C"": ""200 mg/kg"", ""Carnitina"": ""200 mg/kg"", ""cloruro de colina"": ""1.800 mg/kg"", ""Fe (sulfato ferroso monohidratado)"": ""60 mg/kg"", ""Zn (sulfato de zinc monohidratado)"": ""76 mg/kg"", ""I (yoduro de potasio)"": ""2 mg/kg"", ""Se (selenito de sodio)"": ""0,11 mg/kg""}";Imagenes_Alimentos/GrupoMOR/perros/Bravery/bravery-bravery-lamb-adult-large-medium-breed-12-kg.jpg;https://grupomor.cl/wp-content/uploads/2022/06/4PE120005.jpg;https://grupomor.cl/producto/bravery-lamb-adult-large-medium-breed-12-kg/
bravery-bravery-salmon-mini-adult-small-breeds-7-kg;Grupo MOR;Bravery;perro;adulto;BRAVERY SALMON MINI ADULT SMALL BREEDS 7 KG;7.15 kg, 7 kg;• Elaborado con 100% carne de salmón deshidratada • Hipoalergénico y monoproteico • Libre de granos y gluten • Adecuado para perros sensibles, intolerantes o alérgicos;• Sin colorantes, saborizantes ni conservantes artificiales añadidos • Ideal para perros de tamaño pequeño a partir del año con un peso como máximo de 10 kilos Salmón deshidratado, tapioca, grasa de ave (fuente de ácidos grasos Ω – 6), guisantes, levadura y extracto de levadura – Saccharomyces cerevisiae (fuente de mananooligosacáridos – MOS y β – glucanos), proteína hidrolizada de salmón, aceite de salmón (fuente de ácidos grasos Ω – 3 – EPA y DHA), vaina de algarroba, proteína de patata, boniato, pulpa de remolacha, Inulina (fibra soluble de achicoria, fuente fosfooligosacáridos – FOS), celulosa natural (fuente de fibra insoluble), minerales, fibra dietética soluble extraída de Plantago ovata, aceites esenciales (orégano, canela, clavo, tomillo, romero, hierbabuena, té verde), hidrolizado de crustáceos (fuente de glucosamina), hidrolizado de cartílago (fuente de condroitina), yuca, concentrado de zumo de melón liofilizado (rico en superóxido dismutasa – SOD).;"{""vitamina E"": ""460 mg/kg"", ""vitamina C"": ""200 mg/kg"", ""carnitina"": ""200 mg/kg"", ""cloruro de colina"": ""1.800 mg/kg"", ""Fe (sulfato ferroso monohidratado)"": ""60 mg/kg"", ""Zn (sulfato de zinc monohidratado)"": ""76 mg/kg"", ""I (yoduro de potasio)"": ""2 mg/kg"", ""Se (selenito de sodio)"": ""0,11 mg/kg""}";Imagenes_Alimentos/GrupoMOR/perros/Bravery/bravery-bravery-salmon-mini-adult-small-breeds-7-kg.jpg;https://grupomor.cl/wp-content/uploads/2022/06/4PE070004.jpg;https://grupomor.cl/producto/bravery-salmon-mini-adult-small-breeds-7-kg/
bravery-bravery-salmon-mini-adult-small-breeds-2-kg;Grupo MOR;Bravery;perro;adulto;BRAVERY SALMON MINI ADULT SMALL BREEDS 2 KG;2.05 kg, 2 kg;• Elaborado con 100% carne de salmón deshidratada • Hipoalergénico y monoproteico • Libre de granos y gluten • Adecuado para perros sensibles, intolerantes o alérgicos;• Sin colorantes, saborizantes ni conservantes artificiales añadidos • Ideal para perros de tamaño pequeño a partir del año con un peso como máximo de 10 kilos Salmón deshidratado, tapioca, grasa de ave (fuente de ácidos grasos Ω – 6), guisantes, levadura y extracto de levadura – Saccharomyces cerevisiae (fuente de mananooligosacáridos – MOS y β – glucanos), proteína hidrolizada de salmón, aceite de salmón (fuente de ácidos grasos Ω – 3 – EPA y DHA), vaina de algarroba, proteína de patata, boniato, pulpa de remolacha, Inulina (fibra soluble de achicoria, fuente fosfooligosacáridos – FOS), celulosa natural (fuente de fibra insoluble), minerales, fibra dietética soluble extraída de Plantago ovata, aceites esenciales (orégano, canela, clavo, tomillo, romero, hierbabuena, té verde), hidrolizado de crustáceos (fuente de glucosamina), hidrolizado de cartílago (fuente de condroitina), yuca, concentrado de zumo de melón liofilizado (rico en superóxido dismutasa – SOD).;"{""vitamina E"": ""460 mg/kg"", ""vitamina C"": ""200 mg/kg"", ""carnitina"": ""200 mg/kg"", ""cloruro de colina"": ""1.800 mg/kg"", ""Fe (sulfato ferroso monohidratado)"": ""60 mg/kg"", ""Zn (sulfato de zinc monohidratado)"": ""76 mg/kg"", ""I (yoduro de potasio)"": ""2 mg/kg"", ""Se (selenito de sodio)"": ""0,11 mg/kg""}";Imagenes_Alimentos/GrupoMOR/perros/Bravery/bravery-bravery-salmon-mini-adult-small-breeds-2-kg.jpg;https://grupomor.cl/wp-content/uploads/2022/06/4PE020006.jpg;https://grupomor.cl/producto/bravery-salmon-mini-adult-small-breeds-2-kg/
bravery-bravery-salmon-adult-large-medium-breed-4-kg;Grupo MOR;Bravery;perro;adulto;BRAVERY SALMON ADULT LARGE/MEDIUM BREED 4 KG;4.1 kg, 4 kg;• Elaborado con 100% carne de salmón deshidratada • Hipoalergénico y monoproteico • Libre de granos y gluten • Adecuado para perros sensibles, intolerantes o alérgicos;• Sin colorantes, saborizantes ni conservantes artificiales añadidos • Ideal para perros de tamaño mediano y grande a partir del año con un peso mayor a 12 kilos. Salmón deshidratado, tapioca, grasa de ave (fuente de ácidos grasos Ω – 6), guisantes, levadura y extracto de levadura – Saccharomyces cerevisiae (fuente de mananooligosacáridos – MOS y β – glucanos), proteína hidrolizada de salmón, aceite de salmón (fuente de ácidos grasos Ω – 3 – EPA y DHA), vaina de algarroba, proteína de patata, boniato, pulpa de remolacha, Inulina (fibra soluble de achicoria, fuente fosfooligosacáridos – FOS), celulosa natural (fuente de fibra insoluble), minerales, fibra dietética soluble extraída de Plantago ovata, aceites esenciales (orégano, canela, clavo, tomillo, romero, hierbabuena, té verde), hidrolizado de crustáceos (fuente de glucosamina), hidrolizado de cartílago (fuente de condroitina), yuca, concentrado de zumo de melón liofilizado (rico en superóxido dismutasa – SOD).;"{""vitamina E"": ""460 mg/kg"", ""vitamina C"": ""200 mg/kg"", ""carnitina"": ""200 mg/kg"", ""cloruro de colina"": ""1.800 mg/kg"", ""Fe (sulfato ferroso monohidratado)"": ""60 mg/kg"", ""Zn (sulfato de zinc monohidratado)"": ""76 mg/kg"", ""I (yoduro de potasio)"": ""2 mg/kg"", ""Se (selenito de sodio)"": ""0,11 mg/kg""}";Imagenes_Alimentos/GrupoMOR/perros/Bravery/bravery-bravery-salmon-adult-large-medium-breed-4-kg.jpg;https://grupomor.cl/wp-content/uploads/2022/06/4PE040066.jpg;https://grupomor.cl/producto/bravery-salmon-adult-large-medium-breed-4-kg/
bravery-bravery-salmon-adult-large-medium-breed-12-kg;Grupo MOR;Bravery;perro;adulto;BRAVERY SALMON ADULT LARGE/MEDIUM BREED 12 KG;12.3 kg, 12 kg;• Elaborado con 100% carne de salmón deshidratada • Hipoalergénico y monoproteico • Libre de granos y gluten • Adecuado para perros sensibles, intolerantes o alérgicos;• Sin colorantes, saborizantes ni conservantes artificiales añadidos • Ideal para perros de tamaño mediano y grande a partir del año con un peso mayor a 12 kilos. Salmón deshidratado, tapioca, grasa de ave (fuente de ácidos grasos Ω – 6), guisantes, levadura y extracto de levadura – Saccharomyces cerevisiae (fuente de mananooligosacáridos – MOS y β – glucanos), proteína hidrolizada de salmón, aceite de salmón (fuente de ácidos grasos Ω – 3 – EPA y DHA), vaina de algarroba, proteína de patata, boniato, pulpa de remolacha, Inulina (fibra soluble de achicoria, fuente fosfooligosacáridos – FOS), celulosa natural (fuente de fibra insoluble), minerales, fibra dietética soluble extraída de Plantago ovata, aceites esenciales (orégano, canela, clavo, tomillo, romero, hierbabuena, té verde), hidrolizado de crustáceos (fuente de glucosamina), hidrolizado de cartílago (fuente de condroitina), yuca, concentrado de zumo de melón liofilizado (rico en superóxido dismutasa – SOD).;"{""vitamina E"": ""460 mg/kg"", ""vitamina C"": ""200 mg/kg"", ""carnitina"": ""200 mg/kg"", ""cloruro de colina"": ""1.800 mg/kg"", ""Fe (sulfato ferroso monohidratado)"": ""60 mg/kg"", ""Zn (sulfato de zinc monohidratado)"": ""76 mg/kg"", ""I (yoduro de potasio)"": ""2 mg/kg"", ""Se (selenito de sodio)"": ""0,11 mg/kg""}";Imagenes_Alimentos/GrupoMOR/perros/Bravery/bravery-bravery-salmon-adult-large-medium-breed-12-kg.jpg;https://grupomor.cl/wp-content/uploads/2022/06/4PE120008.jpg;https://grupomor.cl/producto/bravery-salmon-adult-large-medium-breed-12-kg/
bravery-bravery-iberian-pork-mini-adult-small-breeds-7-kg;Grupo MOR;Bravery;perro;adulto;BRAVERY IBERIAN PORK MINI ADULT SMALL BREEDS 7 KG;7.15 kg, 7 kg;• Elaborado con 100% carne de cerdo ibérico deshidratada • Hipoalergénico y monoproteico • Libre de granos y gluten • Adecuado para perros sensibles, intolerantes o alérgicos;• Sin colorantes, saborizantes ni conservantes artificiales añadidos • Ideal para perros adultos de tamaño pequeño a partir del año con un peso como máximo de 10 kilos Carne de cerdo ibérico deshidratada, tapioca, grasa de ave (fuente de ácidos grasos Ω – 6), guisantes, levadura y extracto de levadura – Saccharomyces cerevisiae (fuente de mananooligosacáridos – MOS y β – glucanos), aceite de pescado (fuente de ácidos grasos Ω – 3 – EPA y DHA), boniato, vaina de algarroba, proteína de patata, pulpa de remolacha, proteína hidrolizada de cerdo, Inulina (fibra soluble de achicoria, fuente fosfooligosacáridos – FOS), celulosa natural (fuente de fibra insoluble), minerales, fibra dietética soluble extraída de Plantago ovata, aceites esenciales (orégano, canela, clavo, tomillo, romero, hierbabuena, té verde), hidrolizado de crustáceos (fuente de glucosamina), hidrolizado de cartílago (fuente de condroitina), yuca, concentrado de zumo de melón liofilizado (rico en superóxido dismutasa – SOD).;"{""vitamina E"": ""460 mg/kg"", ""vitamina C"": ""200 mg/kg"", ""carnitina"": ""200 mg/kg"", ""cloruro de colina"": ""1.800 mg/kg"", ""Fe (sulfato ferroso monohidratado)"": ""60 mg/kg"", ""Zn (sulfato de zinc monohidratado)"": ""76 mg/kg"", ""I (yoduro de potasio)"": ""2 mg/kg"", ""Se (selenito de sodio)"": ""0,11 mg/kg""}";Imagenes_Alimentos/GrupoMOR/perros/Bravery/bravery-bravery-iberian-pork-mini-adult-small-breeds-7-kg.jpg;https://grupomor.cl/wp-content/uploads/2022/06/4PE070002.jpg;https://grupomor.cl/producto/bravery-iberian-pork-mini-adult-small-breeds-7-kg/
bravery-bravery-iberian-pork-mini-adult-small-breeds-2-kg;Grupo MOR;Bravery;perro;adulto;BRAVERY IBERIAN PORK MINI ADULT SMALL BREEDS 2 KG;2.05 kg, 2 kg;• Elaborado con 100% carne de cerdo ibérico deshidratada • Hipoalergénico y monoproteico • Libre de granos y gluten • Adecuado para perros sensibles, intolerantes o alérgicos;• Sin colorantes, saborizantes ni conservantes artificiales añadidos • Ideal para perros adultos de tamaño pequeño a partir del año con un peso como máximo de 10 kilos Carne de cerdo ibérico deshidratada, tapioca, grasa de ave (fuente de ácidos grasos Ω – 6), guisantes, levadura y extracto de levadura – Saccharomyces cerevisiae (fuente de mananooligosacáridos – MOS y β – glucanos), aceite de pescado (fuente de ácidos grasos Ω – 3 – EPA y DHA), boniato, vaina de algarroba, proteína de patata, pulpa de remolacha, proteína hidrolizada de cerdo, Inulina (fibra soluble de achicoria, fuente fosfooligosacáridos – FOS), celulosa natural (fuente de fibra insoluble), minerales, fibra dietética soluble extraída de Plantago ovata, aceites esenciales (orégano, canela, clavo, tomillo, romero, hierbabuena, té verde), hidrolizado de crustáceos (fuente de glucosamina), hidrolizado de cartílago (fuente de condroitina), yuca, concentrado de zumo de melón liofilizado (rico en superóxido dismutasa – SOD).;"{""vitamina E"": ""460 mg/kg"", ""vitamina C"": ""200 mg/kg"", ""Carnitina"": ""200 mg/kg"", ""cloruro de colina"": ""1.800 mg/kg"", ""Fe (sulfato ferroso monohidratado)"": ""60 mg/kg"", ""Zn (sulfato de zinc monohidratado)"": ""76 mg/kg"", ""I (yoduro de potasio)"": ""2 mg/kg"", ""Se (selenito de sodio)"": ""0,11 mg/kg""}";Imagenes_Alimentos/GrupoMOR/perros/Bravery/bravery-bravery-iberian-pork-mini-adult-small-breeds-2-kg.jpg;https://grupomor.cl/wp-content/uploads/2022/06/4PE020004.jpg;https://grupomor.cl/producto/bravery-iberian-pork-mini-adult-small-breeds-2-kg/
bravery-bravery-iberian-pork-adult-large-medium-breeds-4-kg;Grupo MOR;Bravery;perro;adulto;BRAVERY IBERIAN PORK ADULT LARGE/MEDIUM BREEDS 4 KG;4.1 kg, 4 kg;• Elaborado con 100% carne de cerdo ibérico deshidratada • Hipoalergénico y monoproteico • Libre de granos y gluten • Adecuado para perros sensibles, intolerantes o alérgicos;• Sin colorantes, saborizantes ni conservantes artificiales añadidos • Ideal para perros adultos de tamaño mediano y grande a partir del año con un peso mayor a 12 kilos Carne de cerdo ibérico deshidratada, tapioca, grasa de ave (fuente de ácidos grasos Ω – 6), guisantes, levadura y extracto de levadura – Saccharomyces cerevisiae (fuente de mananooligosacáridos – MOS y β – glucanos), aceite de pescado (fuente de ácidos grasos Ω – 3 – EPA y DHA), boniato, vaina de algarroba, proteína de patata, pulpa de remolacha, proteína hidrolizada de cerdo, Inulina (fibra soluble de achicoria, fuente fosfooligosacáridos – FOS), celulosa natural (fuente de fibra insoluble), minerales, fibra dietética soluble extraída de Plantago ovata, aceites esenciales (orégano, canela, clavo, tomillo, romero, hierbabuena, té verde), hidrolizado de crustáceos (fuente de glucosamina), hidrolizado de cartílago (fuente de condroitina), yuca, concentrado de zumo de melón liofilizado (rico en superóxido dismutasa – SOD).;"{""vitamina E"": ""460 mg/kg"", ""vitamina C"": ""200 mg/kg"", ""carnitina"": ""200 mg/kg"", ""cloruro de colina"": ""1.800 mg/kg"", ""Fe (sulfato ferroso monohidratado)"": ""60 mg/kg"", ""Zn (sulfato de zinc monohidratado)"": ""76 mg/kg"", ""I (yoduro de potasio)"": ""2 mg/kg"", ""Se (selenito de sodio)"": ""0,11 mg/kg""}";Imagenes_Alimentos/GrupoMOR/perros/Bravery/bravery-bravery-iberian-pork-adult-large-medium-breeds-4-kg.jpg;https://grupomor.cl/wp-content/uploads/2022/06/4PE040064.jpg;https://grupomor.cl/producto/bravery-iberian-pork-adult-large-medium-breeds-4-kg/
bravery-bravery-iberian-pork-adult-large-medium-breeds-12-kg;Grupo MOR;Bravery;perro;adulto;BRAVERY IBERIAN PORK ADULT LARGE/MEDIUM BREEDS 12 KG;12.3 kg, 12 kg;• Elaborado con 100% carne de cerdo ibérico deshidratada • Hipoalergénico y monoproteico • Libre de granos y gluten • Adecuado para perros sensibles, intolerantes o alérgicos;• Sin colorantes, saborizantes ni conservantes artificiales añadidos • Ideal para perros adultos de tamaño mediano y grande a partir del año con un peso mayor a 12 kilos Carne de cerdo ibérico deshidratada, tapioca, grasa de ave (fuente de ácidos grasos Ω – 6), guisantes, levadura y extracto de levadura – Saccharomyces cerevisiae (fuente de mananooligosacáridos – MOS y β – glucanos), aceite de pescado (fuente de ácidos grasos Ω – 3 – EPA y DHA), boniato, vaina de algarroba, proteína de patata, pulpa de remolacha, proteína hidrolizada de cerdo, Inulina (fibra soluble de achicoria, fuente fosfooligosacáridos – FOS), celulosa natural (fuente de fibra insoluble), minerales, fibra dietética soluble extraída de Plantago ovata, aceites esenciales (orégano, canela, clavo, tomillo, romero, hierbabuena, té verde), hidrolizado de crustáceos (fuente de glucosamina), hidrolizado de cartílago (fuente de condroitina), yuca, concentrado de zumo de melón liofilizado (rico en superóxido dismutasa – SOD).;"{""vitamina E"": ""460 mg/kg"", ""vitamina C"": ""200 mg/kg"", ""carnitina"": ""200 mg/kg"", ""cloruro de colina"": ""1.800 mg/kg"", ""Fe (sulfato ferroso monohidratado)"": ""60 mg/kg"", ""Zn (sulfato de zinc monohidratado)"": ""76 mg/kg"", ""I (yoduro de potasio)"": ""2 mg/kg"", ""Se (selenito de sodio)"": ""0,11 mg/kg""}";Imagenes_Alimentos/GrupoMOR/perros/Bravery/bravery-bravery-iberian-pork-adult-large-medium-breeds-12-kg.jpg;https://grupomor.cl/wp-content/uploads/2022/06/4PE120006.jpg;https://grupomor.cl/producto/bravery-iberian-pork-adult-large-medium-breeds-12-kg/
bravery-bravery-chicken-mini-adult-small-breeds-7-kg;Grupo MOR;Bravery;perro;adulto;BRAVERY CHICKEN MINI ADULT SMALL BREEDS 7 KG;7.15 kg, 7 kg;• Elaborado con 100% carne de pollo deshidratada • Hipoalergénico y monoproteico • Libre de granos y gluten • Adecuado para perros sensibles, intolerantes o alérgicos;• Sin colorantes, saborizantes ni conservantes artificiales añadidos • Ideal para perros de tamaño pequeño a partir del año con un peso como máximo de 10 kilos. Carne de pollo deshidratada, tapioca, grasa de ave (fuente de ácidos grasos Ω – 6), guisantes, levadura y extracto de levadura – Saccharomyces cerevisiae (fuente de mananooligosacáridos – MOS y β – glucanos), aceite de pescado (fuente de ácidos grasos Ω – 3 – EPA y DHA), vaina de algarroba, huevo entero deshidratado, proteína de patata, boniato, proteína hidrolizada de pollo, hígado de pollo hidrolizado, pulpa de remolacha, Inulina (fibra soluble de achicoria, fuente fosfooligosacáridos – FOS), celulosa natural (fuente de fibra insoluble), minerales, fibra dietética soluble extraída de Plantago ovata, aceites esenciales (orégano, canela, clavo, tomillo, romero, hierbabuena, té verde), hidrolizado de crustáceos (fuente de glucosamina), hidrolizado de cartílago (fuente de condroitina), yuca, concentrado de zumo de melón liofilizado (rico en superóxido dismutasa – SOD).;"{""vitamina E"": ""460 mg/kg"", ""vitamina C"": ""200 mg/kg"", ""carnitina"": ""200 mg/kg"", ""cloruro de colina"": ""1.800 mg/kg"", ""Fe (sulfato ferroso monohidratado)"": ""60 mg/kg"", ""Zn (sulfato de zinc monohidratado)"": ""76 mg/kg"", ""I (yoduro de potasio)"": ""2 mg/kg"", ""Se (selenito de sodio)"": ""0,11 mg/kg""}";Imagenes_Alimentos/GrupoMOR/perros/Bravery/bravery-bravery-chicken-mini-adult-small-breeds-7-kg.jpg;https://grupomor.cl/wp-content/uploads/2022/06/4PE070003.jpg;https://grupomor.cl/producto/bravery-chicken-mini-adult-small-breeds-7-kg/
bravery-bravery-chicken-mini-adult-small-breeds-2-kg;Grupo MOR;Bravery;perro;adulto;BRAVERY CHICKEN MINI ADULT SMALL BREEDS 2 KG;2.05 kg, 2 kg;• Elaborado con 100% carne de pollo deshidratada • Hipoalergénico y monoproteico • Libre de granos y gluten • Adecuado para perros sensibles, intolerantes o alérgicos;• Sin colorantes, saborizantes ni conservantes artificiales añadidos • Ideal para perros de tamaño pequeño a partir del año con un peso como máximo de 10 kilos. Carne de pollo deshidratada, tapioca, grasa de ave (fuente de ácidos grasos Ω – 6), guisantes, levadura y extracto de levadura – Saccharomyces cerevisiae (fuente de mananooligosacáridos – MOS y β – glucanos), aceite de pescado (fuente de ácidos grasos Ω – 3 – EPA y DHA), vaina de algarroba, huevo entero deshidratado, proteína de patata, boniato, proteína hidrolizada de pollo, hígado de pollo hidrolizado, pulpa de remolacha, Inulina (fibra soluble de achicoria, fuente fosfooligosacáridos – FOS), celulosa natural (fuente de fibra insoluble), minerales, fibra dietética soluble extraída de Plantago ovata, aceites esenciales (orégano, canela, clavo, tomillo, romero, hierbabuena, té verde), hidrolizado de crustáceos (fuente de glucosamina), hidrolizado de cartílago (fuente de condroitina), yuca, concentrado de zumo de melón liofilizado (rico en superóxido dismutasa – SOD).;"{""vitamina E"": ""460 mg/kg"", ""vitamina C"": ""200 mg/kg"", ""carnitina"": ""200 mg/kg"", ""cloruro de colina"": ""1.800 mg/kg"", ""Fe (sulfato ferroso monohidratado)"": ""60 mg/kg"", ""Zn (sulfato de zinc monohidratado)"": ""76 mg/kg"", ""I (yoduro de potasio)"": ""2 mg/kg"", ""Se (selenito de sodio)"": ""0,11 mg/kg""}";Imagenes_Alimentos/GrupoMOR/perros/Bravery/bravery-bravery-chicken-mini-adult-small-breeds-2-kg.jpg;https://grupomor.cl/wp-content/uploads/2022/06/4PE020005.jpg;https://grupomor.cl/producto/bravery-chicken-mini-adult-small-breeds-2-kg/
bravery-bravery-chicken-adult-large-medium-breeds-4-kg;Grupo MOR;Bravery;perro;adulto;BRAVERY CHICKEN ADULT LARGE/MEDIUM BREEDS 4 KG;4.1 kg, 4 kg;• Elaborado con 100% carne de pollo deshidratada • Hipoalergénico y monoproteico • Libre de granos y gluten • Adecuado para perros sensibles, intolerantes o alérgicos;• Sin colorantes, saborizantes ni conservantes artificiales añadidos • Ideal para perros de tamaño mediano y grande a partir del año con un peso mayor a 12 kilos. Carne de pollo deshidratada, tapioca, grasa de ave (fuente de ácidos grasos Ω – 6), guisantes, levadura y extracto de levadura – Saccharomyces cerevisiae (fuente de mananooligosacáridos – MOS y β – glucanos), aceite de pescado (fuente de ácidos grasos Ω – 3 – EPA y DHA), vaina de algarroba, huevo entero deshidratado, proteína de patata, boniato, proteína hidrolizada de pollo, hígado de pollo hidrolizado, pulpa de remolacha, Inulina (fibra soluble de achicoria, fuente fosfooligosacáridos – FOS), celulosa natural (fuente de fibra insoluble), minerales, fibra dietética soluble extraída de Plantago ovata, aceites esenciales (orégano, canela, clavo, tomillo, romero, hierbabuena, té verde), hidrolizado de crustáceos (fuente de glucosamina), hidrolizado de cartílago (fuente de condroitina), yuca, concentrado de zumo de melón liofilizado (rico en superóxido dismutasa – SOD).;"{""vitamina E"": ""460 mg/kg"", ""vitamina C"": ""200 mg/kg"", ""carnitina"": ""200 mg/kg"", ""cloruro de colina"": ""1.800 mg/kg"", ""Fe (sulfato ferroso monohidratado)"": ""60 mg/kg"", ""I (yoduro de potasio)"": ""2 mg/kg"", ""Se (selenito de sodio)"": ""0,11 mg/kg""}";Imagenes_Alimentos/GrupoMOR/perros/Bravery/bravery-bravery-chicken-adult-large-medium-breeds-4-kg.jpg;https://grupomor.cl/wp-content/uploads/2022/06/4PE040065.jpg;https://grupomor.cl/producto/bravery-chicken-adult-large-medium-breeds-4-kg/
bravery-bravery-chicken-adult-large-medium-breeds-12-kg;Grupo MOR;Bravery;perro;adulto;BRAVERY CHICKEN ADULT LARGE/MEDIUM BREEDS 12 KG;12.3 kg, 12 kg;• Elaborado con 100% carne de pollo deshidratada • Hipoalergénico y monoproteico • Libre de granos y gluten • Adecuado para perros sensibles, intolerantes o alérgicos;• Sin colorantes, saborizantes ni conservantes artificiales añadidos • Ideal para perros de tamaño mediano y grande a partir del año con un peso mayor a 12 kilos. Carne de pollo deshidratada, tapioca, grasa de ave (fuente de ácidos grasos Ω – 6), guisantes, levadura y extracto de levadura – Saccharomyces cerevisiae (fuente de mananooligosacáridos – MOS y β – glucanos), aceite de pescado (fuente de ácidos grasos Ω – 3 – EPA y DHA), vaina de algarroba, huevo entero deshidratado, proteína de patata, boniato, proteína hidrolizada de pollo, hígado de pollo hidrolizado, pulpa de remolacha, Inulina (fibra soluble de achicoria, fuente fosfooligosacáridos – FOS), celulosa natural (fuente de fibra insoluble), minerales, fibra dietética soluble extraída de Plantago ovata, aceites esenciales (orégano, canela, clavo, tomillo, romero, hierbabuena, té verde), hidrolizado de crustáceos (fuente de glucosamina), hidrolizado de cartílago (fuente de condroitina), yuca, concentrado de zumo de melón liofilizado (rico en superóxido dismutasa – SOD).;"{""vitamina E"": ""460 mg/kg"", ""vitamina C"": ""200 mg/kg"", ""carnitina"": ""200 mg/kg"", ""cloruro de colina"": ""1.800 mg/kg"", ""Fe (sulfato ferroso monohidratado)"": ""60 mg/kg"", ""Zn (sulfato de zinc monohidratado)"": ""76 mg/kg"", ""I (yoduro de potasio)"": ""2 mg/kg"", ""Se (selenito de sodio)"": ""0,11 mg/kg""}";Imagenes_Alimentos/GrupoMOR/perros/Bravery/bravery-bravery-chicken-adult-large-medium-breeds-12-kg.jpg;https://grupomor.cl/wp-content/uploads/2022/06/4PE120007.jpg;https://grupomor.cl/producto/bravery-chicken-adult-large-medium-breeds-12-kg/
bravery-bravery-salmon-puppy-large-medium-breeds-4-kg;Grupo MOR;Bravery;perro;cachorro;BRAVERY SALMON PUPPY LARGE/MEDIUM BREEDS 4 KG;4.1 kg, 4 kg;• Elaborado con 100% carne de salmón deshidratada • Hipoalergénico y monoproteico • Libre de granos y gluten • Adecuado para perros sensibles, intolerantes o alérgicos;• Sin colorantes, saborizantes ni conservantes artificiales añadidos • Ideal para cachorros de tamaño mediano y largo (2 a 12 meses) con un peso mayor a 12 kilos Salmón deshidratado, tapioca, grasa de ave (fuente de ácidos grasos Ω – 6), guisantes, levadura y extracto de levadura – Saccharomyces cerevisiae (fuente de mananooligosacáridos – MOS y β – glucanos), proteína hidrolizada de salmón, aceite de salmón (fuente de ácidos grasos Ω – 3 – EPA y DHA), vaina de algarroba, proteína de patata, boniato, pulpa de remolacha, Inulina (fibra soluble de achicoria, fuente fosfooligosacáridos – FOS), celulosa natural (fuente de fibra insoluble), minerales, fibra dietética soluble extraída de Plantago ovata, aceites esenciales (orégano, canela, clavo, tomillo, romero, hierbabuena, té verde), hidrolizado de crustáceos (fuente de glucosamina), hidrolizado de cartílago (fuente de condroitina), yuca, concentrado de zumo de melón liofilizado (rico en superóxido dismutasa – SOD).;"{""vitamina E"": ""500 mg/kg"", ""vitamina C"": ""220 mg/kg"", ""carnitina"": ""100 mg/kg"", ""cloruro de colina"": ""1.980 mg/kg"", ""Fe (sulfato ferroso monohidratado)"": ""66 mg/kg"", ""Zn (sulfato de zinc monohidratado)"": ""83 mg/kg"", ""I (yoduro de potasio)"": ""2,2 mg/kg"", ""Se (selenito de sodio)"": ""0,12 mg/kg""}";Imagenes_Alimentos/GrupoMOR/perros/Bravery/bravery-bravery-salmon-puppy-large-medium-breeds-4-kg.jpg;https://grupomor.cl/wp-content/uploads/2022/06/4PE040070.jpg;https://grupomor.cl/producto/bravery-salmon-puppy-large-medium-breeds-4-kg/
bravery-bravery-salmon-puppy-large-medium-breeds-12-kg;Grupo MOR;Bravery;perro;cachorro;BRAVERY SALMON PUPPY LARGE/MEDIUM BREEDS 12 KG;12.3 kg, 12 kg;• Elaborado con 100% carne de salmón deshidratada • Hipoalergénico y monoproteico • Libre de granos y gluten • Adecuado para perros sensibles, intolerantes o alérgicos;• Sin colorantes, saborizantes ni conservantes artificiales añadidos • Ideal para cachorros de tamaño mediano y largo (2 a 12 meses) con un peso mayor a 12 kilos Salmón deshidratado, tapioca, grasa de ave (fuente de ácidos grasos Ω – 6), guisantes, levadura y extracto de levadura – Saccharomyces cerevisiae (fuente de mananooligosacáridos – MOS y β – glucanos), proteína hidrolizada de salmón, aceite de salmón (fuente de ácidos grasos Ω – 3 – EPA y DHA), vaina de algarroba, proteína de patata, boniato, pulpa de remolacha, Inulina (fibra soluble de achicoria, fuente fosfooligosacáridos – FOS), celulosa natural (fuente de fibra insoluble), minerales, fibra dietética soluble extraída de Plantago ovata, aceites esenciales (orégano, canela, clavo, tomillo, romero, hierbabuena, té verde), hidrolizado de crustáceos (fuente de glucosamina), hidrolizado de cartílago (fuente de condroitina), yuca, concentrado de zumo de melón liofilizado (rico en superóxido dismutasa – SOD).;"{""vitamina E"": ""500 mg/kg"", ""vitamina C"": ""220 mg/kg"", ""carnitina"": ""100 mg/kg"", ""cloruro de colina"": ""1.980 mg/kg"", ""Fe (sulfato ferroso monohidratado)"": ""66 mg/kg"", ""Zn (sulfato de zinc monohidratado)"": ""83 mg/kg"", ""I (yoduro de potasio)"": ""2,2 mg/kg"", ""Se (selenito de sodio)"": ""0,12 mg/kg""}";Imagenes_Alimentos/GrupoMOR/perros/Bravery/bravery-bravery-salmon-puppy-large-medium-breeds-12-kg.jpg;https://grupomor.cl/wp-content/uploads/2022/06/4PE120016.jpg;https://grupomor.cl/producto/bravery-salmon-puppy-large-medium-breeds-12-kg/
bravery-bravery-salmon-mini-puppy-small-breeds-7-kg;Grupo MOR;Bravery;perro;cachorro;BRAVERY SALMON MINI PUPPY SMALL BREEDS 7 KG;7.15 kg, 7 kg;• Elaborado con 100% carne de salmón deshidratada • Hipoalergénico y monoproteico • Libre de granos y gluten • Adecuado para perros sensibles, intolerantes o alérgicos • Croqueta pequeña perfecta para tu mascota;• Sin colorantes, saborizantes ni conservantes artificiales añadidos • Ideal para cachorros de tamaño pequeño (2 a 12 meses), con un peso máximo de 10 kilos Salmón deshidratado, tapioca, grasa de ave (fuente de ácidos grasos Ω – 6), guisantes, levadura y extracto de levadura – Saccharomyces cerevisiae (fuente de mananooligosacáridos – MOS y β – glucanos), proteína hidrolizada de salmón, aceite de salmón (fuente de ácidos grasos Ω – 3 – EPA y DHA), vaina de algarroba, proteína de patata, boniato, pulpa de remolacha, Inulina (fibra soluble de achicoria, fuente fosfooligosacáridos – FOS), celulosa natural (fuente de fibra insoluble), minerales, fibra dietética soluble extraída de Plantago ovata, aceites esenciales (orégano, canela, clavo, tomillo, romero, hierbabuena, té verde), hidrolizado de crustáceos (fuente de glucosamina), hidrolizado de cartílago (fuente de condroitina), yuca, concentrado de zumo de melón liofilizado (rico en superóxido dismutasa – SOD).;"{""vitamina E"": ""500 mg/kg"", ""vitamina C"": ""220 mg/kg"", ""carnitina"": ""100 mg/kg"", ""cloruro de colina"": ""1.980 mg/kg"", ""Fe (sulfato ferroso monohidratado)"": ""66 mg/kg"", ""Zn (sulfato de zinc monohidratado)"": ""83 mg/kg"", ""I (yoduro de potasio)"": ""2,2 mg/kg"", ""Se (selenito de sodio)"": ""0,12 mg/kg""}";Imagenes_Alimentos/GrupoMOR/perros/Bravery/bravery-bravery-salmon-mini-puppy-small-breeds-7-kg.jpg;https://grupomor.cl/wp-content/uploads/2022/06/4PE070007.jpg;https://grupomor.cl/producto/bravery-salmon-mini-puppy-small-breeds-7-kg/
bravery-bravery-salmon-mini-puppy-small-breeds-2-kg;Grupo MOR;Bravery;perro;cachorro;BRAVERY SALMON MINI PUPPY SMALL BREEDS 2 KG;2.05 kg, 2 kg;• Elaborado con 100% carne de salmón deshidratada • Hipoalergénico y monoproteico • Libre de granos y gluten • Adecuado para perros sensibles, intolerantes o alérgicos • Croqueta pequeña perfecta para tu mascota;• Sin colorantes, saborizantes ni conservantes artificiales añadidos • Ideal para cachorros de tamaño pequeño (2 a 12 meses), con un peso máximo de 10 kilos Salmón deshidratado, tapioca, grasa de ave (fuente de ácidos grasos Ω – 6), guisantes, levadura y extracto de levadura – Saccharomyces cerevisiae (fuente de mananooligosacáridos – MOS y β – glucanos), proteína hidrolizada de salmón, aceite de salmón (fuente de ácidos grasos Ω – 3 – EPA y DHA), vaina de algarroba, proteína de patata, boniato, pulpa de remolacha, Inulina (fibra soluble de achicoria, fuente fosfooligosacáridos – FOS), celulosa natural (fuente de fibra insoluble), minerales, fibra dietética soluble extraída de Plantago ovata, aceites esenciales (orégano, canela, clavo, tomillo, romero, hierbabuena, té verde), hidrolizado de crustáceos (fuente de glucosamina), hidrolizado de cartílago (fuente de condroitina), yuca, concentrado de zumo de melón liofilizado (rico en superóxido dismutasa – SOD).;"{""vitamina E"": ""500 mg/kg"", ""vitamina C"": ""220 mg/kg"", ""carnitina"": ""100 mg/kg"", ""cloruro de colina"": ""1.980 mg/kg"", ""Fe (sulfato ferroso monohidratado)"": ""66 mg/kg"", ""Zn (sulfato de zinc monohidratado)"": ""83 mg/kg"", ""I (yoduro de potasio)"": ""2,2 mg/kg"", ""Se (selenito de sodio)"": ""0,12 mg/kg""}";Imagenes_Alimentos/GrupoMOR/perros/Bravery/bravery-bravery-salmon-mini-puppy-small-breeds-2-kg.jpg;https://grupomor.cl/wp-content/uploads/2022/06/4PE020012.jpg;https://grupomor.cl/producto/bravery-salmon-mini-puppy-small-breeds-2-kg/
bravery-bravery-chicken-puppy-large-medium-breeds-4-kg;Grupo MOR;Bravery;perro;cachorro;BRAVERY CHICKEN PUPPY LARGE/MEDIUM BREEDS 4 KG;4.1 kg, 4 kg;• Elaborado con 100% carne de pollo deshidratada • Hipoalergénico y monoproteico • Libre de granos y gluten • Adecuado para perros sensibles, intolerantes o alérgicos;• Sin colorantes, saborizantes ni conservantes artificiales añadidos • Ideal para cachorros de tamaño mediano o grande (2 a 12 meses), con un peso mayor a 12 kilos Carne de pollo deshidratada, tapioca, grasa de ave (fuente de ácidos grasos Ω – 6), proteína hidrolizada de pollo, guisantes, levadura y extracto de levadura – Saccharomyces cerevisiae (fuente de mananooligosacáridos – MOS y β – glucanos), hígado de pollo hidrolizado, aceite de pescado (fuente de ácidos grasos Ω – 3 – EPA y DHA), vaina de algarroba, huevo entero deshidratado, proteína de patata, boniato, pulpa de remolacha, Inulina (fibra soluble de achicoria, fuente fosfooligosacáridos – FOS), celulosa natural (fuente de fibra insoluble), minerales, fibra dietética soluble extraída de Plantago ovata, aceites esenciales (orégano, canela, clavo, tomillo, romero, hierbabuena, té verde), hidrolizado de crustáceos (fuente de glucosamina), hidrolizado de cartílago (fuente de condroitina), yuca, concentrado de zumo de melón liofilizado (rico en superóxido dismutasa – SOD).;"{""vitamina E"": ""500 mg/kg"", ""vitamina C"": ""220 mg/kg"", ""carnitina"": ""100 mg/kg"", ""cloruro de colina"": ""1.980 mg/kg"", ""Fe (sulfato ferroso monohidratado)"": ""66 mg/kg"", ""Zn (sulfato de zinc monohidratado)"": ""83 mg/kg"", ""I (yoduro de potasio)"": ""2,2 mg/kg"", ""Se (selenito de sodio)"": ""0,12 mg/kg""}";Imagenes_Alimentos/GrupoMOR/perros/Bravery/bravery-bravery-chicken-puppy-large-medium-breeds-4-kg.jpg;https://grupomor.cl/wp-content/uploads/2022/06/4PE040067.jpg;https://grupomor.cl/producto/bravery-chicken-puppy-large-medium-breeds-4-kg/
bravery-bravery-chicken-puppy-large-medium-breeds-12-kg;Grupo MOR;Bravery;perro;cachorro;BRAVERY CHICKEN PUPPY LARGE/MEDIUM BREEDS 12 KG;12.3 kg, 12 kg;• Elaborado con 100% carne de pollo deshidratada • Hipoalergénico y monoproteico • Libre de granos y gluten • Adecuado para perros sensibles, intolerantes o alérgicos;• Sin colorantes, saborizantes ni conservantes artificiales añadidos • Ideal para cachorros de tamaño mediano o grande (2 a 12 meses), con un peso mayor a 12 kilos Carne de pollo deshidratada, tapioca, grasa de ave (fuente de ácidos grasos Ω – 6), proteína hidrolizada de pollo, guisantes, levadura y extracto de levadura – Saccharomyces cerevisiae (fuente de mananooligosacáridos – MOS y β – glucanos), hígado de pollo hidrolizado, aceite de pescado (fuente de ácidos grasos Ω – 3 – EPA y DHA), vaina de algarroba, huevo entero deshidratado, proteína de patata, boniato, pulpa de remolacha, Inulina (fibra soluble de achicoria, fuente fosfooligosacáridos – FOS), celulosa natural (fuente de fibra insoluble), minerales, fibra dietética soluble extraída de Plantago ovata, aceites esenciales (orégano, canela, clavo, tomillo, romero, hierbabuena, té verde), hidrolizado de crustáceos (fuente de glucosamina), hidrolizado de cartílago (fuente de condroitina), yuca, concentrado de zumo de melón liofilizado (rico en superóxido dismutasa – SOD).;"{""vitamina E"": ""500 mg/kg"", ""vitamina C"": ""220 mg/kg"", ""carnitina"": ""100 mg/kg"", ""cloruro de colina"": ""1.980 mg/kg"", ""Fe (sulfato ferroso monohidratado)"": ""66 mg/kg"", ""Zn (sulfato de zinc monohidratado)"": ""83 mg/kg"", ""I (yoduro de potasio)"": ""2,2 mg/kg"", ""Se (selenito de sodio)"": ""0,12 mg/kg""}";Imagenes_Alimentos/GrupoMOR/perros/Bravery/bravery-bravery-chicken-puppy-large-medium-breeds-12-kg.jpg;https://grupomor.cl/wp-content/uploads/2022/06/4PE120009.jpg;https://grupomor.cl/producto/bravery-chicken-puppy-large-medium-breeds-12-kg/
bravery-bravery-chicken-mini-puppy-small-breeds-7-kg;Grupo MOR;Bravery;perro;cachorro;BRAVERY CHICKEN MINI PUPPY SMALL BREEDS 7 KG;7.15 kg, 7 kg;• Elaborado con 100% carne de pollo deshidratada • Hipoalergénico y monoproteico • Libre de granos y gluten • Adecuado para perros sensibles, intolerantes o alérgicos • Croqueta ideal para cachorros de tamaño pequeño;• Sin colorantes, saborizantes, ni conservantes artificiales • Ideal para cachorros de tamaño pequeño (2 a 12 meses), con un peso máximo de 10 kilos Carne de pollo deshidratado, tapioca, grasa de ave (fuente de ácidos grasos Ω – 6), proteína hidrolizada de pollo, guisantes, levadura y extracto de levadura – Saccharomyces cerevisiae (fuente de mananooligosacáridos – MOS y β – glucanos), hígado de pollo hidrolizado, aceite de pescado (fuente de ácidos grasos Ω – 3 – EPA y DHA), vaina de algarroba, huevo entero deshidratado, proteína de patata, boniato, pulpa de remolacha, Inulina (fibra soluble de achicoria, fuente fosfooligosacáridos – FOS), celulosa natural (fuente de fibra insoluble), minerales, fibra dietética soluble extraída de Plantago ovata, aceites esenciales (orégano, canela, clavo, tomillo, romero, hierbabuena, té verde), hidrolizado de crustáceos (fuente de glucosamina), hidrolizado de cartílago (fuente de condroitina), yuca, concentrado de zumo de melón liofilizado (rico en superóxido dismutasa – SOD).;"{""vitamina E"": ""500 mg/kg"", ""vitamina C"": ""220 mg/kg"", ""carnitina"": ""100 mg/kg"", ""cloruro de colina"": ""1.980 mg/kg"", ""Fe (sulfato ferroso monohidratado)"": ""66 mg/kg"", ""Zn (sulfato de zinc monohidratado)"": ""83 mg/kg"", ""I (yoduro de potasio)"": ""2,2 mg/kg"", ""Se (selenito de sodio)"": ""0,12 mg/kg""}";Imagenes_Alimentos/GrupoMOR/perros/Bravery/bravery-bravery-chicken-mini-puppy-small-breeds-7-kg.jpg;https://grupomor.cl/wp-content/uploads/2022/06/4PE070005.jpg;https://grupomor.cl/producto/bravery-chicken-mini-puppy-small-breeds-7-kg/
bravery-bravery-chicken-mini-puppy-small-breeds-2-kg;Grupo MOR;Bravery;perro;cachorro;BRAVERY CHICKEN MINI PUPPY SMALL BREEDS 2 KG;2.05 kg, 2 kg;• Elaborado con 100% carne de pollo deshidratada • Hipoalergénico y monoproteico • Libre de granos y gluten • Adecuado para perros sensibles, intolerantes o alérgicos • Croqueta ideal para cachorros de tamaño pequeño;• Sin colorantes, saborizantes, ni conservantes artificiales • Ideal para cachorros de tamaño pequeño (2 a 12 meses), con un peso máximo de 10 kilos Carne de pollo deshidratado, tapioca, grasa de ave (fuente de ácidos grasos Ω – 6), proteína hidrolizada de pollo, guisantes, levadura y extracto de levadura – Saccharomyces cerevisiae (fuente de mananooligosacáridos – MOS y β – glucanos), hígado de pollo hidrolizado, aceite de pescado (fuente de ácidos grasos Ω – 3 – EPA y DHA), vaina de algarroba, huevo entero deshidratado, proteína de patata, boniato, pulpa de remolacha, Inulina (fibra soluble de achicoria, fuente fosfooligosacáridos – FOS), celulosa natural (fuente de fibra insoluble), minerales, fibra dietética soluble extraída de Plantago ovata, aceites esenciales (orégano, canela, clavo, tomillo, romero, hierbabuena, té verde), hidrolizado de crustáceos (fuente de glucosamina), hidrolizado de cartílago (fuente de condroitina), yuca, concentrado de zumo de melón liofilizado (rico en superóxido dismutasa – SOD).;"{""vitamina E"": ""500 mg/kg"", ""vitamina C"": ""220 mg/kg"", ""Carnitina"": ""100 mg/kg"", ""cloruro de colina"": ""1.980 mg/kg"", ""Fe (sulfato ferroso monohidratado)"": ""66 mg/kg"", ""Zn (sulfato de zinc monohidratado)"": ""83 mg/kg"", ""I (yoduro de potasio)"": ""2,2 mg/kg"", ""Se (selenito de sodio)"": ""0,12 mg/kg""}";Imagenes_Alimentos/GrupoMOR/perros/Bravery/bravery-bravery-chicken-mini-puppy-small-breeds-2-kg.jpg;https://grupomor.cl/wp-content/uploads/2022/06/4PE020007.jpg;https://grupomor.cl/producto/bravery-chicken-mini-puppy-small-breeds-2-kg/
dingo-dingo-munchy-stix-90-gr-10-un;Grupo MOR;Dingo;perro;adulto;DINGO MUNCHY STIX, 90 GR, 10 UN;90 gr, 10 un;• Sabrosa combinación de POLLO REAL y cuero sin curtir de primera calidad • Dingo Munchy Stix, el cuero crudo del masticador ligero • Masticable saludable y divertido para promover dientes limpios de la acción natural de masticar.;Cuero sin curtir, pollo, cerdo, azúcar, sal, sorbato de potasio (conservante), FD&C Red #40;{};Imagenes_Alimentos/GrupoMOR/perros/Dingo/dingo-dingo-munchy-stix-90-gr-10-un.jpg;https://grupomor.cl/wp-content/uploads/2022/04/DN-99179LAR_1.jpg;https://grupomor.cl/producto/dingo-munchy-stix-90-gr-10-un/
dingo-dingo-munchy-stick-50pk;Grupo MOR;Dingo;perro;adulto;DINGO MUNCHY STICK 50PK;Presentación única;• Sabrosa combinación de POLLO REALl y cuero sin curtir de primera calidad • Dingo Munchy Stix, el cuero crudo del masticador ligero • Masticable saludable y divertido para promover dientes limpios de la acción natural de masticar.;Cuero sin curtir, pollo, cerdo, azúcar, sal, sorbato de potasio (conservante), FD&C Red #40;{};Imagenes_Alimentos/GrupoMOR/perros/Dingo/dingo-dingo-munchy-stick-50pk.jpg;https://grupomor.cl/wp-content/uploads/2022/04/P-22042_1.jpg;https://grupomor.cl/producto/dingo-munchy-stick-50pk/
dingo-dingo-large-bone-90-gr-1-un;Grupo MOR;Dingo;perro;adulto;DINGO LARGE BONE, 90 GR, 1 UN;90 gr, 1 un;• Combinación irresistible de POLLO REAL envuelto con cuero sin curtir de primera calidad • Repleto de proteína • Masticable saludable y divertido para promover dientes limpios de la acción natural de masticar • Sin rellenos ni aglutinantes artificiales.;Cuero sin curtir, pollo, cerdo, sorbato de potasio (conservante), FD&C Red #40, dextrosa, sal.;{};Imagenes_Alimentos/GrupoMOR/perros/Dingo/dingo-dingo-large-bone-90-gr-1-un.jpg;https://grupomor.cl/wp-content/uploads/2022/04/DN-99174LAR_1.jpg;https://grupomor.cl/producto/dingo-large-bone-90-gr-1-un/
dingo-dingo-medium-bone-65-gr-1-un;Grupo MOR;Dingo;perro;adulto;DINGO MEDIUM BONE, 65 GR, 1 UN;65 gr, 1 un;• Combinación irresistible de POLLO REAL envuelto con cuero sin curtir de primera calidad • Repleto de proteína • Masticable saludable y divertido para promover dientes limpios de la acción natural de masticar • Sin rellenos ni aglutinantes artificiales.;Cuero sin curtir, pollo, cerdo, sorbato de potasio (conservante), FD&C Red #40, dextrosa, sal.;{};Imagenes_Alimentos/GrupoMOR/perros/Dingo/dingo-dingo-medium-bone-65-gr-1-un.png;https://grupomor.cl/wp-content/uploads/2022/04/DN-99173LAR_1.png;https://grupomor.cl/producto/dingo-medium-bone-65-gr-1-un/
dingo-dingo-small-bone-35-gr-1-un;Grupo MOR;Dingo;perro;adulto;DINGO SMALL BONE, 35 GR, 1 UN;35 gr, 1 un;• Combinación irresistible de POLLO REAL envuelto con cuero sin curtir de primera calidad • Repleto de proteína • Masticable saludable y divertido para promover dientes limpios de la acción natural de masticar • Sin rellenos ni aglutinantes artificiales.;Cuero sin curtir, pollo, cerdo, sorbato de potasio (conservante), FD&C Red #40, dextrosa, sal.;{};Imagenes_Alimentos/GrupoMOR/perros/Dingo/dingo-dingo-small-bone-35-gr-1-un.jpg;https://grupomor.cl/wp-content/uploads/2022/04/DN-99172LAR_1.jpg;https://grupomor.cl/producto/dingo-small-bone-35-gr-1-un/
dingo-dingo-mini-bones-70-gr-7-un;Grupo MOR;Dingo;perro;adulto;DINGO MINI BONES, 70 GR, 7 UN;70 gr, 7 un;• Combinación irresistible de POLLO REAL envuelto con cuero sin curtir de primera calidad • Repleto de proteína • Masticable saludable y divertido para promover dientes limpios de la acción natural de masticar • Sin rellenos ni aglutinantes artificiales.;Cuero sin curtir, pollo, cerdo, sorbato de potasio (conservante), FD&C Red #40, dextrosa, sal.;{};Imagenes_Alimentos/GrupoMOR/perros/Dingo/dingo-dingo-mini-bones-70-gr-7-un.jpg;https://grupomor.cl/wp-content/uploads/2022/04/DN-99171LAR_1.jpg;https://grupomor.cl/producto/dingo-mini-bones-70-gr-7-un/
dingo-dingo-mini-value-bag-21pk;Grupo MOR;Dingo;perro;adulto;DINGO MINI VALUE BAG 21PK;Presentación única;• Combinación irresistible de POLLO REALl envuelto con cuero sin curtir de primera calidad • Repleto de proteína • Masticable saludable y divertido para promover dientes limpios de la acción natural de masticar • Sin rellenos ni aglutinantes artificiales.;Cuero sin curtir, pollo, cerdo, sorbato de potasio (conservante), FD&C Red #40, dextrosa, sal.;{};Imagenes_Alimentos/GrupoMOR/perros/Dingo/dingo-dingo-mini-value-bag-21pk.jpg;https://grupomor.cl/wp-content/uploads/2022/04/95001_1.jpg;https://grupomor.cl/producto/dingo-mini-value-bag-21pk/
dingo-dingo-dental-sticks-90-gr-10-un;Grupo MOR;Dingo;perro;adulto;DINGO DENTAL STICKS, 90 GR, 10 UN;90 gr, 10 un;• Cuidado bucal que limpia los dientes y refresca el aliento gracias a la acción natural de la masticación • Elimina el sarro y la placa debido a la acción abrasiva de la masticación. • Hecho con POLLO REAL en el medio, a tu perro le encantará. *El cuidado del sarro y el aliento fresco se deben a la acción abrasiva natural de la masticación.;Cuero sin curtir, pollo, azúcar, carbonato de calcio, bicarbonato de sodio, sal, glicerina, sorbitol, aceite de semilla de perejil, pirofosfato tetrasódico, sorbato de potasio (conservante), FD&C Red #40.;{};Imagenes_Alimentos/GrupoMOR/perros/Dingo/dingo-dingo-dental-sticks-90-gr-10-un.jpg;https://grupomor.cl/wp-content/uploads/2022/04/DN-99180LAR_1.jpg;https://grupomor.cl/producto/dingo-dental-sticks-90-gr-10-un/
dingo-dingo-dental-sticks-48pk;Grupo MOR;Dingo;perro;adulto;DINGO DENTAL STICKS 48PK;Presentación única;• Cuidado bucal que limpia los dientes y refresca el aliento gracias a la acción natural de la masticación • Elimina el sarro y la placa debido a la acción abrasiva de la masticación. • Hecho con POLLO REAL en el medio, a tu perro le encantará. *El cuidado del sarro y el aliento fresco se deben a la acción abrasiva natural de la masticación.;Cuero sin curtir, pollo, azúcar, carbonato de calcio, bicarbonato de sodio, sal, glicerina, sorbitol, aceite de semilla de perejil, pirofosfato tetrasódico, sorbato de potasio (conservante), FD&C Red #40.;{};Imagenes_Alimentos/GrupoMOR/perros/Dingo/dingo-dingo-dental-sticks-48pk.jpg;https://grupomor.cl/wp-content/uploads/2022/04/P-45020.jpg;https://grupomor.cl/producto/dingo-dental-sticks-48pk/
dingo-dingo-dental-mini-bones-70-gr-7-un;Grupo MOR;Dingo;perro;adulto;DINGO DENTAL MINI BONES, 70 GR, 7 UN;70 gr, 7 un;• Cuidado bucal que limpia los dientes y refresca el aliento gracias a la acción natural de la masticación • Elimina el sarro y la placa debido a la acción abrasiva de la masticación. • Hecho con POLLO REAL en el medio, a tu perro le encantará. *El cuidado del sarro y el aliento fresco se deben a la acción abrasiva natural de la masticación.;Cuero sin curtir, pollo, azúcar, carbonato de calcio, bicarbonato de sodio, sal, glicerina, sorbitol, aceite de semilla de perejil, pirofosfato tetrasódico, sorbato de potasio (conservante), FD&C Red #40.;{};Imagenes_Alimentos/GrupoMOR/perros/Dingo/dingo-dingo-dental-mini-bones-70-gr-7-un.jpg;https://grupomor.cl/wp-content/uploads/2022/04/DN-99175LAR_1.jpg;https://grupomor.cl/producto/dingo-dental-mini-bones-70-gr-7-un/
