id;marca_madre;submarca;especie;etapa_vida;nombre;formatos;descripcion;ingredientes;analisis_garantizado;imagen_local;url_imagen_original;url_origen
raza-raza-adulto-gato-castrado-10kg;Allendes Hnos;Raza;gato;adulto;Raza Adulto Gato Castrado 10kg;"[""15kg""]";Este alimento está exclusivamente formulado para gatas y gatos castrados de todos los tamaños a partir de los seis meses de vida. Con 32% de proteínas, menor contenido graso y control de minerales para promover un adecuado pH en la orina contribuyendo a la salud del tracto urinario. También tiene prebióticos, omegas 3 & 6 y taurina, que contribuye a cuidar la salud cardiovascular y la visión. Este alimento está exclusivamente formulado para gatas y gatos castrados de todos los tamaños a partir de los seis meses de vida.;;{};Imagenes_Alimentos/AllendesHnos/gatos/raza/raza-raza-adulto-gato-castrado-10kg-12639.webp;https://www.allendeshnos.cl/wp-content/uploads/2025/09/Raza-Gato-Castrado-Pawal.webp;https://www.allendeshnos.cl/producto/raza-adulto-gato-castrado-10kg/
cachupin-cachupin-adulto-pollo-y-arroz-9-kg;Allendes Hnos;Cachupin;perro;adulto;Cachupin Adulto Pollo y Arroz 9 Kg;"[""9kg""]";El Alimento para perro adulto sabor pollo y arroz Cachupín es lo que tu perro necesita para mantenerse fuerte, sano y repleto de energía para disfrutar de los días de juegos en el jardín o los paseos al aire libre. Ofrece una nutrición completa y balanceada manteniendo su condición física, sin sentirse limitado por la edad, ya que es ideal para perros adultos. El Alimento para perro adulto sabor pollo y arroz Cachupín es lo que tu perro necesita para mantenerse fuerte, sano y repleto de energía para disfrutar de los días de juegos en el jardín o los paseos al aire libre. Ofrece una nutrición completa y balanceada manteniendo su condición física, sin sentirse limitado por la edad, ya que es ideal para perros adultos.;;{};Imagenes_Alimentos/AllendesHnos/perros/cachupin/cachupin-cachupin-adulto-pollo-y-arroz-9-kg-12098.png;https://www.allendeshnos.cl/wp-content/uploads/2024/11/poolo-achupon.png;https://www.allendeshnos.cl/producto/cachupin-adulto-pollo-y-arroz-9-kg/
dog-buffet-dog-buffet-galletas-5kg;Allendes Hnos;Dog Buffet;perro;adulto;Dog Buffet Galletas 5kg;"[""5kg""]";¡Dale a tu perro el lujo que merece con nuestras exclusivas Galletas Dog Buffet de 5 Kg! Diseñadas especialmente para consentir a tu fiel compañero, estas galletas son el snack perfecto que combina sabor y calidad. Elaboradas por la reconocida marca DOG BUFFET, cada bocado está repleto de ingredientes seleccionados que no solo deleitarán el paladar de tu mascota, sino que también aportarán nutrición esencial. ¡Dale a tu perro el lujo que merece con nuestras exclusivas Galletas Dog Buffet de 5 Kg! Diseñadas especialmente para consentir a tu fiel compañero, estas galletas son el snack perfecto que combina sabor y calidad. Elaboradas por la reconocida marca DOG BUFFET, cada bocado está repleto de ingredientes seleccionados que no solo deleitarán el paladar de tu mascota, sino que también aportarán nutrición esencial.;seleccionados que no solo deleitarán el paladar de tu mascota, sino que también aportarán nutrición esencial. ¡Dale a tu perro el lujo que merece con nuestras exclusivas Galletas Dog Buffet de 5 Kg! Diseñadas especialmente para consentir a tu fiel compañero, estas galletas son el snack perfecto que combina sabor y calidad. Elaboradas por la reconocida marca DOG BUFFET, cada bocado está repleto de ingredientes seleccionados que no solo deleitarán el paladar de tu mascota, sino que también aportarán nutrición esencial.;{};Imagenes_Alimentos/AllendesHnos/perros/dog-buffet/dog-buffet-dog-buffet-galletas-5kg-12095.png;https://www.allendeshnos.cl/wp-content/uploads/2024/11/galletasuffet-cachorro-Razas-M-y-G-18k.png;https://www.allendeshnos.cl/producto/dog-buffet-galletas-5kg/
royal-canin-royal-canin-gastrointestinal-puppy-15kg;Allendes Hnos;Royal Canin;perro;cachorro;Royal Canin Gastrointestinal Puppy 1,5kg;"[""1,5kg""]";Alimento completo para cachorros ROYAL CANIN® Gastrointestinal Puppy está formulado específicamente para ayudar a mantener la salud digestiva de tu cachorro en casos de sensibilidad gastrointestinal . Esta fórmula de alta digestibilidad está enriquecida con un contenido equilibrado de fibras solubles e insolubles, incluidos los prebióticos, para ayudar a mantener una digestión y un tránsito saludables Esta fórmula de alta energía contiene niveles específicamente adaptados de nutrientes, como proteína y calcio, para cubrir las necesidades nutricionales de crecimiento de tu cachorro para un desarrollo saludable. Esta croqueta puede rehidratarse con gran facilidad para fomentar la aceptación del alimento en cachorros con pérdida de apetito. También puede ayudar a facilitar la transición de la leche al alimento sólido de tu cachorro. Como parte de la gama ROYAL CANIN® Veterinary Health Nutrition , solo debes dar este producto a tu mascota si te lo recomienda un veterinario. La transición de tu mascota de una dieta a otra debe realizarse de forma lenta y gradual durante un período de 7 a 10 días. Debes asegurarte de ofrecer las raciones correctas, particularmente si la alimentación es mixta. Para satisfacer las preferencias individuales de cada cachorro, ROYAL CANIN® Gastrointestinal Puppy también está disponible en forma de alimento húmedo con textura de mousse ultrasuave. * *Sujeto a la disponibilidad del producto Alimento completo para cachorros;;{};Imagenes_Alimentos/AllendesHnos/perros/royal-canin/royal-canin-royal-canin-gastrointestinal-puppy-15kg-12074.png;https://www.allendeshnos.cl/wp-content/uploads/2024/11/Gastrointestinalpuppy.png;https://www.allendeshnos.cl/producto/royal-canin-gastrointestinal-puppy-15kg/
royal-canin-royal-canin-urinary-so-feline-15-kg;Allendes Hnos;Royal Canin;gato;adulto;Royal Canin Urinary S/O Feline 1,5 kg;"[""1,5kg""]";ROYAL CANIN® Urinary S/O está formulado específicamente para ayudar a gatos con sensibilidades urinarias como los cálculos y cristales de estruvita. Esta fórmula ayuda a disolver cualquier tipo de cálculo de estruvita que pueda formarse en la vejiga. Esta dieta ayuda a diluir la orina de tu gato, haciendo menos probable la formación de cálculos de estruvita o de oxalato de calcio. Esta fórmula contiene una baja SSR (sobresaturación relativa) para ayudar a reducir la concentración de iones que contribuyen a la formación de cristales. Esta fórmula contiene un nivel reducido de magnesio, un componente natural de los cristales de estruvita. ROYAL CANIN® Urinary S/O también contribuye a un entorno urinario desfavorable para el desarrollo de cálculos de estruvita y oxalato de calcio. Como parte de la gama ROYAL CANIN® Veterinary Health Nutrition, solo debes dar este producto a tu mascota si te lo recomienda un veterinario. La transición de tu mascota de una dieta a otra debe realizarse de forma lenta y gradual durante un período de 7 a 10 días. Debes ofrecer las raciones correctas, particularmente si la alimentación es mixta Alimento dietético completo para gatos.;;{};Imagenes_Alimentos/AllendesHnos/gatos/royal-canin/royal-canin-royal-canin-urinary-so-feline-15-kg-12066.png;https://www.allendeshnos.cl/wp-content/uploads/2024/11/urinary-g1.5kg.png;https://www.allendeshnos.cl/producto/royal-canin-urinary-s-o-feline-15-kg/
royal-canin-royal-canin-urinary-so-feline-75-kg;Allendes Hnos;Royal Canin;gato;adulto;Royal Canin Urinary S/O Feline 7,5 kg;"[""7,5kg""]";ROYAL CANIN® Urinary S/O está formulado específicamente para ayudar a gatos con sensibilidades urinarias como los cálculos y cristales de estruvita. Esta fórmula ayuda a disolver cualquier tipo de cálculo de estruvita que pueda formarse en la vejiga. Esta dieta ayuda a diluir la orina de tu gato, haciendo menos probable la formación de cálculos de estruvita o de oxalato de calcio. Esta fórmula contiene una baja SSR (sobresaturación relativa) para ayudar a reducir la concentración de iones que contribuyen a la formación de cristales. Esta fórmula contiene un nivel reducido de magnesio, un componente natural de los cristales de estruvita. ROYAL CANIN® Urinary S/O también contribuye a un entorno urinario desfavorable para el desarrollo de cálculos de estruvita y oxalato de calcio. Como parte de la gama ROYAL CANIN® Veterinary Health Nutrition, solo debes dar este producto a tu mascota si te lo recomienda un veterinario. La transición de tu mascota de una dieta a otra debe realizarse de forma lenta y gradual durante un período de 7 a 10 días. Debes ofrecer las raciones correctas, particularmente si la alimentación es mixta Alimento dietético completo para gatos.;;{};Imagenes_Alimentos/AllendesHnos/gatos/royal-canin/royal-canin-royal-canin-urinary-so-feline-75-kg-12067.png;https://www.allendeshnos.cl/wp-content/uploads/2024/11/urinary-7.5kg.png;https://www.allendeshnos.cl/producto/royal-canin-urinary-s-o-feline-75-kg/
royal-canin-royal-canin-hypoallergenic-protein-lata-390gr-6-und;Allendes Hnos;Royal Canin;perro;adulto;Royal Canin Hypoallergenic Protein Lata 390gr (6 und);"[""390 gr""]";Alimento dietético hipoalergénico, formulado para reducir la intolerancia a ingredientes y nutrientes, para la alimentación de perros que sufren trastornos alérgicos digestivos o dérmicos. Está indicado para dieta de eliminación, alergias alimentarias con signos dermatológicos y/o gastrointestinales, dentro de otras. Pensado para perros con trastornos alérgicos digestivos o dérmicos. Complejo de nutrientes para reforzar la barrera de la piel. Reduce el estrés oxidativo y neutraliza los radicales libres. Alta digestibilidad y reducida alergenicidad. Favorece la integridad de la mucosa intestinal. Alimento dietético hipoalergénico, formulado para reducir la intolerancia a ingredientes y nutrientes, para la alimentación de perros que sufren trastornos alérgicos digestivos o dérmicos. Está indicado para dieta de eliminación, alergias alimentarias con signos dermatológicos y/o gastrointestinales, dentro de otras.;y nutrientes, para la alimentación de perros que sufren trastornos alérgicos digestivos o dérmicos. Está indicado para dieta de eliminación, alergias alimentarias con signos dermatológicos y/o gastrointestinales, dentro de otras. Pensado para perros con trastornos alérgicos digestivos o dérmicos. Complejo de nutrientes para reforzar la barrera de la piel. Reduce el estrés oxidativo y neutraliza los radicales libres. Alta digestibilidad y reducida alergenicidad. Favorece la integridad de la mucosa intestinal. Alimento dietético hipoalergénico, formulado para reducir la intolerancia a ingredientes y nutrientes, para la alimentación de perros que sufren trastornos alérgicos digestivos o dérmicos. Está indicado para dieta de eliminación, alergias alimentarias con signos dermatológicos y/o gastrointestinales, dentro de otras.;{};Imagenes_Alimentos/AllendesHnos/perros/royal-canin/royal-canin-royal-canin-hypoallergenic-protein-lata-390-12061.png;https://www.allendeshnos.cl/wp-content/uploads/2024/11/HYDROLIZED-PROTEIN-1.png;https://www.allendeshnos.cl/producto/royal-canin-hypoallergenic-protein-lata-390gr-6-und/
royal-canin-royal-canin-renal-support-dog-wet-lata-385-gr-6-und;Allendes Hnos;Royal Canin;perro;adulto;Royal Canin Renal Support Dog Wet Lata 385 gr (6 und);"[""385gr""]";Royal Canin Latas Vet Diet Renal Support LP Modified es un alimento completo dietético para perros destinado a el apoyo de la función renal en caso de insuficiencia renal crónica. Este alimento dietético contiene un bajo nivel de fósforo y un nivel limitado de proteínas. Beneficios Bajo en fósforo: La ingesta restringida de fósforo es esencial para retardar el desarrollo del hiperparatiroidismo renal secundario. Bajo en proteína: Los niveles restringidos de proteína de alto valor biólógico minimizan la producción de residuos nitrogenados y mejoran los signos clínicos relacionados con la insuficiencia renal. Alto en energía: Alta densidad energética utilizando la grasa dietética para mejorar la palatabilidad y reducir los volúmenes de alimento en perros inapetentes. Conservadores naturales: Naturalmente conservado para asegurar la frescura y la calidad. Royal Canin Latas Vet Diet Renal Support LP Modified es un alimento completo dietético para perros destinado a el apoyo de la función renal en caso de insuficiencia renal crónica. Este alimento dietético contiene un bajo nivel de fósforo y un nivel limitado de proteínas.;;{};Imagenes_Alimentos/AllendesHnos/perros/royal-canin/royal-canin-royal-canin-renal-support-dog-wet-lata-385--12058.png;https://www.allendeshnos.cl/wp-content/uploads/2024/11/SUPPORT-DOG-WET-LATA-6X385-GR.png;https://www.allendeshnos.cl/producto/royal-canin-renal-support-dog-wet-lata-385-gr-6-und/
royal-canin-royal-canin-urinary-so-feline-500gr;Allendes Hnos;Royal Canin;gato;adulto;Royal Canin Urinary S/O Feline 500gr;"[""500gr""]";ROYAL CANIN® Urinary S/O está formulado específicamente para ayudar a gatos con sensibilidades urinarias como los cálculos y cristales de estruvita. Esta fórmula ayuda a disolver cualquier tipo de cálculo de estruvita que pueda formarse en la vejiga. Esta dieta ayuda a diluir la orina de tu gato, haciendo menos probable la formación de cálculos de estruvita o de oxalato de calcio. Esta fórmula contiene una baja SSR (sobresaturación relativa) para ayudar a reducir la concentración de iones que contribuyen a la formación de cristales. Esta fórmula contiene un nivel reducido de magnesio, un componente natural de los cristales de estruvita. ROYAL CANIN® Urinary S/O también contribuye a un entorno urinario desfavorable para el desarrollo de cálculos de estruvita y oxalato de calcio. Como parte de la gama ROYAL CANIN® Veterinary Health Nutrition, solo debes dar este producto a tu mascota si te lo recomienda un veterinario. La transición de tu mascota de una dieta a otra debe realizarse de forma lenta y gradual durante un período de 7 a 10 días. Debes ofrecer las raciones correctas, particularmente si la alimentación es mixta Alimento dietético completo para gatos.;;{};Imagenes_Alimentos/AllendesHnos/gatos/royal-canin/royal-canin-royal-canin-urinary-so-feline-500gr-12051.png;https://www.allendeshnos.cl/wp-content/uploads/2024/11/urinary-500-gr-1.png;https://www.allendeshnos.cl/producto/royal-canin-urinary-s7o/
royal-canin-royal-canin-satiety-small-dogs-15-kg;Allendes Hnos;Royal Canin;perro;adulto;Royal Canin Satiety Small Dogs 1,5 kg;"[""1,5kg""]";Alimento dietético completo para perros adultos de razas pequeñas (de 1 a 10 kg). Alimento dietético completo para perros adultos de razas pequeñas (de 1 a 10 kg).;;{};Imagenes_Alimentos/AllendesHnos/perros/royal-canin/royal-canin-royal-canin-satiety-small-dogs-15-kg-12047.png;https://www.allendeshnos.cl/wp-content/uploads/2024/11/Satiety-small.png;https://www.allendeshnos.cl/producto/royal-canin-satiety-small-dogs-15-kg/
royal-canin-royal-canin-adult-feline-sterilised-4-kg;Allendes Hnos;Royal Canin;gato;adulto;Royal Canin Adult Feline Sterilised 4 kg;"[""4Kg""]";Alimento completo y balanceado para gatos – Especialmente para gatos esterilizados (de 1 a 7 años). Manejo de peso Después de la esterilización los requerimientos energéticos de los gatos disminuyen. Sterilised ayuda a limitar el riesgo de aumento de peso excesivo gracias a un nivel moderado de grasa y raciones diarias adecuadas. Salud urinaria Los gatos neutralizados tienen un mayor riesgo de desarrollar cálculos urinarios. Sterilised ayuda a mantener un sistema urinario saludable al proporcionar un equilibrio mineral adecuado. Alto contenido de proteínas Después de castrar los gatos tienden a engordar. Sterilised ayuda a mantener la masa muscular gracias a un alto contenido de proteínas. Enriquecido con L-Carnitina La L-carnitina está involucrada en el metabolismo de las grasas. Alimento completo y balanceado para gatos – Especialmente para gatos esterilizados (de 1 a 7 años).;;{};Imagenes_Alimentos/AllendesHnos/gatos/royal-canin/royal-canin-royal-canin-adult-feline-sterilised-4-kg-12044.png;https://www.allendeshnos.cl/wp-content/uploads/2024/11/Regular-Sterilised.png;https://www.allendeshnos.cl/producto/royal-canin-adult-feline-sterilised-4-kg/
royal-canin-royal-canin-adult-feline-sterilised-400-gr;Allendes Hnos;Royal Canin;gato;adulto;Royal Canin Adult Feline Sterilised 400 gr;"[""400gr""]";Alimento completo y balanceado para gatos – Especialmente para gatos esterilizados (de 1 a 7 años). Manejo de peso Después de la esterilización los requerimientos energéticos de los gatos disminuyen. Sterilised ayuda a limitar el riesgo de aumento de peso excesivo gracias a un nivel moderado de grasa y raciones diarias adecuadas. Salud urinaria Los gatos neutralizados tienen un mayor riesgo de desarrollar cálculos urinarios. Sterilised ayuda a mantener un sistema urinario saludable al proporcionar un equilibrio mineral adecuado. Alto contenido de proteínas Después de castrar los gatos tienden a engordar. Sterilised ayuda a mantener la masa muscular gracias a un alto contenido de proteínas. Enriquecido con L-Carnitina La L-carnitina está involucrada en el metabolismo de las grasas. Alimento completo y balanceado para gatos – Especialmente para gatos esterilizados (de 1 a 7 años).;;{};Imagenes_Alimentos/AllendesHnos/gatos/royal-canin/royal-canin-royal-canin-adult-feline-sterilised-400-gr-12040.png;https://www.allendeshnos.cl/wp-content/uploads/2024/11/Regular-Sterilised-400-gr.png;https://www.allendeshnos.cl/producto/12040/
dog-chow-dog-chow-adultos-raza-pequena-24kg;Allendes Hnos;Dog Chow;perro;adulto;Dog Chow Adultos Raza Pequeña 24kg;"[""24kg""]";Alimento seco para perros adultos minis y pequeños DOG CHOW® con Carne y Pollo, sin colorantes. En cada croqueta encontrarás un alimento 100% balanceado, con probióticos naturales que equilibran su flora intestinal, omegas 6 y 3 y niveles de sodio adecuados. Ayuda a cuidar la salud oral, a mantener un corazón sano y tener músculos y huesos fuertes. Con Extralife, una mezcla especial de antioxidantes, vitaminas y minerales que ayuda a maximizar la calidad de vida de tu perro día tras día, entregando hasta 1,8 años más de vida saludable juntos. Beneficios Equilibra la flora intestinal Ayuda a mantener un corazón sano Músculos y huesos fuertes Alimento seco para perros adultos minis y pequeños DOG CHOW® con Carne y Pollo, sin colorantes. En cada croqueta encontrarás un alimento 100% balanceado, con probióticos naturales que equilibran su flora intestinal, omegas 6 y 3 y niveles de sodio adecuados.;;{};Imagenes_Alimentos/AllendesHnos/perros/dog-chow/dog-chow-dog-chow-adultos-raza-pequena-24kg-12030.png;https://www.allendeshnos.cl/wp-content/uploads/2024/11/DOG-CHOW-WEB-1.png;https://www.allendeshnos.cl/producto/dog-chow-adultos-raza-pequena-24kg/
pedigree-pedigree-dentastix-raza-mediana-7-sticks-10-und;Allendes Hnos;Pedigree;perro;adulto;Pedigree Dentastix Raza Mediana  7 Sticks (10 und);"[""7 Sticks"", ""10 und""]";Pedigree® Dentastix™ es el primer snack del mercado pensado exclusivamente para el cuidado oral de perros de razas medianas. Es una solución efectiva para mantener sus dientes limpios y sanos, de forma fácil y divertida.Con un Pedigree® Dentastix™ por día, prevenís y cuidás la salud oral de tu perro gracias a su Triple Acción Pedigree® Dentastix™ es el primer snack del mercado pensado exclusivamente para el cuidado oral de perros de razas medianas. Es una solución efectiva para mantener sus dientes limpios y sanos, de forma fácil y divertida.Con un Pedigree® Dentastix™ por día, prevenís y cuidás la salud oral de tu perro gracias a su Triple Acción;;{};Imagenes_Alimentos/AllendesHnos/perros/pedigree/pedigree-pedigree-dentastix-raza-mediana-7-sticks-10-un-12023.png;https://www.allendeshnos.cl/wp-content/uploads/2024/11/r.-mediana-179.png;https://www.allendeshnos.cl/producto/pedigree-dentastix-raza-mediana-7-sticks-10-und/
pedigree-pedigree-dentastix-raza-mediana-3-sticks-18-und;Allendes Hnos;Pedigree;perro;adulto;Pedigree Dentastix Raza Mediana 3 Sticks (18 und);"[""3 Sticks"", ""18 und""]";Pedigree® Dentastix™ es el primer snack del mercado pensado exclusivamente para el cuidado oral de perros de razas medianas. Es una solución efectiva para mantener sus dientes limpios y sanos, de forma fácil y divertida.Con un Pedigree® Dentastix™ por día, prevenís y cuidás la salud oral de tu perro gracias a su Triple Acción Pedigree® Dentastix™ es el primer snack del mercado pensado exclusivamente para el cuidado oral de perros de razas medianas. Es una solución efectiva para mantener sus dientes limpios y sanos, de forma fácil y divertida.Con un Pedigree® Dentastix™ por día, prevenís y cuidás la salud oral de tu perro gracias a su Triple Acción;;{};Imagenes_Alimentos/AllendesHnos/perros/pedigree/pedigree-pedigree-dentastix-raza-mediana-3-sticks-18-un-12024.png;https://www.allendeshnos.cl/wp-content/uploads/2024/11/r.-mediana-77gr.png;https://www.allendeshnos.cl/producto/pedigree-dentastix-raza-mediana-3-sticks-18-und/
champion-dog-champion-dog-galleta-granel-10kg;Allendes Hnos;Champion Dog;perro;adulto;Champion Dog Galleta Granel 10kg;"[""10Kg""]";La felicidad de tu perro se alimenta todos los días y en cada momento que compartes junto a él. Disfrutando tarde de juegos, paseos al parque y cariños por montón le demuestras lo importante que es para ti… Porque verlo feliz te hace feliz. Junto a esto, una buena alimentación es fundamental para mantener su salud y bienestar. La felicidad de tu perro se alimenta todos los días y en cada momento que compartes junto a él. Disfrutando tarde de juegos, paseos al parque y cariños por montón le demuestras lo importante que es para ti… Porque verlo feliz te hace feliz. Junto a esto, una buena alimentación es fundamental para mantener su salud y bienestar.;;{};Imagenes_Alimentos/AllendesHnos/perros/champion-dog/champion-dog-champion-dog-galleta-granel-10kg-12020.png;https://www.allendeshnos.cl/wp-content/uploads/2024/11/galletas-granel.png;https://www.allendeshnos.cl/producto/champion-dog-galleta-granel-10kg/
pro-plan-pro-plan-cachorro-raza-grande-15kg;Allendes Hnos;Pro Plan;perro;cachorro;Pro Plan Cachorro Raza Grande 15kg;"[""15kg""]";Los cachorros de razas grandes pueden tener un crecimiento anormal si no se les brinda una nutrición adecuada a sus necesidades específicas. Durante la etapa de desarrollo la inmunidad del cachorro permanecerá baja, aumentando su vulnerabilidad. Ayuda a fortalecer el sistema inmunológico. Contiene anticuerpos naturales del calostro y proteínas de alta calidad que extienden la protección del cachorro en su primer año. Optimiza la absorción de nutrientes. Formulado con calostro, contiene prebióticos y anticuerpos naturales que promueven un sistema digestivo estable, para que el cachorro pueda absorber una mayor cantidad de nutrientes. Estimula un crecimiento óptimo. Una exclusiva combinación de ingredientes, que incluye micro-nutrientes, factores de crecimiento del calostro y minerales esenciales que ayuda a estimular el crecimento apropiado y el desarrollo de los huesos de los cachorros, para que crezcan saludables. Los cachorros de razas grandes pueden tener un crecimiento anormal si no se les brinda una nutrición adecuada a sus necesidades específicas. Durante la etapa de desarrollo la inmunidad del cachorro permanecerá baja, aumentando su vulnerabilidad.;;{};Imagenes_Alimentos/AllendesHnos/perros/pro-plan/pro-plan-pro-plan-cachorro-raza-grande-15kg-12003.png;https://www.allendeshnos.cl/wp-content/uploads/2024/11/razas-grandes-cachorro.png;https://www.allendeshnos.cl/producto/pro-plan-cachorro-raza-grande-15kg/
pro-plan-pro-plan-adulto-raza-grande-15kg;Allendes Hnos;Pro Plan;perro;adulto;Pro Plan Adulto Raza Grande 15kg;"[""15kg""]";Provee nutrición de avanzada que ayuda a los perros de razas grandes a mantenerse fuertes y llenos de vitalidad. Utilizando como ingrediente principal carne fresca de pollo, esta fórmula ofrece, a través de croquetas más grandes, una nutrición con alto contenido de proteínas (26%) de calidad y menos calorías provenientes de la grasa (12%). Provee nutrición de avanzada que ayuda a los perros de razas grandes a mantenerse fuertes y llenos de vitalidad. Utilizando como ingrediente principal carne fresca de pollo, esta fórmula ofrece, a través de croquetas más grandes, una nutrición con alto contenido de proteínas (26%) de calidad y menos calorías provenientes de la grasa (12%).;;{};Imagenes_Alimentos/AllendesHnos/perros/pro-plan/pro-plan-pro-plan-adulto-raza-grande-15kg-12000.png;https://www.allendeshnos.cl/wp-content/uploads/2024/11/pro-plan-R.G-15KG.png;https://www.allendeshnos.cl/producto/pro-plan-adulto-raza-grande-15kg/
pedigree-pedigree-pouch-cachorro-pollo-100gr-18-und;Allendes Hnos;Pedigree;perro;cachorro;Pedigree Pouch Cachorro Pollo 100gr (18 und);"[""100gr""]";Los alimentos PEDIGREE, fomentan, apoyan, fortalecen y alimentan el poder de un perro para ser más saludable y feliz en cada etapa de la vida. Deliciosos y nutritivos trocitos de pollo que no alteran la calidad de las heces. Para perros adultos. Proporcionan una alimentación tan completa y balanceada como nuestro alimento seco que ya conoces Fibras altamente digestibles y sin conservantes Alimento 100% Completo y Balanceado. Elaborado con Ingredientes Naturales como proteínas animales y vegetales Ayuda al sistema inmune, gracias a la vitamina E que fortalecen la salud de tu perro Sin sabores, colorantes, ni conservadores artificiales Fuente de proteína y Balance ideal de fibras Con Omega 6 y Zinc para un pelo saludable. Combínalo con sus croquetas Pedigree todos los dias Los alimentos PEDIGREE, fomentan, apoyan, fortalecen y alimentan el poder de un perro para ser más saludable y feliz en cada etapa de la vida. Deliciosos y nutritivos trocitos de pollo que no alteran la calidad de las heces. Para perros adultos. Proporcionan una alimentación tan completa y balanceada como nuestro alimento seco que ya conoces Fibras altamente digestibles y sin conservantes;Naturales como proteínas animales y vegetales Ayuda al sistema inmune, gracias a la vitamina E que fortalecen la salud de tu perro Sin sabores, colorantes, ni conservadores artificiales Fuente de proteína y Balance ideal de fibras Con Omega 6 y Zinc para un pelo saludable. Combínalo con sus croquetas Pedigree todos los dias Los alimentos PEDIGREE, fomentan, apoyan, fortalecen y alimentan el poder de un perro para ser más saludable y feliz en cada etapa de la vida. Deliciosos y nutritivos trocitos de pollo que no alteran la calidad de las heces. Para perros adultos. Proporcionan una alimentación tan completa y balanceada como nuestro alimento seco que ya conoces Fibras altamente digestibles y sin conservantes;{};Imagenes_Alimentos/AllendesHnos/perros/pedigree/pedigree-pedigree-pouch-cachorro-pollo-100gr-18-und-11996.png;https://www.allendeshnos.cl/wp-content/uploads/2024/11/PEDIGREE-WEB.png;https://www.allendeshnos.cl/producto/pedigree-pouch-cachorro-pollo-100gr-18-und/
whiskas-whiskas-gatos-castrados-mix-de-carne-10kg;Allendes Hnos;Whiskas;gato;adulto;Whiskas Gatos Castrados Mix de Carne 10kg;"[""10Kg""]";Nueva receta, cuidadosamente preparada para satisfacer las necesidades nutricionales de su gato Alimento para gatos 100% completo y balanceado Fibras múltiples apoyan el funcionamiento gastrointestinal, contribuyendo a la formación de heces firmes y fáciles de limpiar. Recomendado por Waltham Petcare Science Institute – Una de las autoridades mundiales líderes en nutrición, cuidado y bienestar animal. Con omega 6 y zinc para ayudar a mantener una piel y pelo sano Nueva receta, cuidadosamente preparada para satisfacer las necesidades nutricionales de su gato Alimento para gatos 100% completo y balanceado Fibras múltiples apoyan el funcionamiento gastrointestinal, contribuyendo a la formación de heces firmes y fáciles de limpiar. Recomendado por Waltham Petcare Science Institute – Una de las autoridades mundiales líderes en nutrición, cuidado y bienestar animal. Con omega 6 y zinc para ayudar a mantener una piel y pelo sano;;{};Imagenes_Alimentos/AllendesHnos/gatos/whiskas/whiskas-whiskas-gatos-castrados-mix-de-carne-10kg-11992.png;https://www.allendeshnos.cl/wp-content/uploads/2024/11/castrados.png;https://www.allendeshnos.cl/producto/whiskas-gatos-castrados-mix-de-carne-10kg/
master-dog-master-dog-cachorro-galletas-500-gr-12-und;Allendes Hnos;Master Dog;perro;cachorro;Master Dog Cachorro Galletas 500 gr (12 und);"[""500gr""]";Con las exquisitas galletas horneadas sabor leche, estarás premiando a tu Master Dog Cachorro Razas Medianas y Grandes de manera saludable (Contiene prebióticos que fortalecen su sistema inmunológico) y también estarás cuidando al medio ambiente, ya que redujimos un 25% de material de plástico en su envase. PREBIÓTICOS Tu Master Dog al igual que nosotros, necesitan fortalecer sus defensas sobre todo cuando son cachorros, y gracias al aporte de prebióticos su inmunidad se ve reforzada. Con las exquisitas galletas horneadas sabor leche, estarás premiando a tu Master Dog Cachorro Razas Medianas y Grandes de manera saludable (Contiene prebióticos que fortalecen su sistema inmunológico) y también estarás cuidando al medio ambiente, ya que redujimos un 25% de material de plástico en su envase.;;{};Imagenes_Alimentos/AllendesHnos/perros/master-dog/master-dog-master-dog-cachorro-galletas-500-gr-12-und-11986.png;https://www.allendeshnos.cl/wp-content/uploads/2024/11/Master-Dog-Web-.png;https://www.allendeshnos.cl/producto/master-dog-cachorro-galletas-500-gr-12-und/
master-dog-master-dog-adulto-galletas-carne-500-gr-12-und;Allendes Hnos;Master Dog;perro;adulto;Master Dog Adulto Galletas Carne 500 gr (12 und);"[""500gr""]";Con las exquisitas galletas horneadas sabor carne, estarás premiando a tu Master Dog de manera saludable (contienen omega 3) y también estarás cuidando el medio ambiente, ya que redujimos un 25% de material de plástico en su envase. PIEL SANA Y PELAJE BRILLANTE La óptima concentración de ácidos omega 3 favorece el funcionamiento del corazón, mejora las condiciones de la piel y pelaje, y optimiza la performance del sistema inmune. Con las exquisitas galletas horneadas sabor carne, estarás premiando a tu Master Dog de manera saludable (contienen omega 3) y también estarás cuidando el medio ambiente, ya que redujimos un 25% de material de plástico en su envase.;;{};Imagenes_Alimentos/AllendesHnos/perros/master-dog/master-dog-master-dog-adulto-galletas-carne-500-gr-12-u-11985.png;https://www.allendeshnos.cl/wp-content/uploads/2024/11/24516.png;https://www.allendeshnos.cl/producto/master-dog-adulto-galletas-carne-500-gr-12-und/
pedigree-pedigree-cachorro-sabor-carne-y-pollo-8kg;Allendes Hnos;Pedigree;perro;cachorro;Pedigree Cachorro Sabor Carne y Pollo 8kg;"[""8kg""]";Ayuda su sistema inmunológico gracias a su contenido de antioxidantes, vitamina E y Selenio Con Nutri Defense™ para un óptimo crecimiento DHA para contribuir al desarrollo cerebral y visual Fibras naturales para una óptima digestión Con calcio para huesos fuertes Pedigree cachorro- alimento 100% completo y balanceado para perros cachorros;;{};Imagenes_Alimentos/AllendesHnos/perros/pedigree/pedigree-pedigree-cachorro-sabor-carne-y-pollo-8kg-11967.png;https://www.allendeshnos.cl/wp-content/uploads/2024/10/cachorro-8kg.png;https://www.allendeshnos.cl/producto/pedigree-cachorro-sabor-carne-y-pollo-8kg/
pedigree-pedigree-adulto-razas-pequenas-sabor-carne-y-vegetales-8kg;Allendes Hnos;Pedigree;perro;adulto;Pedigree Adulto Razas Pequeñas Sabor Carne y Vegetales 8kg;"[""8kg""]";Ayuda su sistema inmunológico gracias a su contenido de antioxidantes, vitamina E y Selenio 24 vitaminas y minerales para una nutrición completa y balanceada. Proteínas de alta calidad Vegetales y granos selectos Óptima digestión Pedigree adulto razas pequeñas – alimento 100% completo y balanceado para perros adultos;;{};Imagenes_Alimentos/AllendesHnos/perros/pedigree/pedigree-pedigree-adulto-razas-pequenas-sabor-carne-y-v-11964.png;https://www.allendeshnos.cl/wp-content/uploads/2024/10/ad-rp-8kg.png;https://www.allendeshnos.cl/producto/pedigree-adulto-razas-pequenas-sabor-carne-y-vegetales-8kg/
pedigree-pedigree-senior-8kg;Allendes Hnos;Pedigree;perro;senior;Pedigree Senior 8kg;"[""8kg""]";Ayuda su sistema inmunológico gracias a su contenido de antioxidantes, vitamina E y Selenio 24 vitaminas y minerales para una nutrición completa y balanceada. Proteínas de alta calidad Croquetas fáciles de romper para una masticación adecuada. Ayuda a un sistema digestivo sano . Pedigree Senior 7+ años- Alimento 100% completo y balanceado para perros adultos;;{};Imagenes_Alimentos/AllendesHnos/perros/pedigree/pedigree-pedigree-senior-8kg-11960.png;https://www.allendeshnos.cl/wp-content/uploads/2024/10/snior-8kg.png;https://www.allendeshnos.cl/producto/pedigree-senior-8kg/
animal-planet-nutribalance-animal-planet-nutribalance-tiritas-de-pato-con-pollo-100gr-12-und;Allendes Hnos;Animal Planet Nutribalance;perro;adulto;Animal Planet Nutribalance Tiritas de Pato con Pollo 100gr (12 und);"[""100gr""]";Animal Planet Nutribalance, Snack perro hecho con proteína de origen animal,sin colorantes añadidos y con mayor digestibilidad, que le permite al perro y al gato absorber mejor los nutrientes del producto. Animal Planet Nutribalance, Snack perro hecho con proteína de origen animal,sin colorantes añadidos y con mayor digestibilidad, que le permite al perro y al gato absorber mejor los nutrientes del producto.;;{};Imagenes_Alimentos/AllendesHnos/perros/animal-planet-nutribalance/animal-planet-nutribalance-animal-planet-nutribalance-t-11940.png;https://www.allendeshnos.cl/wp-content/uploads/2024/10/Tiritas-de-pollo-perro.png;https://www.allendeshnos.cl/producto/animal-planet-nutribalance-tiritas-de-pato-con-pollo-100gr-12-und/
animal-planet-nutribalance-animal-planet-nutribalance-trozos-de-pollo-con-vegetales-100gr-12-und;Allendes Hnos;Animal Planet Nutribalance;perro;adulto;Animal Planet Nutribalance Trozos de Pollo con Vegetales 100gr (12 und);"[""100gr""]";Animal Planet Nutribalance, Snack perro hecho con proteína de origen animal,sin colorantes añadidos y con mayor digestibilidad, que le permite al perro y al gato absorber mejor los nutrientes del producto. -Óptima digestión: snack formulado con ingredientes naturales, es un complemento a la alimentación diaria de su mascota, debido al origen de su composición promueve una óptima digestión. Animal Planet Nutribalance, Snack perro hecho con proteína de origen animal,sin colorantes añadidos y con mayor digestibilidad, que le permite al perro y al gato absorber mejor los nutrientes del producto.;naturales, es un complemento a la alimentación diaria de su mascota, debido al origen de su composición promueve una óptima digestión. Animal Planet Nutribalance, Snack perro hecho con proteína de origen animal,sin colorantes añadidos y con mayor digestibilidad, que le permite al perro y al gato absorber mejor los nutrientes del producto.;{};Imagenes_Alimentos/AllendesHnos/perros/animal-planet-nutribalance/animal-planet-nutribalance-animal-planet-nutribalance-t-11941.png;https://www.allendeshnos.cl/wp-content/uploads/2024/10/trozos-vegetakes.png;https://www.allendeshnos.cl/producto/animal-planet-nutribalance-trozos-de-pollo-con-vegetales-100gr-12-und/
animal-planet-nutribalance-animal-planet-nutribalance-trozos-de-vacuno-con-pollo-100gr-12-und;Allendes Hnos;Animal Planet Nutribalance;perro;adulto;Animal Planet Nutribalance Trozos de Vacuno Con Pollo 100gr (12 und);"[""100gr""]";Animal Planet Nutribalance, Snack perro hecho con proteína de origen animal,sin colorantes añadidos y con mayor digestibilidad, que le permite al perro y al gato absorber mejor los nutrientes del producto. -Óptima digestión: snack formulado con ingredientes naturales, es un complemento a la alimentación diaria de su mascota, debido al origen de su composición promueve una óptima digestión. Animal Planet Nutribalance, Snack perro hecho con proteína de origen animal,sin colorantes añadidos y con mayor digestibilidad, que le permite al perro y al gato absorber mejor los nutrientes del producto.;naturales, es un complemento a la alimentación diaria de su mascota, debido al origen de su composición promueve una óptima digestión. Animal Planet Nutribalance, Snack perro hecho con proteína de origen animal,sin colorantes añadidos y con mayor digestibilidad, que le permite al perro y al gato absorber mejor los nutrientes del producto.;{};Imagenes_Alimentos/AllendesHnos/perros/animal-planet-nutribalance/animal-planet-nutribalance-animal-planet-nutribalance-t-11935.png;https://www.allendeshnos.cl/wp-content/uploads/2024/10/TROZOS-DE-VACUNO-CON-POLLO.png;https://www.allendeshnos.cl/producto/animal-planet-nutribalance-trozos-de-vacuno-con-pollo-100gr-12-und/
animal-planet-nutribalance-animal-planet-nutribalance-trozos-gato-salmon;Allendes Hnos;Animal Planet Nutribalance;gato;adulto;Animal Planet Nutribalance Trozos Gato Salmón;"[""65gr""]";Animal Planet Nutribalance, Snack gato hecho con proteína de origen animal,sin colorantes añadidos y con mayor digestibilidad, que le permite al perro y al gato absorber mejor los nutrientes del producto. -Óptima digestión: snack formulado con ingredientes naturales, es un complemento a la alimentación diaria de su mascota, debido al origen de su composición promueve una óptima digestión. Animal Planet Nutribalance, Snack gato hecho con proteína de origen animal,sin colorantes añadidos y con mayor digestibilidad, que le permite al perro y al gato absorber mejor los nutrientes del producto.;naturales, es un complemento a la alimentación diaria de su mascota, debido al origen de su composición promueve una óptima digestión. Animal Planet Nutribalance, Snack gato hecho con proteína de origen animal,sin colorantes añadidos y con mayor digestibilidad, que le permite al perro y al gato absorber mejor los nutrientes del producto.;{};Imagenes_Alimentos/AllendesHnos/gatos/animal-planet-nutribalance/animal-planet-nutribalance-animal-planet-nutribalance-t-11934.png;https://www.allendeshnos.cl/wp-content/uploads/2024/10/Trozos-de-Salmon-con-Pollo.png;https://www.allendeshnos.cl/producto/animal-planet-nutribalance-trozos-gato-salmon/
animal-planet-nutribalance-animal-planet-nutribalance-perro-tiritas-de-vacuno-100gr-12-und;Allendes Hnos;Animal Planet Nutribalance;perro;adulto;Animal Planet Nutribalance Perro Tiritas De Vacuno 100gr (12 und);"[""100gr""]";Animal Planet Nutribalance, Snack perro hecho con proteína de origen animal, sin colorantes añadidos y con mayor digestibilidad, que le permite al perro y al gato absorber mejor los nutrientes del producto. -Óptima digestión: snack formulado con ingredientes naturales, es un complemento a la alimentación diaria de su mascota, debido al origen de su composición promueve una óptima digestión. Animal Planet Nutribalance, Snack perro hecho con proteína de origen animal, sin colorantes añadidos y con mayor digestibilidad, que le permite al perro y al gato absorber mejor los nutrientes del producto.;naturales, es un complemento a la alimentación diaria de su mascota, debido al origen de su composición promueve una óptima digestión. Animal Planet Nutribalance, Snack perro hecho con proteína de origen animal, sin colorantes añadidos y con mayor digestibilidad, que le permite al perro y al gato absorber mejor los nutrientes del producto.;{};Imagenes_Alimentos/AllendesHnos/perros/animal-planet-nutribalance/animal-planet-nutribalance-animal-planet-nutribalance-p-11939.png;https://www.allendeshnos.cl/wp-content/uploads/2024/10/Tiritas-de-vacuno.png;https://www.allendeshnos.cl/producto/animal-planet-nutribalance-perro-tiritas-de-vacuno-100gr-12-und/
animal-planet-nutribalance-animal-planet-nutribalance-tiritas-de-gato-pollo-65gr-12-und;Allendes Hnos;Animal Planet Nutribalance;gato;adulto;Animal Planet Nutribalance Tiritas de Gato Pollo 65gr (12 und);"[""65gr""]";Animal Planet Nutribalance, Snack gato hecho con proteína de origen animal,sin colorantes añadidos y con mayor digestibilidad, que le permite al perro y al gato absorber mejor los nutrientes del producto. Animal Planet Nutribalance, Snack gato hecho con proteína de origen animal,sin colorantes añadidos y con mayor digestibilidad, que le permite al perro y al gato absorber mejor los nutrientes del producto.;;{};Imagenes_Alimentos/AllendesHnos/gatos/animal-planet-nutribalance/animal-planet-nutribalance-animal-planet-nutribalance-t-11938.png;https://www.allendeshnos.cl/wp-content/uploads/2024/10/Tiritas-de-pollo.png;https://www.allendeshnos.cl/producto/animal-planet-nutribalance-tiritas-de-gato-pollo-65gr-12-und/
juvenia-juvenia-gato-adulto-15kg;Allendes Hnos;Juvenia;perro;adulto;Juvenia Gato Adulto 1.5kg;"[""1,5kg""]";Juvenia Nutrition Gatos es el nuevo y único alimento para gatos que incorpora en su fórmula/núcleo Juvenia: resveratrol. El resveratrol es la nueva frontera en antioxidantes de origen natural y es el más potente hasta hoy conocido. El núcleo Juvenia tiene un especial sistema de termo protección y una cobertura entérica que lo hace pasar el estómago del gato y disolverse/absorberse en el duodeno. Su fórmula está patentada en USA. Previene enfermedades, mejora la salud y demora el envejecimiento prematuro. Juvenia Nutrition Gatos es el nuevo y único alimento para gatos que incorpora en su fórmula/núcleo Juvenia: resveratrol. El resveratrol es la nueva frontera en antioxidantes de origen natural y es el más potente hasta hoy conocido. El núcleo Juvenia tiene un especial sistema de termo protección y una cobertura entérica que lo hace pasar el estómago del gato y disolverse/absorberse en el duodeno. Su fórmula está patentada en USA. Previene enfermedades, mejora la salud y demora el envejecimiento prematuro.;;{};Imagenes_Alimentos/AllendesHnos/perros/juvenia/juvenia-juvenia-gato-adulto-15kg-11933.png;https://www.allendeshnos.cl/wp-content/uploads/2024/10/gato.png;https://www.allendeshnos.cl/producto/juvenia-gato-adulto-1-5kg/
canito-canito-adulto-carne-25kg;Allendes Hnos;Canito;perro;adulto;Canito Adulto Carne 25kg;"[""25kg""]";Es un alimento completo para perros desde 1 año de edad, que contiene todos los nutrientes que tu perro adulto necesita para mantenerse en buena forma. Para hembras en sus tres últimas semanas de gestación y durante la lactancia, es recomendable suministrar CANITO. El Aporte de Omega Plus en la dieta de Canito Adulto •Pelaje suave y brillante: Omega Plus ayuda a mantener la piel sana y pelaje brillante porque contiene ácidos grasos esenciales, los que son indispensables en la etapa adulto de su perro. •Óptima salud: Sabrokan Adulto con Omega Plus proporciona todas las vitaminas, minerales, ácidos grasos y nutrientes necesarios para que su mascota goce de la vitalidad y energía que necesita un perro en la etapa adulta. Es un alimento completo para perros desde 1 año de edad, que contiene todos los nutrientes que tu perro adulto necesita para mantenerse en buena forma. Para hembras en sus tres últimas semanas de gestación y durante la lactancia, es recomendable suministrar CANITO. El Aporte de Omega Plus en la dieta de Canito Adulto;;{};Imagenes_Alimentos/AllendesHnos/perros/canito/canito-canito-adulto-carne-25kg-11930.png;https://www.allendeshnos.cl/wp-content/uploads/2024/10/canito.png;https://www.allendeshnos.cl/producto/canito-adulto-carne-25kg/
blackdog-black-dog-cachorro-10kg;Allendes Hnos;BlackDog;perro;cachorro;Black Dog Cachorro 10kg;"[""10Kg""]";Black Dog Cachorro Sabor Carne y Cereales es un alimento completo y balanceado para perros cachorros de todas las razas y tamaños. Black Dog Cachorro Sabor Carne y Cereales es un alimento completo y balanceado para perros cachorros de todas las razas y tamaños.;;{};Imagenes_Alimentos/AllendesHnos/perros/blackdog/blackdog-black-dog-cachorro-10kg-11919.png;https://www.allendeshnos.cl/wp-content/uploads/2024/10/black-dog-10kg.png;https://www.allendeshnos.cl/producto/black-dog-cachorro-10kg/
blackdog-black-dog-adulto-10kg;Allendes Hnos;BlackDog;perro;adulto;Black Dog Adulto 10kg;"[""10Kg""]";Black Dog Adulto Sabor Carne y Cereales es un alimento completo y balanceado para perros adultos de todas las razas y tamaños. Protección de la Salud : Contiene prebióticos que mejoran el funcionamiento del sistema inmune responsable de una adecuada defensa de tu perro frente a enfermedades. Además,mejoran la consistencia de las heces. Black Dog Adulto Sabor Carne y Cereales es un alimento completo y balanceado para perros adultos de todas las razas y tamaños.;;{};Imagenes_Alimentos/AllendesHnos/perros/blackdog/blackdog-black-dog-adulto-10kg-11920.png;https://www.allendeshnos.cl/wp-content/uploads/2024/10/black-dog-adulto-10kg.png;https://www.allendeshnos.cl/producto/black-dog-adulto-10kg/
blackdog-black-dog-adulto-25kg;Allendes Hnos;BlackDog;perro;adulto;Black Dog Adulto 25kg;"[""25kg""]";Black Dog Adulto Sabor Carne y Cereales es un alimento completo y balanceado para perros adultos de todas las razas y tamaños. Protección de la Salud : Contiene prebióticos que mejoran el funcionamiento del sistema inmune responsable de una adecuada defensa de tu perro frente a enfermedades. Además,mejoran la consistencia de las heces. Black Dog Adulto Sabor Carne y Cereales es un alimento completo y balanceado para perros adultos de todas las razas y tamaños.;;{};Imagenes_Alimentos/AllendesHnos/perros/blackdog/blackdog-black-dog-adulto-25kg-11918.png;https://www.allendeshnos.cl/wp-content/uploads/2024/10/black-dog-adulto25kg.png;https://www.allendeshnos.cl/producto/black-dog-adulto-25kg/
top-one-top-one-perro-adulto-raza-pequena-9kg;Allendes Hnos;Top One;perro;adulto;Top One Perro Adulto Raza Pequeña 9kg;"[""9kg""]";De proteína para mantener tejidos óseos y musculares sanos Con Pollo Favorece el sistema inmune Sistema digestivo saludable Piel sana y pelaje brillante Con omega 3 y 6, ácidos grasos esenciales, que benefician un pelaje sano, entregando elasticidad a la piel de tu perro. Gracias a la adición de extracto de yucca y un adecuado balance de zeolita, se generan heces más firmes y con menos olor.;;{};Imagenes_Alimentos/AllendesHnos/perros/top-one/top-one-top-one-perro-adulto-raza-pequena-9kg-11906.png;https://www.allendeshnos.cl/wp-content/uploads/2024/10/rp-9-top-one.png;https://www.allendeshnos.cl/producto/top-one-perro-adulto-raza-pequena-9kg/
top-one-top-one-perro-adulto-raza-mediana-y-grande-18kg;Allendes Hnos;Top One;perro;adulto;Top One Perro Adulto Raza Mediana y Grande 18kg;"[""18kg""]";De proteína para mantener tejidos óseos y musculares sanos Con Pollo Favorece el sistema inmune Sistema digestivo saludable Piel sana y pelaje brillante Con omega 3 y 6, ácidos grasos esenciales, que benefician un pelaje sano, entregando elasticidad a la piel de tu perro. Gracias a la adición de extracto de yucca y un adecuado balance de zeolita, se generan heces más firmes y con menos olor. Favorecen el funcionamiento del sistema inmune, retardando el estrés oxidativo y evitando el envejecimiento prematuro.;;{};Imagenes_Alimentos/AllendesHnos/perros/top-one/top-one-top-one-perro-adulto-raza-mediana-y-grande-18kg-11905.png;https://www.allendeshnos.cl/wp-content/uploads/2024/10/adulto-18-top-one.png;https://www.allendeshnos.cl/producto/top-one-perro-adulto-raza-mediana-y-grande-18kg/
top-one-top-one-perro-adulto-raza-mediana-y-grande-9kg;Allendes Hnos;Top One;perro;adulto;Top One Perro Adulto Raza Mediana y Grande 9kg;"[""9kg""]";De proteína para mantener tejidos óseos y musculares sanos Con Pollo Favorece el sistema inmune Sistema digestivo saludable Piel sana y pelaje brillante Con omega 3 y 6, ácidos grasos esenciales, que benefician un pelaje sano, entregando elasticidad a la piel de tu perro. Gracias a la adición de extracto de yucca y un adecuado balance de zeolita, se generan heces más firmes y con menos olor. Favorecen el funcionamiento del sistema inmune, retardando el estrés oxidativo y evitando el envejecimiento prematuro.;;{};Imagenes_Alimentos/AllendesHnos/perros/top-one/top-one-top-one-perro-adulto-raza-mediana-y-grande-9kg-11904.png;https://www.allendeshnos.cl/wp-content/uploads/2024/10/adulto-9-top-one.png;https://www.allendeshnos.cl/producto/top-one-perro-adulto-raza-mediana-y-grande-9kg/
top-one-top-one-cachorro-9kg;Allendes Hnos;Top One;perro;cachorro;Top One Cachorro 9kg;"[""9kg""]";De proteína para un crecimiento óptimo Con Pollo Desarrolla sistema nervioso central Favorece el sistema inmune Piel sana y pelaje brillante Gracias a sus niveles de DHA, promueve el desarrollo del cerebro y la visión.;;{};Imagenes_Alimentos/AllendesHnos/perros/top-one/top-one-top-one-cachorro-9kg-11903.png;https://www.allendeshnos.cl/wp-content/uploads/2024/10/cachorro-top-one.png;https://www.allendeshnos.cl/producto/top-one-cachorro-9kg/
top-one-top-one-gato-adulto-9kg;Allendes Hnos;Top One;gato;adulto;Top One Gato Adulto 9kg;"[""9kg""]";"De proteína para mantener tejidos óseos y musculares sanos Con Pollo Con Salmón Para un corazón saludable Favorece el sistema inmune Piel sana y pelaje brillante PIEL Y PELAJE BRILLANTE; Con omega 3 y 6, ácidos grasos esenciales, que benefician un pelaje sano, entregando elasticidad a la piel de tu gato.";;{};Imagenes_Alimentos/AllendesHnos/gatos/top-one/top-one-top-one-gato-adulto-9kg-11902.png;https://www.allendeshnos.cl/wp-content/uploads/2024/10/gato-top-one.png;https://www.allendeshnos.cl/producto/top-one-gato-adulto-9kg/
sabrokan-sabrokan-cachorro-8kg;Allendes Hnos;Sabrokan;perro;cachorro;Sabrokan Cachorro 8kg;"[""8kg""]";Sabrokan Cachorro es un alimento completo para perros hasta 1 año de edad, que contiene todos los nutrientes que tu perro necesita para mantenerse en buena forma. Sabrokan Cachorro es un alimento completo para perros hasta 1 año de edad, que contiene todos los nutrientes que tu perro necesita para mantenerse en buena forma.;;{};Imagenes_Alimentos/AllendesHnos/perros/sabrokan/sabrokan-sabrokan-cachorro-8kg-11897.png;https://www.allendeshnos.cl/wp-content/uploads/2024/10/8kg.png;https://www.allendeshnos.cl/producto/sabrokan-cachorro-8kg/
dog-chow-dog-chow-cachorros-razas-medianas-y-grandes-24kg;Allendes Hnos;Dog Chow;perro;cachorro;Dog Chow Cachorros Razas Medianas y Grandes 24kg;"[""24kg""]";Alimento seco para cachorros medianos y grandes DOG CHOW® con Carne y Pollo, sin colorantes. En cada croqueta encontrarás un alimento 100% balanceado, con probióticos naturales que equilibran su flora intestinal, omegas 6 y 3 y niveles de sodio adecuados. Promueve el desarrollo del cerebro y la visión, un crecimiento sano, un pelaje brillante y músculos y huesos fuertes. Con Extralife, una mezcla especial de antioxidantes, vitaminas y minerales que ayuda a maximizar la calidad de vida de tu perro día tras día, entregando hasta 1,8 años más de vida saludable juntos. Beneficios Crecimiento Sano Promueve un pelaje brillante Promueve el desarrollo del cerebro y la visión Alimento seco para cachorros medianos y grandes DOG CHOW® con Carne y Pollo, sin colorantes. En cada croqueta encontrarás un alimento 100% balanceado, con probióticos naturales que equilibran su flora intestinal, omegas 6 y 3 y niveles de sodio adecuados. Promueve el desarrollo del cerebro y la visión, un crecimiento sano, un pelaje brillante y músculos y huesos fuertes. Con Extralife, una mezcla especial de antioxidantes, vitaminas y minerales que ayuda a maximizar la calidad de vida de tu perro día tras día, entregando hasta 1,8 años más de vida saludable juntos.;;{};Imagenes_Alimentos/AllendesHnos/perros/dog-chow/dog-chow-dog-chow-cachorros-razas-medianas-y-grandes-24-11883.png;https://www.allendeshnos.cl/wp-content/uploads/2024/10/2-1.png;https://www.allendeshnos.cl/producto/dog-chow-cachorros-razas-medianas-y-grandes-24kg/
dog-chow-dog-chow-cachorros-razas-pequenas-24kg;Allendes Hnos;Dog Chow;perro;cachorro;Dog Chow Cachorros Razas Pequeñas 24kg;"[""24kg""]";Alimento seco para cachorros minis y pequeños DOG CHOW® con Carne y Pollo, sin colorantes. En cada croqueta encontrarás un alimento 100% balanceado, con probióticos naturales que equilibran su flora intestinal, omegas 6 y 3 y niveles de sodio adecuados. Promueve el desarrollo del cerebro y la visión, un crecimiento sano, un pelaje brillante, ayuda a mantener un corazón sano y músculos y huesos fuertes. Con Extralife, una mezcla especial de antioxidantes, vitaminas y minerales que ayuda a maximizar la calidad de vida de tu perro día tras día, entregando hasta 1,8 años más de vida saludable juntos. Beneficios Crecimiento Sano Ayuda a mantener un corazón sano Promueve el desarrollo del cerebro y la visión Alimento seco para cachorros minis y pequeños DOG CHOW® con Carne y Pollo, sin colorantes. En cada croqueta encontrarás un alimento 100% balanceado, con probióticos naturales que equilibran su flora intestinal, omegas 6 y 3 y niveles de sodio adecuados. Promueve el desarrollo del cerebro y la visión, un crecimiento sano, un pelaje brillante, ayuda a mantener un corazón sano y músculos y huesos fuertes. Con Extralife, una mezcla especial de antioxidantes, vitaminas y minerales que ayuda a maximizar la calidad de vida de tu perro día tras día, entregando hasta 1,8 años más de vida saludable juntos.;;{};Imagenes_Alimentos/AllendesHnos/perros/dog-chow/dog-chow-dog-chow-cachorros-razas-pequenas-24kg-11882.png;https://www.allendeshnos.cl/wp-content/uploads/2024/10/3-1.png;https://www.allendeshnos.cl/producto/dog-chow-cachorros-razas-pequenas-24kg/
dog-chow-dog-chow-7-senior-18kg;Allendes Hnos;Dog Chow;perro;senior;Dog Chow +7 Senior 18kg;"[""18kg""]";Alimento seco para perros adultos senior +7 DOG CHOW® Longevidad, sin colorantes. En cada croqueta encontrarás un alimento 100% balanceado, con probióticos naturales que equilibran su flora intestinal, omegas 6 y 3 y niveles de sodio adecuados. Ayuda a cuidar la salud oral, promueve un pelaje brillante, ayuda a mantenerlo sano y en forma y a tener músculos y huesos fuertes y a retrasar los signos de la edad. Con Extralife, una mezcla especial de antioxidantes, vitaminas y minerales que ayuda a maximizar la calidad de vida de tu perro día tras día, entregando hasta 1,8 años más de vida saludable juntos. Beneficios Equilibra la flora intestinal Articulaciones y músculos sanos Ayuda a retrasar los signos de la edad Alimento seco para perros adultos senior +7 DOG CHOW® Longevidad, sin colorantes. En cada croqueta encontrarás un alimento 100% balanceado, con probióticos naturales que equilibran su flora intestinal, omegas 6 y 3 y niveles de sodio adecuados. Ayuda a cuidar la salud oral, promueve un pelaje brillante, ayuda a mantenerlo sano y en forma y a tener músculos y huesos fuertes y a retrasar los signos de la edad. Con Extralife, una mezcla especial de antioxidantes, vitaminas y minerales que ayuda a maximizar la calidad de vida de tu perro día tras día, entregando hasta 1,8 años más de vida saludable juntos.;;{};Imagenes_Alimentos/AllendesHnos/perros/dog-chow/dog-chow-dog-chow-7-senior-18kg-11881.png;https://www.allendeshnos.cl/wp-content/uploads/2024/10/DOG-CHOW-WEB.png;https://www.allendeshnos.cl/producto/dog-chow-7-senior-18kg/
dog-chow-dog-chow-adultos-medianos-y-grandes-con-carne-y-pollo;Allendes Hnos;Dog Chow;perro;adulto;Dog Chow Adultos Medianos y Grandes con Carne y Pollo;"[""24kg""]";Alimento seco para perros adultos medianos y grandes DOG CHOW® con Carne y Pollo, sin colorantes. En cada croqueta encontrarás un alimento 100% balanceado, con probióticos naturales que equilibran su flora intestinal, omegas 6 y 3 y niveles de sodio adecuados. Ayuda a cuidar la salud oral, a mantener un corazón sano y tener músculos y huesos fuertes. Con Extralife, una mezcla especial de antioxidantes, vitaminas y minerales que ayuda a maximizar la calidad de vida de tu perro día tras día, entregando hasta 1,8 años más de vida saludable juntos. Beneficios Equilibra la flora intestinal Promueve un pelaje brillante Músculos y huesos fuertes Alimento seco para perros adultos medianos y grandes DOG CHOW® con Carne y Pollo, sin colorantes. En cada croqueta encontrarás un alimento 100% balanceado, con probióticos naturales que equilibran su flora intestinal, omegas 6 y 3 y niveles de sodio adecuados. Ayuda a cuidar la salud oral, a mantener un corazón sano y tener músculos y huesos fuertes. Con Extralife, una mezcla especial de antioxidantes, vitaminas y minerales que ayuda a maximizar la calidad de vida de tu perro día tras día, entregando hasta 1,8 años más de vida saludable juntos.;;{};Imagenes_Alimentos/AllendesHnos/perros/dog-chow/dog-chow-dog-chow-adultos-medianos-y-grandes-con-carne--11880.png;https://www.allendeshnos.cl/wp-content/uploads/2024/10/1-1.png;https://www.allendeshnos.cl/producto/dog-chow-adultos-medianos-y-grandes-con-carne-y-pollo/
cat-chow-cat-chow-gatitos-24kg;Allendes Hnos;Cat Chow;gato;adulto;Cat Chow Gatitos 24kg;"[""24kg""]";Alimento seco para gatitos hasta 12 meses de edad y para hembras gestantes/lactantes CAT CHOW® Gatitos Defense Plus con Pescado, Carne y Leche. Desarrollo saludable del cerebro y visión. Ayuda al desarrollo de sus dientes. Con prebiótico natural. Sin colorantes ni sabores artificiales. 100% completo y balanceado. Beneficios Desarrollo saludable del cerebro y visión Ayuda al desarrollo de sus dientes Piel y pelo saludables Alimento seco para gatitos hasta 12 meses de edad y para hembras gestantes/lactantes CAT CHOW® Gatitos Defense Plus con Pescado, Carne y Leche. Desarrollo saludable del cerebro y visión. Ayuda al desarrollo de sus dientes. Con prebiótico natural. Sin colorantes ni sabores artificiales. 100% completo y balanceado.;;{};Imagenes_Alimentos/AllendesHnos/gatos/cat-chow/cat-chow-cat-chow-gatitos-24kg-11875.png;https://www.allendeshnos.cl/wp-content/uploads/2024/10/1.png;https://www.allendeshnos.cl/producto/cat-chow-gatitos-24kg/
cat-chow-cat-chow-gatitos-8kg;Allendes Hnos;Cat Chow;gato;adulto;Cat Chow Gatitos 8kg;"[""8kg""]";Alimento seco para gatitos hasta 12 meses de edad y para hembras gestantes/lactantes CAT CHOW® Gatitos Defense Plus con Pescado, Carne y Leche. Desarrollo saludable del cerebro y visión. Ayuda al desarrollo de sus dientes. Con prebiótico natural. Sin colorantes ni sabores artificiales. 100% completo y balanceado. Beneficios Desarrollo saludable del cerebro y visión Ayuda al desarrollo de sus dientes Piel y pelo saludables Alimento seco para gatitos hasta 12 meses de edad y para hembras gestantes/lactantes CAT CHOW® Gatitos Defense Plus con Pescado, Carne y Leche. Desarrollo saludable del cerebro y visión. Ayuda al desarrollo de sus dientes. Con prebiótico natural. Sin colorantes ni sabores artificiales. 100% completo y balanceado.;;{};Imagenes_Alimentos/AllendesHnos/gatos/cat-chow/cat-chow-cat-chow-gatitos-8kg-11874.png;https://www.allendeshnos.cl/wp-content/uploads/2024/10/2.png;https://www.allendeshnos.cl/producto/cat-chow-gatitos-8kg/
cat-chow-cat-chow-delimix-24kg;Allendes Hnos;Cat Chow;gato;adulto;Cat Chow Delimix 24kg;"[""24kg""]";Alimento para gatos Adultos de todos los tamaños CAT CHOW® Delimix Defense Plus. Delicioso mix de salmón, carne y pollo. Ayuda a reducir el cúmulo de sarro. Con prebiótico natural. Sin colorantes ni sabores artificiales. 100% completo y balanceado. Beneficios Ayuda a reducir el cúmulo de sarro Refuerza la protección del tracto urinario Piel y pelo saludables Alimento para gatos Adultos de todos los tamaños CAT CHOW® Delimix Defense Plus. Delicioso mix de salmón, carne y pollo. Ayuda a reducir el cúmulo de sarro. Con prebiótico natural. Sin colorantes ni sabores artificiales. 100% completo y balanceado.;;{};Imagenes_Alimentos/AllendesHnos/gatos/cat-chow/cat-chow-cat-chow-delimix-24kg-11871.png;https://www.allendeshnos.cl/wp-content/uploads/2024/10/CAT-CHOW-WEB-2.png;https://www.allendeshnos.cl/producto/cat-chow-delimix-24kg/
cat-chow-cat-chow-pescado-8kg;Allendes Hnos;Cat Chow;gato;adulto;Cat Chow Pescado 8kg;"[""24kg""]";PURINA® CAT CHOW® es Salud Física y Emocional toda la vida para tu gato, ya que está especialmente formulado para satisfacer los requerimientos nutricionales específicos de gatitos, gatos adultos, gatos de edad avanzada, gatos que viven en interiores y gatos muy activos. Y siempre con la garantía de saber que PURINA® CAT CHOW® está hecho con ingredientes balanceados combinados en una mezcla de deliciosos sabores para cada edad y estilo de vida. Proteína de alta digestibilidad (harina de pollo) • Rico en proteína animal que favorece un desarrollo muscular sano • Antioxidantes naturales para un sistema inmunológico fuerte (reduce problemas respiratorios) • Taurina para un corazón y una vista sana PURINA® CAT CHOW® es Salud Física y Emocional toda la vida para tu gato, ya que está especialmente formulado para satisfacer los requerimientos nutricionales específicos de gatitos, gatos adultos, gatos de edad avanzada, gatos que viven en interiores y gatos muy activos. Y siempre con la garantía de saber que PURINA® CAT CHOW® está hecho con ingredientes balanceados combinados en una mezcla de deliciosos sabores para cada edad y estilo de vida.;balanceados combinados en una mezcla de deliciosos sabores para cada edad y estilo de vida. Proteína de alta digestibilidad (harina de pollo) • Rico en proteína animal que favorece un desarrollo muscular sano • Antioxidantes naturales para un sistema inmunológico fuerte (reduce problemas respiratorios) • Taurina para un corazón y una vista sana PURINA® CAT CHOW® es Salud Física y Emocional toda la vida para tu gato, ya que está especialmente formulado para satisfacer los requerimientos nutricionales específicos de gatitos, gatos adultos, gatos de edad avanzada, gatos que viven en interiores y gatos muy activos. Y siempre con la garantía de saber que PURINA® CAT CHOW® está hecho con ingredientes balanceados combinados en una mezcla de deliciosos sabores para cada edad y estilo de vida.;{};Imagenes_Alimentos/AllendesHnos/gatos/cat-chow/cat-chow-cat-chow-pescado-8kg-11866.png;https://www.allendeshnos.cl/wp-content/uploads/2024/10/CAT-CHOW-WEB-1.png;https://www.allendeshnos.cl/producto/cat-chow-pescado-8kg/
cat-chow-cat-chow-adulto-hogarenos-8kg;Allendes Hnos;Cat Chow;gato;adulto;Cat Chow Adulto Hogareños 8kg;"[""8kg""]";Alimento para gatos Adultos de todos los tamaños CAT CHOW® Hogareños Defense Plus. Ayuda a controlar la formación de bolas de pelo. Con prebiótico natural. Sin colorantes ni sabores artificiales. 100% completo y balanceado. Beneficios Ayuda a controlar la formación de bolas de pelo Refuerza la protección del tracto urinario Piel y pelo saludables Alimento para gatos Adultos de todos los tamaños CAT CHOW® Hogareños Defense Plus. Ayuda a controlar la formación de bolas de pelo. Con prebiótico natural. Sin colorantes ni sabores artificiales. 100% completo y balanceado.;;{};Imagenes_Alimentos/AllendesHnos/gatos/cat-chow/cat-chow-cat-chow-adulto-hogarenos-8kg-11862.png;https://www.allendeshnos.cl/wp-content/uploads/2024/10/CAT-CHOW-WEB.png;https://www.allendeshnos.cl/producto/cat-chow-adulto-hogarenos-8kg/
cat-chow-cat-chow-adulto-carne-8kg;Allendes Hnos;Cat Chow;gato;adulto;Cat Chow Adulto Carne 8kg;"[""8kg""]";Alimento para gatos Adultos de todos los tamaños CAT CHOW® Delicias sabor Carne Defense Plus. Ayuda a reducir el cúmulo de sarro. Con prebiótico natural. Sin colorantes ni sabores artificiales. 100% completo y balanceado. Beneficios Ayuda a reducir el cúmulo de sarro Refuerza la protección del tracto urinario Piel y pelo saludables Alimento para gatos Adultos de todos los tamaños CAT CHOW® Delicias sabor Carne Defense Plus. Ayuda a reducir el cúmulo de sarro. Con prebiótico natural. Sin colorantes ni sabores artificiales. 100% completo y balanceado.;;{};Imagenes_Alimentos/AllendesHnos/gatos/cat-chow/cat-chow-cat-chow-adulto-carne-8kg-11856.png;https://www.allendeshnos.cl/wp-content/uploads/2024/10/carne-8kg.png;https://www.allendeshnos.cl/producto/cat-chow-adulto-carne-8kg/
mastercat-master-cat-adulto-salmon-20kg;Allendes Hnos;MasterCat;gato;adulto;Master Cat Adulto Salmón 20kg;"[""20kg""]";Master Cat sabor Salmón, contiene fibras naturales que promueven una digestión sana y estimulan el desplazamiento de las bolas de pelo a través del sistema digestivo, previniendo el estreñimiento en tu gato. Además contiene Omega 3 que permite mantener una piel sana y un pelaje brillante. Master Cat sabor Salmón, contiene fibras naturales que promueven una digestión sana y estimulan el desplazamiento de las bolas de pelo a través del sistema digestivo, previniendo el estreñimiento en tu gato. Además contiene Omega 3 que permite mantener una piel sana y un pelaje brillante.;;{};Imagenes_Alimentos/AllendesHnos/gatos/mastercat/mastercat-master-cat-adulto-salmon-20kg-11853.png;https://www.allendeshnos.cl/wp-content/uploads/2024/10/Master-Cat-Adulto-salmon-2.png;https://www.allendeshnos.cl/producto/master-cat-adulto-salmon-20kg/
mastercat-master-cat-adulto-relleno-20kg;Allendes Hnos;MasterCat;gato;adulto;Master Cat Adulto Relleno 20kg;"[""20kg""]";Master Cat Relleno sabor salmón, contiene fibras naturales que promueven una digestión sana y estimulan el desplazamiento de las bolas de pelo a través del sistema digestivo, previniendo el estreñimiento en tu gato. Además contiene Omega 3 que permite mantener una piel sana y un pelaje brillante. Master Cat Relleno sabor salmón, contiene fibras naturales que promueven una digestión sana y estimulan el desplazamiento de las bolas de pelo a través del sistema digestivo, previniendo el estreñimiento en tu gato. Además contiene Omega 3 que permite mantener una piel sana y un pelaje brillante.;;{};Imagenes_Alimentos/AllendesHnos/gatos/mastercat/mastercat-master-cat-adulto-relleno-20kg-11850.png;https://www.allendeshnos.cl/wp-content/uploads/2024/10/Master-Cat-Adulto-salmon-1.png;https://www.allendeshnos.cl/producto/master-cat-adulto-relleno-20kg/
mastercat-master-cat-gatitos-trocitos-jugosos-85gr-20-und;Allendes Hnos;MasterCat;gato;adulto;Master Cat Gatitos Trocitos Jugosos 85gr (20 und);"[""85gr""]";Nutre, hidrata y regalonea a tu gatito con los nuevos trocitos jugosos Master Cat sabor Carne y Leche. Una nueva receta llena de sabor y con beneficios especialmente pensados para la salud de tu pequeño gatito. Con prebióticos para cuidar su sistema inmune, omega 3 para un pelaje sano y brillante, y proteínas para el desarrollo de músculos sanos y fuertes. Nutre, hidrata y regalonea a tu gatito con los nuevos trocitos jugosos Master Cat sabor Carne y Leche. Una nueva receta llena de sabor y con beneficios especialmente pensados para la salud de tu pequeño gatito. Con prebióticos para cuidar su sistema inmune, omega 3 para un pelaje sano y brillante, y proteínas para el desarrollo de músculos sanos y fuertes.;;{};Imagenes_Alimentos/AllendesHnos/gatos/mastercat/mastercat-master-cat-gatitos-trocitos-jugosos-85gr-20-u-11842.png;https://www.allendeshnos.cl/wp-content/uploads/2024/10/Master-Cat-Pouch-Gatitos-.png;https://www.allendeshnos.cl/producto/master-cat-gatitos-trocitos-jugosos-85gr-20-und/
mastercat-master-cat-trocitos-jugosos-salmon-85gr-20-und;Allendes Hnos;MasterCat;gato;adulto;Master Cat Trocitos Jugosos Salmón 85gr (20 und);"[""85gr""]";Nutre, hidrata y regalonea a tu gato con los nuevos trocitos jugosos Master Cat sabor Salmón. Una nueva receta llena de sabor y con beneficios especialmente pensados para la salud de tu gato. Con Taurina para un corazón fuerte y saludable, omega 3 para un pelaje sano y brillante, y proteínas para cuidar y mantener sus músculos sanos y fuertes. Nutre, hidrata y regalonea a tu gato con los nuevos trocitos jugosos Master Cat sabor Salmón. Una nueva receta llena de sabor y con beneficios especialmente pensados para la salud de tu gato. Con Taurina para un corazón fuerte y saludable, omega 3 para un pelaje sano y brillante, y proteínas para cuidar y mantener sus músculos sanos y fuertes.;;{};Imagenes_Alimentos/AllendesHnos/gatos/mastercat/mastercat-master-cat-trocitos-jugosos-salmon-85gr-20-un-11837.png;https://www.allendeshnos.cl/wp-content/uploads/2024/10/Master-Cat-Pouch-Adulto-salmon.png;https://www.allendeshnos.cl/producto/maste-cat-trocitos-jugosos-salmon-85gr-20-und/
mastercat-master-cat-trocitos-jugosos-carne-85gr-20-und;Allendes Hnos;MasterCat;gato;adulto;Master Cat Trocitos Jugosos Carne 85gr (20 und);"[""85gr""]";Nutre, hidrata y regalonea a tu gato con los nuevos trocitos jugosos Master Cat sabor Carne. Una nueva receta llena de sabor y con beneficios especialmente pensados para la salud de tu gato. Con Taurina para un corazón fuerte y saludable, omega 3 para un pelaje sano y brillante, y proteínas para cuidar y mantener sus músculos sanos y fuertes. Nutre, hidrata y regalonea a tu gato con los nuevos trocitos jugosos Master Cat sabor Carne. Una nueva receta llena de sabor y con beneficios especialmente pensados para la salud de tu gato. Con Taurina para un corazón fuerte y saludable, omega 3 para un pelaje sano y brillante, y proteínas para cuidar y mantener sus músculos sanos y fuertes.;;{};Imagenes_Alimentos/AllendesHnos/gatos/mastercat/mastercat-master-cat-trocitos-jugosos-carne-85gr-20-und-11836.png;https://www.allendeshnos.cl/wp-content/uploads/2024/10/Master-Cat-Pouch-Adulto-carne.png;https://www.allendeshnos.cl/producto/maste-cat-trocitos-jugosos-carne-85gr-20-und/
mastercat-master-cat-adulto-carne-20kg;Allendes Hnos;MasterCat;perro;adulto;Master Cat Adulto Carne 20kg;"[""20kg""]";Master Cat sabor Carne, contiene fibras naturales que promueven una digestión sana y estimulan el desplazamiento de las bolas de pelo a través del sistema digestivo, previniendo el estreñimiento en tu gato. Además contiene Omega 3 que permite mantener una piel sana y un pelaje brillante. Los gatos son muy limpios y acicalan su cuerpo regularmente. Al hacerlo, pueden tragar parte de su pelaje formando bolas de pelo en su estómago. Por eso Master Cat incorpora Zinc Orgánico, para evitar la caída de pelo durante el acicalamiento y Fibra que permite un mejor tránsito de estos pelos que pudieran ser tragados. Master Cat sabor Carne, contiene fibras naturales que promueven una digestión sana y estimulan el desplazamiento de las bolas de pelo a través del sistema digestivo, previniendo el estreñimiento en tu gato. Además contiene Omega 3 que permite mantener una piel sana y un pelaje brillante.;;{};Imagenes_Alimentos/AllendesHnos/perros/mastercat/mastercat-master-cat-adulto-carne-20kg-11832.png;https://www.allendeshnos.cl/wp-content/uploads/2024/10/Master-Cat-Adulto-salmon.png;https://www.allendeshnos.cl/producto/master-cat-adulto-carne-20kg/
mastercat-master-cat-senior-trocitos-jugosos-pollo-85gr-20-und;Allendes Hnos;MasterCat;gato;senior;Master Cat Senior Trocitos Jugosos Pollo 85gr (20 und);"[""85gr""]";Nutre, hidrata y regalonea a tu gato senior con los nuevos trocitos jugosos Master Cat sabor Pollo. Una nueva receta llena de sabor y con beneficios especialmente pensados para la salud de tu gato mayor de 7 años. Con colágeno para fortalecer sus articulaciones, omega 3 para un pelaje sano y brillante, y proteínas para cuidar y mantener sus músculos sanos y fuertes. Nutre, hidrata y regalonea a tu gato senior con los nuevos trocitos jugosos Master Cat sabor Pollo. Una nueva receta llena de sabor y con beneficios especialmente pensados para la salud de tu gato mayor de 7 años. Con colágeno para fortalecer sus articulaciones, omega 3 para un pelaje sano y brillante, y proteínas para cuidar y mantener sus músculos sanos y fuertes.;;{};Imagenes_Alimentos/AllendesHnos/gatos/mastercat/mastercat-master-cat-senior-trocitos-jugosos-pollo-85gr-11826.png;https://www.allendeshnos.cl/wp-content/uploads/2024/10/senior.png;https://www.allendeshnos.cl/producto/maste-cat-senior-trocitos-jugosos-pollo-85gr-20-und/
mastercat-master-cat-trocitos-jugosos-atun-85gr-20-und;Allendes Hnos;MasterCat;gato;adulto;Master Cat Trocitos Jugosos Atún 85gr (20 und);"[""85gr""]";Nutre, hidrata y regalonea a tu gato con los nuevos trocitos jugosos Master Cat sabor Atún. Una nueva receta llena de sabor y con beneficios especialmente pensados para la salud de tu gato. Con Taurina para un corazón fuerte y saludable, omega 3 para un pelaje sano y brillante, y proteínas para cuidar y mantener sus músculos sanos y fuertes. Nutre, hidrata y regalonea a tu gato con los nuevos trocitos jugosos Master Cat sabor Atún. Una nueva receta llena de sabor y con beneficios especialmente pensados para la salud de tu gato. Con Taurina para un corazón fuerte y saludable, omega 3 para un pelaje sano y brillante, y proteínas para cuidar y mantener sus músculos sanos y fuertes.;;{};Imagenes_Alimentos/AllendesHnos/gatos/mastercat/mastercat-master-cat-trocitos-jugosos-atun-85gr-20-und-11825.png;https://www.allendeshnos.cl/wp-content/uploads/2024/10/Master-Cat-Pouch-Gatitos-carne-y-leche.png;https://www.allendeshnos.cl/producto/maste-cat-trocitos-jugosos-atun-85gr-20-und/
masterdog-master-dog-trocitos-jugosos-senior-100gr-20-und;Allendes Hnos;MasterDog;perro;senior;Master Dog Trocitos Jugosos Senior 100gr (20 und);"[""100gr""]";Nueva formulación. Exquisitos trocitos en salsa sabor carne, ideal para regalonear a tu Master Dog con un premio rico y saludable. Contiene Omega 3 para mantener una piel sana y un pelaje brillante. Sin colorantes añadidos. PIEL SANA Y PELAJE BRILLANTE: Sabemos lo importante que es ver a tu Master Dog con un pelaje suave y brillante. Por esto, incorporamos ácidos grasos Omega 3 en su fórmula para que su pelaje siempre esté sano. Nueva formulación. Exquisitos trocitos en salsa sabor carne, ideal para regalonear a tu Master Dog con un premio rico y saludable. Contiene Omega 3 para mantener una piel sana y un pelaje brillante. Sin colorantes añadidos. PIEL SANA Y PELAJE BRILLANTE: Sabemos lo importante que es ver a tu Master Dog con un pelaje suave y brillante. Por esto, incorporamos ácidos grasos Omega 3 en su fórmula para que su pelaje siempre esté sano.;;{};Imagenes_Alimentos/AllendesHnos/perros/masterdog/masterdog-master-dog-trocitos-jugosos-senior-100gr-20-u-11822.png;https://www.allendeshnos.cl/wp-content/uploads/2024/10/Master-Dog-Web-1.png;https://www.allendeshnos.cl/producto/master-dog-trocitos-jugosos-senior-100gr-20-und/
masterdog-master-dog-trocitos-jugosos-razas-pequenas-100gr-20-und;Allendes Hnos;MasterDog;perro;adulto;Master Dog Trocitos Jugosos Razas Pequeñas 100gr (20 und);"[""100gr""]";Nueva formulación. Exquisitos trocitos en salsa sabor carne, ideal para regalonear a tu Master Dog con un premio rico y saludable. Contiene Omega 3 para mantener una piel sana y un pelaje brillante. Sin colorantes añadidos. PIEL SANA Y PELAJE BRILLANTE: Sabemos lo importante que es ver a tu Master Dog con un pelaje suave y brillante. Por esto, incorporamos ácidos grasos Omega 3 en su fórmula para que su pelaje siempre esté sano. Nueva formulación. Exquisitos trocitos en salsa sabor carne, ideal para regalonear a tu Master Dog con un premio rico y saludable. Contiene Omega 3 para mantener una piel sana y un pelaje brillante. Sin colorantes añadidos. PIEL SANA Y PELAJE BRILLANTE: Sabemos lo importante que es ver a tu Master Dog con un pelaje suave y brillante. Por esto, incorporamos ácidos grasos Omega 3 en su fórmula para que su pelaje siempre esté sano.;;{};Imagenes_Alimentos/AllendesHnos/perros/masterdog/masterdog-master-dog-trocitos-jugosos-razas-pequenas-10-11819.png;https://www.allendeshnos.cl/wp-content/uploads/2024/10/Master-Dog-Web-.png;https://www.allendeshnos.cl/producto/master-dog-trocitos-jugosos-razas-pequenas-100gr-20-und/
masterdog-master-dog-pote-cachorro-250gr-20-und;Allendes Hnos;MasterDog;perro;cachorro;Master Dog Pote Cachorro 250gr (20 und);"[""250gr""]";Exquisito paté sabor carne, ideal para regalonear a tu Master Dog Cachorro. Se lo puedes dar solo o mezclado con su alimento diario. Exquisito paté sabor carne, ideal para regalonear a tu Master Dog Cachorro. Se lo puedes dar solo o mezclado con su alimento diario.;;{};Imagenes_Alimentos/AllendesHnos/perros/masterdog/masterdog-master-dog-pote-cachorro-250gr-20-und-11814.png;https://www.allendeshnos.cl/wp-content/uploads/2024/10/Master-Dog-Pate-Carne-1.png;https://www.allendeshnos.cl/producto/master-dog-pote-cachorro-250gr-20-und/
masterdog-master-dog-pote-sabor-carne-250gr-20-und;Allendes Hnos;MasterDog;perro;adulto;Master Dog Pote Sabor Carne 250gr (20 und);"[""250gr""]";Exquisito paté sabor carne, ideal para regalonear a tu Master Dog. Se lo puedes dar solo o mezclado con su alimento diario. Exquisito paté sabor carne, ideal para regalonear a tu Master Dog. Se lo puedes dar solo o mezclado con su alimento diario.;;{};Imagenes_Alimentos/AllendesHnos/perros/masterdog/masterdog-master-dog-pote-sabor-carne-250gr-20-und-11810.png;https://www.allendeshnos.cl/wp-content/uploads/2024/10/Master-Dog-Pate-Carne.png;https://www.allendeshnos.cl/producto/master-dog-pote-sabor-carne-250gr-20-und/
masterdog-master-dog-cachorro-18kg;Allendes Hnos;MasterDog;perro;cachorro;Master Dog Cachorro 18kg;"[""18kg""]";Alimento completo y balanceado, recomendado para tu Master Dog Cachorro Raza Mediana y Grande desde los 1,5 meses a los 18 meses de vida. Contiene más proteínas para un mejor desarrollo muscular y más materia grasa para entregarle toda la energía que necesita en sus juegos. Además incorpora DHA lo que favorece su desarrollo cerebral y correcto funcionamiento de la visión, y prebióticos que fortalecen su inmunidad. CRECIMIENTO SANO Y PROTEGIDO DESDE SUS INICIOS Porque tu cachorro necesita el mejor alimento desde sus inicios, incorporamos más proteínas para un mejor desarrollo muscular y más materia grasa para entregarle toda la energía necesaria en sus juegos. ÓPTIMO CRECIMIENTO HUESOS Y DIENTES La relación Calcio/Fósforo es fundamental en las etapas de un cachorro, por lo mismo incorporamos un mayor porcentaje de calcio fortaleciendo huesos y dientes. PREBIÓTICOS: FORTALECE SU INMUNIDAD Tu Master Dog al igual que nosotros, necesitan fortalecer sus defensas sobre todo cuando son cachorros, y gracias al aporte de prebióticos, la inmunidad se ve reforzada. DHA: MEJOR CAPACIDAD DE APRENDIZAJE Los primeros meses de vida en tu cachorro son clave para su aprendizaje futuro, por eso incorporamos DHA en su dieta, lo que favorece su desarrollo cerebral y correcto funcionamiento de la visión. Alimento completo y balanceado, recomendado para tu Master Dog Cachorro Raza Mediana y Grande desde los 1,5 meses a los 18 meses de vida. Contiene más proteínas para un mejor desarrollo muscular y más materia grasa para entregarle toda la energía que necesita en sus juegos. Además incorpora DHA lo que favorece su desarrollo cerebral y correcto funcionamiento de la visión, y prebióticos que fortalecen su inmunidad.;;{};Imagenes_Alimentos/AllendesHnos/perros/masterdog/masterdog-master-dog-cachorro-18kg-11805.png;https://www.allendeshnos.cl/wp-content/uploads/2024/10/Master-Dog-cachorros-razas-M-y-GSECO.png;https://www.allendeshnos.cl/producto/11805/
masterdog-master-dog-adulto-carne-18kg;Allendes Hnos;MasterDog;perro;adulto;Master Dog Adulto Carne 18kg;"[""18kg""]";Alimento completo y balanceado recomendado para tu Master Dog Adulto Razas Medianas y Grandes, desde los 18 meses hasta los 7 años. Contiene Omega 3 para una piel sana y pelaje brillante. Además contiene proteínas de alta calidad, vitaminas y minerales que tu Master Dog necesita para mantenerse fuerte y saludable. Alimento completo y balanceado recomendado para tu Master Dog Adulto Razas Medianas y Grandes, desde los 18 meses hasta los 7 años. Contiene Omega 3 para una piel sana y pelaje brillante. Además contiene proteínas de alta calidad, vitaminas y minerales que tu Master Dog necesita para mantenerse fuerte y saludable.;;{};Imagenes_Alimentos/AllendesHnos/perros/masterdog/masterdog-master-dog-adulto-carne-18kg-11799.png;https://www.allendeshnos.cl/wp-content/uploads/2024/10/Master-Adultos-Razas-M-y-G-SECO.png;https://www.allendeshnos.cl/producto/master-dog-adulto-carne-18kg/
masterdog-master-dog-adulto-pollo18kg;Allendes Hnos;MasterDog;perro;adulto;Master Dog Adulto Pollo18kg;"[""18kg""]";Alimento completo y balanceado recomendado para tu Master Dog Adulto Razas Medianas y Grandes, desde los 18 meses hasta los 7 años. Contiene Omega 3 para una piel sana y pelaje brillante. Además contiene proteínas de alta calidad, vitaminas y minerales que tu Master Dog necesita para mantenerse fuerte y saludable. Alimento completo y balanceado recomendado para tu Master Dog Adulto Razas Medianas y Grandes, desde los 18 meses hasta los 7 años. Contiene Omega 3 para una piel sana y pelaje brillante. Además contiene proteínas de alta calidad, vitaminas y minerales que tu Master Dog necesita para mantenerse fuerte y saludable.;;{};Imagenes_Alimentos/AllendesHnos/perros/masterdog/masterdog-master-dog-adulto-pollo18kg-11800.png;https://www.allendeshnos.cl/wp-content/uploads/2024/10/Master-Dog-Adulto-Razas-medianas-polloSECO.png;https://www.allendeshnos.cl/producto/master-dog-adulto-pollo18kg/
masterdog-master-dog-pouch-carne-100gr-20-und;Allendes Hnos;MasterDog;perro;adulto;Master Dog Pouch Carne 100gr (20 und);"[""100gr""]";Nueva formulación. Exquisitos trocitos en salsa sabor carne, ideal para regalonear a tu Master Dog con un premio rico y saludable. Contiene Omega 3 para mantener una piel sana y un pelaje brillante. Sin colorantes añadidos. PIEL SANA Y PELAJE BRILLANTE: Sabemos lo importante que es ver a tu Master Dog con un pelaje suave y brillante. Por esto, incorporamos ácidos grasos Omega 3 en su fórmula para que su pelaje siempre esté sano. Nueva formulación. Exquisitos trocitos en salsa sabor carne, ideal para regalonear a tu Master Dog con un premio rico y saludable. Contiene Omega 3 para mantener una piel sana y un pelaje brillante. Sin colorantes añadidos. PIEL SANA Y PELAJE BRILLANTE: Sabemos lo importante que es ver a tu Master Dog con un pelaje suave y brillante. Por esto, incorporamos ácidos grasos Omega 3 en su fórmula para que su pelaje siempre esté sano.;;{};Imagenes_Alimentos/AllendesHnos/perros/masterdog/masterdog-master-dog-pouch-carne-100gr-20-und-11795.png;https://www.allendeshnos.cl/wp-content/uploads/2024/10/Master-Dog-Pouch-Adulto-pollo-2.png;https://www.allendeshnos.cl/producto/master-dog-pouch-carne-100gr-20-und/
masterdog-master-dog-pouch-cachorro-85gr-20-und;Allendes Hnos;MasterDog;perro;cachorro;Master Dog Pouch Cachorro 85gr (20 und);"[""85gr""]";Nueva formulación. Exquisitos trocitos en salsa sabor pollo, ideal para regalonear a tu Master Dog con un premio rico y saludable. Contiene Omega 3 para mantener una piel sana y un pelaje brillante. Sin colorantes añadidos. PIEL SANA Y PELAJE BRILLANTE: Sabemos lo importante que es ver a tu Master Dog con un pelaje suave y brillante. Por esto, incorporamos ácidos grasos Omega 3 en su fórmula para que su pelaje siempre esté sano. Nueva formulación. Exquisitos trocitos en salsa sabor pollo, ideal para regalonear a tu Master Dog con un premio rico y saludable. Contiene Omega 3 para mantener una piel sana y un pelaje brillante. Sin colorantes añadidos. PIEL SANA Y PELAJE BRILLANTE: Sabemos lo importante que es ver a tu Master Dog con un pelaje suave y brillante. Por esto, incorporamos ácidos grasos Omega 3 en su fórmula para que su pelaje siempre esté sano.;;{};Imagenes_Alimentos/AllendesHnos/perros/masterdog/masterdog-master-dog-pouch-cachorro-85gr-20-und-11792.png;https://www.allendeshnos.cl/wp-content/uploads/2024/10/Master-Dog-Pouch-Adulto-pollo-1.png;https://www.allendeshnos.cl/producto/master-dog-pouch-cachorro-85gr-20-und/
masterdog-master-dog-senior-8kg;Allendes Hnos;MasterDog;perro;senior;Master Dog Senior 8kg;"[""8kg""]";Alimento recomendado para tu Master Dog Senior desde los 7 años de todos los tamaños y razas. Contiene Glucosamina y Condroitin Sulfato que favorecen el cuidado articular. CUIDADO ARTICULAR Sabemos que tu Master Dog requiere cuidados especiales en esta etapa de su vida, por eso incorporamos Glucosamina y Condroitín Sulfato, componentes propios de los cartílagos que ayudan a reducir el desgaste de las articulaciones. PROTEÍNAS DE ALTA CALIDAD Tu Master Dog después de los siete años de edad disminuye su actividad física y con esto su masa muscular. Por esto, incorporamos proteínas de alta calidad que ayudan a disminuir el deterioro de su musculatura. CON ANTIOXIDANTES Tu Master Dog también sufre de envejecimiento celular y para esto incorporamos antioxidantes en su alimento, estos permiten mejorar las defensas de su organismo y disminuir el envejecimiento celular. MAS FÁCIL DE MASTICAR Master Dog Senior contiene bocados más crocantes, lo que facilita su consumo y asegura una adecuada alimentación en esta etapa de la vida Alimento recomendado para tu Master Dog Senior desde los 7 años de todos los tamaños y razas. Contiene Glucosamina y Condroitin Sulfato que favorecen el cuidado articular.;;{};Imagenes_Alimentos/AllendesHnos/perros/masterdog/masterdog-master-dog-senior-8kg-11789.png;https://www.allendeshnos.cl/wp-content/uploads/2024/10/8-kgMaster-dog-Senior-Todas-las-razasSECO-1.png;https://www.allendeshnos.cl/producto/master-dog-senior-8kg/
masterdog-master-dog-pouch-pollo-100gr-20-und;Allendes Hnos;MasterDog;perro;adulto;Master Dog Pouch Pollo 100gr (20 und);"[""100gr""]";Nueva formulación. Exquisitos trocitos en salsa sabor pollo, ideal para regalonear a tu Master Dog con un premio rico y saludable. Contiene Omega 3 para mantener una piel sana y un pelaje brillante. Sin colorantes añadidos. PIEL SANA Y PELAJE BRILLANTE: Sabemos lo importante que es ver a tu Master Dog con un pelaje suave y brillante. Por esto, incorporamos ácidos grasos Omega 3 en su fórmula para que su pelaje siempre esté sano. Nueva formulación. Exquisitos trocitos en salsa sabor pollo, ideal para regalonear a tu Master Dog con un premio rico y saludable. Contiene Omega 3 para mantener una piel sana y un pelaje brillante. Sin colorantes añadidos. PIEL SANA Y PELAJE BRILLANTE: Sabemos lo importante que es ver a tu Master Dog con un pelaje suave y brillante. Por esto, incorporamos ácidos grasos Omega 3 en su fórmula para que su pelaje siempre esté sano.;;{};Imagenes_Alimentos/AllendesHnos/perros/masterdog/masterdog-master-dog-pouch-pollo-100gr-20-und-11784.png;https://www.allendeshnos.cl/wp-content/uploads/2024/10/Master-Dog-Pouch-Adulto-pollo.png;https://www.allendeshnos.cl/producto/master-dog-pouch-pollo-100gr-20-und/
masterdog-master-dog-senior-18kg;Allendes Hnos;MasterDog;perro;senior;Master Dog Senior 18kg;"[""18kg""]";Alimento recomendado para tu Master Dog Senior desde los 7 años de todos los tamaños y razas. Contiene Glucosamina y Condroitin Sulfato que favorecen el cuidado articular. CUIDADO ARTICULAR Sabemos que tu Master Dog requiere cuidados especiales en esta etapa de su vida, por eso incorporamos Glucosamina y Condroitín Sulfato, componentes propios de los cartílagos que ayudan a reducir el desgaste de las articulaciones. PROTEÍNAS DE ALTA CALIDAD Tu Master Dog después de los siete años de edad disminuye su actividad física y con esto su masa muscular. Por esto, incorporamos proteínas de alta calidad que ayudan a disminuir el deterioro de su musculatura. CON ANTIOXIDANTES Tu Master Dog también sufre de envejecimiento celular y para esto incorporamos antioxidantes en su alimento, estos permiten mejorar las defensas de su organismo y disminuir el envejecimiento celular. MAS FÁCIL DE MASTICAR Master Dog Senior contiene bocados más crocantes, lo que facilita su consumo y asegura una adecuada alimentación en esta etapa de la vida. Alimento recomendado para tu Master Dog Senior desde los 7 años de todos los tamaños y razas. Contiene Glucosamina y Condroitin Sulfato que favorecen el cuidado articular.;;{};Imagenes_Alimentos/AllendesHnos/perros/masterdog/masterdog-master-dog-senior-18kg-11771.png;https://www.allendeshnos.cl/wp-content/uploads/2024/10/18-kgMaster-dog-Senior-Todas-las-razasSECO.png;https://www.allendeshnos.cl/producto/master-dog-senior-18kg/
masterdog-master-dog-adulto-razas-pequenas-21kg;Allendes Hnos;MasterDog;perro;adulto;Master Dog Adulto Razas Pequeñas 21kg;"[""21kg""]";Alimento completo y balanceado, recomendado para tu Master Dog Adulto Raza Pequeña desde los 12 meses hasta los 7 años. Contiene bocados adecuados para el tamaño y fuerza de su mandíbula, lo que facilita su consumo. BOCADOS PEQUEÑOS Master Dog para perros de raza pequeña, contiene bocados adecuados para el tamaño y fuerza de su mandíbula, lo que facilita su consumo. PIEL SANA Y PELAJE BRILLANTE Tu Master Dog está expuesto a las amenazas del entorno, es por esto que cuidamos su piel, ya que es la primera barrera de defensa que tiene. Incorporamos en la formulación ácidos grasos Omega 3 para que adquiera una piel resistente y un pelaje más brillante. Además, favorece el buen funcionamiento de su corazón y sistema inmune para que crezca fuerte y sano. FECAS FIRMES Y CON MENOS OLOR Las proteínas de alta calidad y el extracto de Yucca Schidigera (pequeño árbol que tiene múltiples beneficios) colaboran para que las fecas de tu Master Dog sean más firmes y con menos olor. DIENTES SANOS Al igual que los humanos, tu Master Dog también puede presentar problemas Dentales, por lo mismo hemos incorporado en su formulación Hexametafosfato y Vitamina C que ayudan a reducir la formación de placa bacteriana, previniendo la formación de sarro y el mal aliento. Alimento completo y balanceado, recomendado para tu Master Dog Adulto Raza Pequeña desde los 12 meses hasta los 7 años. Contiene bocados adecuados para el tamaño y fuerza de su mandíbula, lo que facilita su consumo.;;{};Imagenes_Alimentos/AllendesHnos/perros/masterdog/masterdog-master-dog-adulto-razas-pequenas-21kg-11779.png;https://www.allendeshnos.cl/wp-content/uploads/2024/10/21-kg-Master-Dog-Adultos-Razas-PequenasSECO.png;https://www.allendeshnos.cl/producto/master-dog-adulto-razas-pequenas-21kg/
masterdog-master-dog-adulto-razas-pequenas-8kg;Allendes Hnos;MasterDog;perro;adulto;Master Dog Adulto Razas Pequeñas 8kg;"[""8kg""]";Alimento completo y balanceado, recomendado para tu Master Dog Adulto Raza Pequeña desde los 12 meses hasta los 7 años. Contiene bocados adecuados para el tamaño y fuerza de su mandíbula, lo que facilita su consumo. BOCADOS PEQUEÑOS Master Dog para perros de raza pequeña, contiene bocados adecuados para el tamaño y fuerza de su mandíbula, lo que facilita su consumo. PIEL SANA Y PELAJE BRILLANTE Tu Master Dog está expuesto a las amenazas del entorno, es por esto que cuidamos su piel, ya que es la primera barrera de defensa que tiene. Incorporamos en la formulación ácidos grasos Omega 3 para que adquiera una piel resistente y un pelaje más brillante. Además, favorece el buen funcionamiento de su corazón y sistema inmune para que crezca fuerte y sano. FECAS FIRMES Y CON MENOS OLOR Las proteínas de alta calidad y el extracto de Yucca Schidigera (pequeño árbol que tiene múltiples beneficios) colaboran para que las fecas de tu Master Dog sean más firmes y con menos olor. DIENTES SANOS Al igual que los humanos, tu Master Dog también puede presentar problemas Dentales, por lo mismo hemos incorporado en su formulación Hexametafosfato y Vitamina C que ayudan a reducir la formación de placa bacteriana, previniendo la formación de sarro y el mal aliento. Alimento completo y balanceado, recomendado para tu Master Dog Adulto Raza Pequeña desde los 12 meses hasta los 7 años. Contiene bocados adecuados para el tamaño y fuerza de su mandíbula, lo que facilita su consumo.;;{};Imagenes_Alimentos/AllendesHnos/perros/masterdog/masterdog-master-dog-adulto-razas-pequenas-8kg-11769.png;https://www.allendeshnos.cl/wp-content/uploads/2024/10/8kg-Master-Dog-Adultos-Razas-PequenasSECO.png;https://www.allendeshnos.cl/producto/master-dog-adulto-razas-pequenas-8kg/
master-dog-master-dog-adulto-razas-pequenas-18kg;Allendes Hnos;Master Dog;perro;adulto;Master Dog Adulto Razas Pequeñas 18kg;"[""18kg""]";Alimento completo y balanceado, recomendado para tu Master Dog Adulto Raza Pequeña desde los 12 meses hasta los 7 años. Contiene bocados adecuados para el tamaño y fuerza de su mandíbula, lo que facilita su consumo. BOCADOS PEQUEÑOS Master Dog para perros de raza pequeña, contiene bocados adecuados para el tamaño y fuerza de su mandíbula, lo que facilita su consumo. PIEL SANA Y PELAJE BRILLANTE Tu Master Dog está expuesto a las amenazas del entorno, es por esto que cuidamos su piel, ya que es la primera barrera de defensa que tiene. Incorporamos en la formulación ácidos grasos Omega 3 para que adquiera una piel resistente y un pelaje más brillante. Además, favorece el buen funcionamiento de su corazón y sistema inmune para que crezca fuerte y sano. FECAS FIRMES Y CON MENOS OLOR Las proteínas de alta calidad y el extracto de Yucca Schidigera (pequeño árbol que tiene múltiples beneficios) colaboran para que las fecas de tu Master Dog sean más firmes y con menos olor. DIENTES SANOS Al igual que los humanos, tu Master Dog también puede presentar problemas Dentales, por lo mismo hemos incorporado en su formulación Hexametafosfato y Vitamina C que ayudan a reducir la formación de placa bacteriana, previniendo la formación de sarro y el mal aliento. Alimento completo y balanceado, recomendado para tu Master Dog Adulto Raza Pequeña desde los 12 meses hasta los 7 años. Contiene bocados adecuados para el tamaño y fuerza de su mandíbula, lo que facilita su consumo.;;{};Imagenes_Alimentos/AllendesHnos/perros/master-dog/master-dog-master-dog-adulto-razas-pequenas-18kg-11768.png;https://www.allendeshnos.cl/wp-content/uploads/2024/10/Master-Dog-Adultos-Razas-PequenasSECO.png;https://www.allendeshnos.cl/producto/master-dog-adulto-razas-pequenas-18kg/
full-cat-full-cat-10kg;Allendes Hnos;Full Cat;gato;adulto;Full Cat 10kg;"[""10Kg""]";Full Cat Adultos es un alimento completo y balanceado para gatos adultos. Cumple con los perfiles nutricionales indicados por AFFCO. Además contiene un exquisito sabor de pescado y carne. Sana Digestión: Contiene reducidos niveles de energía y grasa junto con proteínas de alta calidad, fácilmente digestibles y metabolizables. Alimento Completo y Balanceado: Ideal para el manejo del peso corporal. Excelente nivel de fibra para un buen funcionamiento intestinal. Óptima relación proteína/calorías para mantener una buena condición orgánica. Balance Nutricional: Aporta vitaminas esenciales y minerales provenientes de tres fuentes vegetales naturales: Trigo, Arroz y Maíz. Full Cat Adultos es un alimento completo y balanceado para gatos adultos. Cumple con los perfiles nutricionales indicados por AFFCO. Además contiene un exquisito sabor de pescado y carne.;;{};Imagenes_Alimentos/AllendesHnos/gatos/full-cat/full-cat-full-cat-10kg-11719.png;https://www.allendeshnos.cl/wp-content/uploads/2024/10/full-cat-.png;https://www.allendeshnos.cl/producto/full-cat-10kg/
full-dog-full-dog-mix-25kg;Allendes Hnos;Full Dog;perro;adulto;Full Dog Mix 25kg;"[""25kg""]";Full Dog Adultos es un alimento completo y balanceado para perros adultos. Cumple con los perfiles nutricionales indicados por AFFCO. Además contiene un exquisito sabor de carne y cereales. Sana Digestión: Contiene reducidos niveles de energía y grasa junto con proteínas de alta calidad, fácilmente digestibles y metabolizables. Alimento Completo y Balanceado: Ideal para el manejo del peso corporal. Excelente nivel de fibra para un buen funcionamiento intestinal. Óptima relación proteína/calorías para mantener una buena condición orgánica. Balance Nutricional: Aporta vitaminas esenciales y minerales provenientes de tres fuentes vegetales naturales: Trigo, Arroz y Maíz. Full Dog Adultos es un alimento completo y balanceado para perros adultos. Cumple con los perfiles nutricionales indicados por AFFCO. Además contiene un exquisito sabor de carne y cereales.;;{};Imagenes_Alimentos/AllendesHnos/perros/full-dog/full-dog-full-dog-mix-25kg-11718.png;https://www.allendeshnos.cl/wp-content/uploads/2024/10/full-dog-.png;https://www.allendeshnos.cl/producto/full-dog-mix-25kg/
dog-buffet-dog-buffet-adulto-carne-25kg;Allendes Hnos;Dog Buffet;perro;adulto;Dog Buffet Adulto Carne 25kg;"[""25kg""]";Dog Buffet Sabor Carne para perros adultos es un alimento adecuado para todo tipo de raza y específicamente formulado para perros adultos en mantención. Contiene todos los nutrientes de cada uno de los grupos alimenticios. Moderado en calorías y control de peso: Moderado en calorías, promueve la tonicidad muscular y es ideal para el manejo del peso corporal, evitando la obesidad siguiendo la ración recomendada. Textura y sabor: Grasa saturada e insaturada que otorga sabor y textura. Fabricado con saborizantes naturales para un mayor realce del sabor. Digestión óptima: Proteína de alta calidad y digestibilidad. Carbohidratos simples y complejos que potencian la funcionalidad digestiva. Con vitaminas A, E y C: Incluye minerales y antioxidantes. Fortificado con vitaminas A, E y C Dog Buffet Sabor Carne para perros adultos es un alimento adecuado para todo tipo de raza y específicamente formulado para perros adultos en mantención. Contiene todos los nutrientes de cada uno de los grupos alimenticios.;;{};Imagenes_Alimentos/AllendesHnos/perros/dog-buffet/dog-buffet-dog-buffet-adulto-carne-25kg-11711.png;https://www.allendeshnos.cl/wp-content/uploads/2024/10/Dog-Buffet-adulto-razas-M-y-G-25kg.png;https://www.allendeshnos.cl/producto/dog-buffet-cachorro-sabor-carne-y-leche-25kg/
dog-buffet-dog-buffet-cachorro-sabor-carne-y-leche-18kg;Allendes Hnos;Dog Buffet;perro;cachorro;Dog Buffet Cachorro Sabor Carne y Leche 18kg;"[""18kg""]";Dog Buffet Cachorro es un alimento formulado especialmente para cachorros de todas las razas, otorgándole el mejor sabor para un crecimiento saludable. Contiene todos los nutrientes de cada uno de los grupos alimenticios. LA ENERGÍA QUE TU CACHORRO NECESITA: Contiene cereales, destacando el maíz que aporta energía y Omega 3 y el arroz que es un cereal hipoalergénico, palatable y de alta digestibilidad. MINERALES Y ANTIOXIDANTES: Contiene carne y leche, entregando proteínas de origen animal que aportan los aminoácidos esenciales para un buen crecimiento y mantención del sistema muscular. CON VITAMINAS A, E Y C: Dieta equilibrada con los nutrientes necesarios para su crecimiento y desarrollo. Fabricado con saborizantes naturales para un mayor realce del sabor. Dog Buffet Cachorro es un alimento formulado especialmente para cachorros de todas las razas, otorgándole el mejor sabor para un crecimiento saludable. Contiene todos los nutrientes de cada uno de los grupos alimenticios.;;{};Imagenes_Alimentos/AllendesHnos/perros/dog-buffet/dog-buffet-dog-buffet-cachorro-sabor-carne-y-leche-18kg-11706.png;https://www.allendeshnos.cl/wp-content/uploads/2024/10/Dog-Buffet-cachorro-Razas-M-y-G-18k.png;https://www.allendeshnos.cl/producto/dog-buffet-cachorro-sabor-carne-y-leche-18kg/
dog-buffet-dog-buffet-adulto-sabor-carne-18kg;Allendes Hnos;Dog Buffet;perro;adulto;Dog Buffet Adulto Sabor Carne 18kg;"[""18kg""]";Dog Buffet Sabor Carne para perros adultos es un alimento adecuado para todo tipo de raza y específicamente formulado para perros adultos en mantención. Contiene todos los nutrientes de cada uno de los grupos alimenticios. Moderado en calorías y control de peso: Moderado en calorías, promueve la tonicidad muscular y es ideal para el manejo del peso corporal, evitando la obesidad siguiendo la ración recomendada. Textura y sabor: Grasa saturada e insaturada que otorga sabor y textura. Fabricado con saborizantes naturales para un mayor realce del sabor. Digestión óptima: Proteína de alta calidad y digestibilidad. Carbohidratos simples y complejos que potencian la funcionalidad digestiva. Con vitaminas A, E y C: Incluye minerales y antioxidantes. Fortificado con vitaminas A, E y C Dog Buffet Sabor Carne para perros adultos es un alimento adecuado para todo tipo de raza y específicamente formulado para perros adultos en mantención. Contiene todos los nutrientes de cada uno de los grupos alimenticios.;;{};Imagenes_Alimentos/AllendesHnos/perros/dog-buffet/dog-buffet-dog-buffet-adulto-sabor-carne-18kg-11698.png;https://www.allendeshnos.cl/wp-content/uploads/2024/10/Dog-Buffet-adulto-razas-M-y-G-18kg.png;https://www.allendeshnos.cl/producto/dog-buffet-adulto-sabor-carne-18kg/
cat-buffet-cat-buffet-campestre-20kg;Allendes Hnos;Cat Buffet;gato;adulto;Cat Buffet Campestre 20kg;"[""20kg""]";Cat Buffet Gatos Adultos es un alimento completo. Por que los gatos disfrutan los diferentes aromas, lo mejor que ofrece el campo se concentra en Cat Buffet Campestre, con sus dos sabores: Carne y huevo. LA ENERGÍA QUE TU GATO NECESITA:  Cat Buffet está constituido bajo una excelente mezcla de ingredientes proteicos para un perfecto balance de aminoácidos biodisponibles. MULTIVITAMINAS Y MINERALES: Contiene ingredientes de cada uno de los grupos nutricionales. Desarrollado para entregar lo más nuevo en proteínas, grasas, carbohidratos, vitaminas y minerales. Cat Buffet Gatos Adultos es un alimento completo. Por que los gatos disfrutan los diferentes aromas, lo mejor que ofrece el campo se concentra en Cat Buffet Campestre, con sus dos sabores: Carne y huevo.;proteicos para un perfecto balance de aminoácidos biodisponibles. MULTIVITAMINAS Y MINERALES: Contiene ingredientes de cada uno de los grupos nutricionales. Desarrollado para entregar lo más nuevo en proteínas, grasas, carbohidratos, vitaminas y minerales. Cat Buffet Gatos Adultos es un alimento completo. Por que los gatos disfrutan los diferentes aromas, lo mejor que ofrece el campo se concentra en Cat Buffet Campestre, con sus dos sabores: Carne y huevo.;{};Imagenes_Alimentos/AllendesHnos/gatos/cat-buffet/cat-buffet-cat-buffet-campestre-20kg-11689.png;https://www.allendeshnos.cl/wp-content/uploads/2024/10/cat-buffet-20kg.png;https://www.allendeshnos.cl/producto/cat-buffet-campestre-20kg/
cat-buffet-cat-buffet-campestre-10kg;Allendes Hnos;Cat Buffet;gato;adulto;Cat Buffet Campestre 10kg;"[""10Kg""]";Cat Buffet Gatos Adultos es un alimento completo. Por que los gatos disfrutan los diferentes aromas, lo mejor que ofrece el campo se concentra en Cat Buffet Campestre, con sus dos sabores: Carne y huevo. LA ENERGÍA QUE TU GATO NECESITA:  Cat Buffet está constituido bajo una excelente mezcla de ingredientes proteicos para un perfecto balance de aminoácidos biodisponibles. MULTIVITAMINAS Y MINERALES: Contiene ingredientes de cada uno de los grupos nutricionales. Desarrollado para entregar lo más nuevo en proteínas, grasas, carbohidratos, vitaminas y minerales. Cat Buffet Gatos Adultos es un alimento completo. Por que los gatos disfrutan los diferentes aromas, lo mejor que ofrece el campo se concentra en Cat Buffet Campestre, con sus dos sabores: Carne y huevo.;proteicos para un perfecto balance de aminoácidos biodisponibles. MULTIVITAMINAS Y MINERALES: Contiene ingredientes de cada uno de los grupos nutricionales. Desarrollado para entregar lo más nuevo en proteínas, grasas, carbohidratos, vitaminas y minerales. Cat Buffet Gatos Adultos es un alimento completo. Por que los gatos disfrutan los diferentes aromas, lo mejor que ofrece el campo se concentra en Cat Buffet Campestre, con sus dos sabores: Carne y huevo.;{};Imagenes_Alimentos/AllendesHnos/gatos/cat-buffet/cat-buffet-cat-buffet-campestre-10kg-11688.png;https://www.allendeshnos.cl/wp-content/uploads/2024/10/cat-buffet-10kg.png;https://www.allendeshnos.cl/producto/cat-buffet-campestre-10kg/
can-can-senior-todas-las-razas-carne-y-cereales-18kg;Allendes Hnos;Can;perro;senior;Can Senior Todas las Razas Carne y Cereales 18kg;"[""18kg""]";Alimento especialmente formulado para un adecuado crecimiento y desarrollo de tu cachorro. CROQUETAS BLANDAS: Sus croquetas son más blandas, cuidando la dentadura de tu Can senior y contribuyendo a una fácil masticación, asegurando su adecuada nutrición. MEJORA LA SALUD BUCAL: La salud bucal y dental de tu perro está protegida a través de la incorporación de Hexametafosfato (HMP) y Vitamina C, que reducen la placa bacteriana y previenen el mal aliento y la acumulación de sarro. AYUDA AL CUIDADO ARTICULAR: Can senior contiene glucosamina y condroitín sulfato, que fortalecen los cartílagos y reducen el desgaste de las articulaciones. FECAS FIRMES Y MENOS OLOR: Con Yucca schidigera y bacterias lácticas que controlan las concentraciones de amoníaco y otros gases, reduciendo el olor y mejorando la consistencia de las fecas. PROTEÍNA DE ALTA CALIDAD: La proteína que contiene Can senior permite una mejor digestión y mantención de la musculatura, lo cual es muy importante en los perros de más de 7 años, ya que esta puede disminuir como producto del envejecimiento y la menor actividad física. CON ANTIOXIDANTES: Compuesto por microalgas, complejo selenio-levadura y Vitamina C, mejora la respuesta inmune, previene el envejecimiento neuronal y disminuye el estrés oxidativo, lo cual también contribuye a ralentizar el envejecimiento celular. Alimento especialmente formulado para un adecuado crecimiento y desarrollo de tu cachorro.;;{};Imagenes_Alimentos/AllendesHnos/perros/can/can-can-senior-todas-las-razas-carne-y-cereales-18kg-11677.png;https://www.allendeshnos.cl/wp-content/uploads/2024/10/Can-senior-18kg.png;https://www.allendeshnos.cl/producto/can-senior-todas-las-razas-carne-y-cereales-18kg/
can-can-senior-todas-las-razas-carne-y-cereales-10kg;Allendes Hnos;Can;perro;senior;Can Senior Todas las Razas Carne y Cereales 10kg;"[""10Kg""]";Alimento especialmente formulado para un adecuado crecimiento y desarrollo de tu cachorro. CROQUETAS BLANDAS: Sus croquetas son más blandas, cuidando la dentadura de tu Can senior y contribuyendo a una fácil masticación, asegurando su adecuada nutrición. MEJORA LA SALUD BUCAL: La salud bucal y dental de tu perro está protegida a través de la incorporación de Hexametafosfato (HMP) y Vitamina C, que reducen la placa bacteriana y previenen el mal aliento y la acumulación de sarro. AYUDA AL CUIDADO ARTICULAR: Can senior contiene glucosamina y condroitín sulfato, que fortalecen los cartílagos y reducen el desgaste de las articulaciones. FECAS FIRMES Y MENOS OLOR: Con Yucca schidigera y bacterias lácticas que controlan las concentraciones de amoníaco y otros gases, reduciendo el olor y mejorando la consistencia de las fecas. PROTEÍNA DE ALTA CALIDAD: La proteína que contiene Can senior permite una mejor digestión y mantención de la musculatura, lo cual es muy importante en los perros de más de 7 años, ya que esta puede disminuir como producto del envejecimiento y la menor actividad física. CON ANTIOXIDANTES: Compuesto por microalgas, complejo selenio-levadura y Vitamina C, mejora la respuesta inmune, previene el envejecimiento neuronal y disminuye el estrés oxidativo, lo cual también contribuye a ralentizar el envejecimiento celular. Alimento especialmente formulado para un adecuado crecimiento y desarrollo de tu cachorro.;;{};Imagenes_Alimentos/AllendesHnos/perros/can/can-can-senior-todas-las-razas-carne-y-cereales-10kg-11676.png;https://www.allendeshnos.cl/wp-content/uploads/2024/10/Can-senior-10kg.png;https://www.allendeshnos.cl/producto/can-senior-todas-las-razas-carne-y-cereales-10kg/
can-can-cachorro-todas-las-razas-carne-y-leche-18kg;Allendes Hnos;Can;perro;cachorro;Can Cachorro Todas las Razas Carne y Leche 18kg;"[""18kg""]";Alimento especialmente formulado para un adecuado crecimiento y desarrollo de tu cachorro. CROQUETAS PEQUEÑAS: Que facilitan la ingestión y el masticar del alimento para un óptimo crecimiento y bienestar de tu cachorro en su primera etapa de vida. PROTEÍNA DE ALTA CALIDAD: Con proteína de origen animal y huevos de gallina de libre pastoreo que permiten un adecuado desarrollo y crecimiento del cachorro acorde a sus necesidades. HUESOS Y DIENTES FUERTES: Can Cachorro entrega los aportes de Calcio y Fósforo necesarios para un óptimo desarrollo de los huesos y dientes de tu cachorro. CON COMPLEJO DE VITAMINA B: Fundamental para el metabolismo y para una piel y músculo saludables. Fortalece la función inmunológica y es vital para el desarrollo de cachorros, hembras lactantes y gestantes. MEJORA LAS DEFENSAS: Los cachorros necesitan fortalecer sus defensas frente a enfermedades propias de esta etapa, los prebióticos utilizados captan las bacterias y las presentan al sistema inmune, logrando una respuesta inmune más rápida. ÁCIDOS GRASOS OMEGA 3 (DHA): Que apoya el desarrollo cognitivo para facilitar el proceso de aprendizaje y entrenamiento de tu cachorro Alimento especialmente formulado para un adecuado crecimiento y desarrollo de tu cachorro.;;{};Imagenes_Alimentos/AllendesHnos/perros/can/can-can-cachorro-todas-las-razas-carne-y-leche-18kg-11662.png;https://www.allendeshnos.cl/wp-content/uploads/2024/10/Can-cachorro-18kg.png;https://www.allendeshnos.cl/producto/can-cachorro-todas-las-razas-carne-y-leche-18kg/
can-can-cachorro-todas-las-razas-carne-y-leche-10kg;Allendes Hnos;Can;perro;cachorro;Can Cachorro Todas las Razas Carne y Leche 10kg;"[""10Kg""]";Alimento especialmente formulado para un adecuado crecimiento y desarrollo de tu cachorro. CROQUETAS PEQUEÑAS: Que facilitan la ingestión y el masticar del alimento para un óptimo crecimiento y bienestar de tu cachorro en su primera etapa de vida. PROTEÍNA DE ALTA CALIDAD: Con proteína de origen animal y huevos de gallina de libre pastoreo que permiten un adecuado desarrollo y crecimiento del cachorro acorde a sus necesidades. HUESOS Y DIENTES FUERTES: Can Cachorro entrega los aportes de Calcio y Fósforo necesarios para un óptimo desarrollo de los huesos y dientes de tu cachorro. CON COMPLEJO DE VITAMINA B: Fundamental para el metabolismo y para una piel y músculo saludables. Fortalece la función inmunológica y es vital para el desarrollo de cachorros, hembras lactantes y gestantes. MEJORA LAS DEFENSAS: Los cachorros necesitan fortalecer sus defensas frente a enfermedades propias de esta etapa, los prebióticos utilizados captan las bacterias y las presentan al sistema inmune, logrando una respuesta inmune más rápida. ÁCIDOS GRASOS OMEGA 3 (DHA): Que apoya el desarrollo cognitivo para facilitar el proceso de aprendizaje y entrenamiento de tu cachorro Alimento especialmente formulado para un adecuado crecimiento y desarrollo de tu cachorro.;;{};Imagenes_Alimentos/AllendesHnos/perros/can/can-can-cachorro-todas-las-razas-carne-y-leche-10kg-11661.png;https://www.allendeshnos.cl/wp-content/uploads/2024/10/Can-cachorro-10kg.png;https://www.allendeshnos.cl/producto/can-cachorro-todas-las-razas-carne-y-leche-10kg/
can-can-adulto-razas-pequenas-carne-y-cereales-18kg;Allendes Hnos;Can;perro;adulto;Can Adulto Razas Pequeñas Carne y Cereales 18kg;"[""18kg""]";Explora la vanguardia en cuidado canino con nuestra nueva gama de productos, diseñada para fusionar nutrición premium y accesibilidad. DELICIOSOS BOCADOS: El mejor sabor para tu perro, la mejor palatabilidad, con ingredientes como la carne de pollo y huevo que potencian el sabor y la nutrición que entrega el alimento. PROTEÍNA DE ALTA CALIDAD: El huevo de gallina de libre pastoreo es la fuente perfecta para garantizar una digestión adecuada, desarrollo muscular y crecimiento de tu perro. MEJORA LA SALUD DENTAL: Con la incorporación de Hexametafosfato y Vitamina C, que reducen la placa bacteriana, previenen el mal aliento y la acumulación de sarro. FECAS FIRMES Y MENOS OLOR: Con Yucca schidigera y bacterias lácticas que controlan las concentraciones de amoníaco y otros gases, reduciendo el olor y mejorando la consistencia de las fecas. MEJORA LA SALUD INTESTINAL: Prebióticos, extracto de mananos (MOS) que mejora la resistencia de los perros a infecciones y ayuda al buen funcionamiento intestinal y a una buena salud general. PIEL SANA Y PELAJE BRILLANTE: Los beneficios de Omega 3, Omega 6 y el aporte de zinc, se traducen en un pelaje más brillante, sano y sin signos de dermatitis en tu perro. Explora la vanguardia en cuidado canino con nuestra nueva gama de productos, diseñada para fusionar nutrición premium y accesibilidad.;como la carne de pollo y huevo que potencian el sabor y la nutrición que entrega el alimento. PROTEÍNA DE ALTA CALIDAD: El huevo de gallina de libre pastoreo es la fuente perfecta para garantizar una digestión adecuada, desarrollo muscular y crecimiento de tu perro. MEJORA LA SALUD DENTAL: Con la incorporación de Hexametafosfato y Vitamina C, que reducen la placa bacteriana, previenen el mal aliento y la acumulación de sarro. FECAS FIRMES Y MENOS OLOR: Con Yucca schidigera y bacterias lácticas que controlan las concentraciones de amoníaco y otros gases, reduciendo el olor y mejorando la consistencia de las fecas. MEJORA LA SALUD INTESTINAL: Prebióticos, extracto de mananos (MOS) que mejora la resistencia de los perros a infecciones y ayuda al buen funcionamiento intestinal y a una buena salud general. PIEL SANA Y PELAJE BRILLANTE: Los;{};Imagenes_Alimentos/AllendesHnos/perros/can/can-can-adulto-razas-pequenas-carne-y-cereales-18kg-11650.png;https://www.allendeshnos.cl/wp-content/uploads/2024/10/Can-Sabor-r.p-18kg.png;https://www.allendeshnos.cl/producto/can-adulto-razas-pequenas-carne-y-cereales-18kg/
can-can-adulto-razas-pequenas-carne-y-cereales-10kg;Allendes Hnos;Can;perro;adulto;Can Adulto Razas Pequeñas Carne y Cereales 10kg;"[""10Kg""]";Explora la vanguardia en cuidado canino con nuestra nueva gama de productos, diseñada para fusionar nutrición premium y accesibilidad. DELICIOSOS BOCADOS: El mejor sabor para tu perro, la mejor palatabilidad, con ingredientes como la carne de pollo y huevo que potencian el sabor y la nutrición que entrega el alimento. PROTEÍNA DE ALTA CALIDAD: El huevo de gallina de libre pastoreo es la fuente perfecta para garantizar una digestión adecuada, desarrollo muscular y crecimiento de tu perro. MEJORA LA SALUD DENTAL: Con la incorporación de Hexametafosfato y Vitamina C, que reducen la placa bacteriana, previenen el mal aliento y la acumulación de sarro. FECAS FIRMES Y MENOS OLOR: Con Yucca schidigera y bacterias lácticas que controlan las concentraciones de amoníaco y otros gases, reduciendo el olor y mejorando la consistencia de las fecas. MEJORA LA SALUD INTESTINAL: Prebióticos, extracto de mananos (MOS) que mejora la resistencia de los perros a infecciones y ayuda al buen funcionamiento intestinal y a una buena salud general. PIEL SANA Y PELAJE BRILLANTE: Los beneficios de Omega 3, Omega 6 y el aporte de zinc, se traducen en un pelaje más brillante, sano y sin signos de dermatitis en tu perro. Explora la vanguardia en cuidado canino con nuestra nueva gama de productos, diseñada para fusionar nutrición premium y accesibilidad.;como la carne de pollo y huevo que potencian el sabor y la nutrición que entrega el alimento. PROTEÍNA DE ALTA CALIDAD: El huevo de gallina de libre pastoreo es la fuente perfecta para garantizar una digestión adecuada, desarrollo muscular y crecimiento de tu perro. MEJORA LA SALUD DENTAL: Con la incorporación de Hexametafosfato y Vitamina C, que reducen la placa bacteriana, previenen el mal aliento y la acumulación de sarro. FECAS FIRMES Y MENOS OLOR: Con Yucca schidigera y bacterias lácticas que controlan las concentraciones de amoníaco y otros gases, reduciendo el olor y mejorando la consistencia de las fecas. MEJORA LA SALUD INTESTINAL: Prebióticos, extracto de mananos (MOS) que mejora la resistencia de los perros a infecciones y ayuda al buen funcionamiento intestinal y a una buena salud general. PIEL SANA Y PELAJE BRILLANTE: Los;{};Imagenes_Alimentos/AllendesHnos/perros/can/can-can-adulto-razas-pequenas-carne-y-cereales-10kg-11649.png;https://www.allendeshnos.cl/wp-content/uploads/2024/10/Can-Sabor-r.p-10kg.png;https://www.allendeshnos.cl/producto/can-adulto-razas-pequenas-carne-y-cereales-10kg/
can-can-adulto-razas-medianas-y-grandes-cordero-y-arroz-18kg;Allendes Hnos;Can;perro;adulto;Can Adulto Razas Medianas y Grandes Cordero y Arroz 18kg;"[""18kg""]";Explora la vanguardia en cuidado canino con nuestra nueva gama de productos, diseñada para fusionar nutrición premium y accesibilidad. DELICIOSOS BOCADOS: El mejor sabor para tu perro, la mejor palatabilidad, con ingredientes como la carne de pollo y huevo que potencian el sabor y la nutrición que entrega el alimento. PROTEÍNA DE ALTA CALIDAD: El huevo de gallina de libre pastoreo es la fuente perfecta para garantizar una digestión adecuada, desarrollo muscular y crecimiento de tu perro. MEJORA LA SALUD DENTAL: Con la incorporación de Hexametafosfato y Vitamina C, que reducen la placa bacteriana, previenen el mal aliento y la acumulación de sarro. FECAS FIRMES Y MENOS OLOR: Con Yucca schidigera y bacterias lácticas que controlan las concentraciones de amoníaco y otros gases, reduciendo el olor y mejorando la consistencia de las fecas. MEJORA LA SALUD INTESTINAL: Prebióticos, extracto de mananos (MOS) que mejora la resistencia de los perros a infecciones y ayuda al buen funcionamiento intestinal y a una buena salud general. PIEL SANA Y PELAJE BRILLANTE: Los beneficios de Omega 3, Omega 6 y el aporte de zinc, se traducen en un pelaje más brillante, sano y sin signos de dermatitis en tu perro. Explora la vanguardia en cuidado canino con nuestra nueva gama de productos, diseñada para fusionar nutrición premium y accesibilidad.;como la carne de pollo y huevo que potencian el sabor y la nutrición que entrega el alimento. PROTEÍNA DE ALTA CALIDAD: El huevo de gallina de libre pastoreo es la fuente perfecta para garantizar una digestión adecuada, desarrollo muscular y crecimiento de tu perro. MEJORA LA SALUD DENTAL: Con la incorporación de Hexametafosfato y Vitamina C, que reducen la placa bacteriana, previenen el mal aliento y la acumulación de sarro. FECAS FIRMES Y MENOS OLOR: Con Yucca schidigera y bacterias lácticas que controlan las concentraciones de amoníaco y otros gases, reduciendo el olor y mejorando la consistencia de las fecas. MEJORA LA SALUD INTESTINAL: Prebióticos, extracto de mananos (MOS) que mejora la resistencia de los perros a infecciones y ayuda al buen funcionamiento intestinal y a una buena salud general. PIEL SANA Y PELAJE BRILLANTE: Los;{};Imagenes_Alimentos/AllendesHnos/perros/can/can-can-adulto-razas-medianas-y-grandes-cordero-y-arroz-11638.png;https://www.allendeshnos.cl/wp-content/uploads/2024/10/Can-Sabor-cordero-arroz-18kg.png;https://www.allendeshnos.cl/producto/can-adulto-razas-medianas-y-grandes-cordero-y-arroz-18kg/
can-can-adulto-razas-medianas-y-grandes-cordero-y-arroz-10kg;Allendes Hnos;Can;perro;adulto;Can Adulto Razas Medianas y Grandes Cordero y Arroz 10kg;"[""10Kg""]";Explora la vanguardia en cuidado canino con nuestra nueva gama de productos, diseñada para fusionar nutrición premium y accesibilidad. DELICIOSOS BOCADOS: El mejor sabor para tu perro, la mejor palatabilidad, con ingredientes como la carne de pollo y huevo que potencian el sabor y la nutrición que entrega el alimento. PROTEÍNA DE ALTA CALIDAD: El huevo de gallina de libre pastoreo es la fuente perfecta para garantizar una digestión adecuada, desarrollo muscular y crecimiento de tu perro. MEJORA LA SALUD DENTAL: Con la incorporación de Hexametafosfato y Vitamina C, que reducen la placa bacteriana, previenen el mal aliento y la acumulación de sarro. FECAS FIRMES Y MENOS OLOR: Con Yucca schidigera y bacterias lácticas que controlan las concentraciones de amoníaco y otros gases, reduciendo el olor y mejorando la consistencia de las fecas. MEJORA LA SALUD INTESTINAL: Prebióticos, extracto de mananos (MOS) que mejora la resistencia de los perros a infecciones y ayuda al buen funcionamiento intestinal y a una buena salud general. PIEL SANA Y PELAJE BRILLANTE: Los beneficios de Omega 3, Omega 6 y el aporte de zinc, se traducen en un pelaje más brillante, sano y sin signos de dermatitis en tu perro. Explora la vanguardia en cuidado canino con nuestra nueva gama de productos, diseñada para fusionar nutrición premium y accesibilidad.;como la carne de pollo y huevo que potencian el sabor y la nutrición que entrega el alimento. PROTEÍNA DE ALTA CALIDAD: El huevo de gallina de libre pastoreo es la fuente perfecta para garantizar una digestión adecuada, desarrollo muscular y crecimiento de tu perro. MEJORA LA SALUD DENTAL: Con la incorporación de Hexametafosfato y Vitamina C, que reducen la placa bacteriana, previenen el mal aliento y la acumulación de sarro. FECAS FIRMES Y MENOS OLOR: Con Yucca schidigera y bacterias lácticas que controlan las concentraciones de amoníaco y otros gases, reduciendo el olor y mejorando la consistencia de las fecas. MEJORA LA SALUD INTESTINAL: Prebióticos, extracto de mananos (MOS) que mejora la resistencia de los perros a infecciones y ayuda al buen funcionamiento intestinal y a una buena salud general. PIEL SANA Y PELAJE BRILLANTE: Los;{};Imagenes_Alimentos/AllendesHnos/perros/can/can-can-adulto-razas-medianas-y-grandes-cordero-y-arroz-11637.png;https://www.allendeshnos.cl/wp-content/uploads/2024/10/Can-Sabor-cordero-arroz-10.png;https://www.allendeshnos.cl/producto/can-adulto-razas-medianas-y-grandes-cordero-y-arroz-10kg/
can-can-adulto-razas-medianas-y-grandes-carne-y-cereales-18kg;Allendes Hnos;Can;perro;adulto;Can Adulto Razas Medianas y Grandes Carne y Cereales 18kg;"[""18kg""]";Explora la vanguardia en cuidado canino con nuestra nueva gama de productos, diseñada para fusionar nutrición premium y accesibilidad. DELICIOSOS BOCADOS: El mejor sabor para tu perro, la mejor palatabilidad, con ingredientes como la carne de pollo y huevo que potencian el sabor y la nutrición que entrega el alimento. PROTEÍNA DE ALTA CALIDAD: El huevo de gallina de libre pastoreo es la fuente perfecta para garantizar una digestión adecuada, desarrollo muscular y crecimiento de tu perro. MEJORA LA SALUD DENTAL: Con la incorporación de Hexametafosfato y Vitamina C, que reducen la placa bacteriana, previenen el mal aliento y la acumulación de sarro. FECAS FIRMES Y MENOS OLOR: Con Yucca schidigera y bacterias lácticas que controlan las concentraciones de amoníaco y otros gases, reduciendo el olor y mejorando la consistencia de las fecas. MEJORA LA SALUD INTESTINAL: Prebióticos, extracto de mananos (MOS) que mejora la resistencia de los perros a infecciones y ayuda al buen funcionamiento intestinal y a una buena salud general. PIEL SANA Y PELAJE BRILLANTE: Los beneficios de Omega 3, Omega 6 y el aporte de zinc, se traducen en un pelaje más brillante, sano y sin signos de dermatitis en tu perro. Explora la vanguardia en cuidado canino con nuestra nueva gama de productos, diseñada para fusionar nutrición premium y accesibilidad.;como la carne de pollo y huevo que potencian el sabor y la nutrición que entrega el alimento. PROTEÍNA DE ALTA CALIDAD: El huevo de gallina de libre pastoreo es la fuente perfecta para garantizar una digestión adecuada, desarrollo muscular y crecimiento de tu perro. MEJORA LA SALUD DENTAL: Con la incorporación de Hexametafosfato y Vitamina C, que reducen la placa bacteriana, previenen el mal aliento y la acumulación de sarro. FECAS FIRMES Y MENOS OLOR: Con Yucca schidigera y bacterias lácticas que controlan las concentraciones de amoníaco y otros gases, reduciendo el olor y mejorando la consistencia de las fecas. MEJORA LA SALUD INTESTINAL: Prebióticos, extracto de mananos (MOS) que mejora la resistencia de los perros a infecciones y ayuda al buen funcionamiento intestinal y a una buena salud general. PIEL SANA Y PELAJE BRILLANTE: Los;{};Imagenes_Alimentos/AllendesHnos/perros/can/can-can-adulto-razas-medianas-y-grandes-carne-y-cereale-11627.png;https://www.allendeshnos.cl/wp-content/uploads/2024/10/Can-Sabor-Carne-y-Arroz-18kg.png;https://www.allendeshnos.cl/producto/can-adulto-razas-medianas-y-grandes-carne-y-cereales-18kg/
can-can-adulto-razas-medianas-y-grandes-carne-y-cereales-1kg-10-und;Allendes Hnos;Can;perro;adulto;Can Adulto Razas Medianas y Grandes Carne y Cereales 1kg (10 und);"[""1kg""]";Explora la vanguardia en cuidado canino con nuestra nueva gama de productos, diseñada para fusionar nutrición premium y accesibilidad. DELICIOSOS BOCADOS: El mejor sabor para tu perro, la mejor palatabilidad, con ingredientes como la carne de pollo y huevo que potencian el sabor y la nutrición que entrega el alimento. PROTEÍNA DE ALTA CALIDAD: El huevo de gallina de libre pastoreo es la fuente perfecta para garantizar una digestión adecuada, desarrollo muscular y crecimiento de tu perro. MEJORA LA SALUD DENTAL: Con la incorporación de Hexametafosfato y Vitamina C, que reducen la placa bacteriana, previenen el mal aliento y la acumulación de sarro. FECAS FIRMES Y MENOS OLOR: Con Yucca schidigera y bacterias lácticas que controlan las concentraciones de amoníaco y otros gases, reduciendo el olor y mejorando la consistencia de las fecas. MEJORA LA SALUD INTESTINAL: Prebióticos, extracto de mananos (MOS) que mejora la resistencia de los perros a infecciones y ayuda al buen funcionamiento intestinal y a una buena salud general. PIEL SANA Y PELAJE BRILLANTE: Los beneficios de Omega 3, Omega 6 y el aporte de zinc, se traducen en un pelaje más brillante, sano y sin signos de dermatitis en tu perro. Explora la vanguardia en cuidado canino con nuestra nueva gama de productos, diseñada para fusionar nutrición premium y accesibilidad.;como la carne de pollo y huevo que potencian el sabor y la nutrición que entrega el alimento. PROTEÍNA DE ALTA CALIDAD: El huevo de gallina de libre pastoreo es la fuente perfecta para garantizar una digestión adecuada, desarrollo muscular y crecimiento de tu perro. MEJORA LA SALUD DENTAL: Con la incorporación de Hexametafosfato y Vitamina C, que reducen la placa bacteriana, previenen el mal aliento y la acumulación de sarro. FECAS FIRMES Y MENOS OLOR: Con Yucca schidigera y bacterias lácticas que controlan las concentraciones de amoníaco y otros gases, reduciendo el olor y mejorando la consistencia de las fecas. MEJORA LA SALUD INTESTINAL: Prebióticos, extracto de mananos (MOS) que mejora la resistencia de los perros a infecciones y ayuda al buen funcionamiento intestinal y a una buena salud general. PIEL SANA Y PELAJE BRILLANTE: Los;{};Imagenes_Alimentos/AllendesHnos/perros/can/can-can-adulto-razas-medianas-y-grandes-carne-y-cereale-11626.png;https://www.allendeshnos.cl/wp-content/uploads/2024/10/Can-Sabor-Carne-y-Arroz-1kg.png;https://www.allendeshnos.cl/producto/can-adulto-razas-medianas-y-grandes-carne-y-cereales-1kg-10-und/
stay-happy-stay-happy-creamy-cat-mix-sabores-18und;Allendes Hnos;Stay Happy;gato;adulto;Stay Happy Creamy Cat Mix Sabores 18und;"[""18und""]";Paté cremoso. Libre de granos y alto en proteínas. Empaque con mix de sabores, 6 unidades salmón, 6 unidades pollo y 6 unidades pollo camarón. Paté cremoso elaborado con carne de salmón. Su exquisito sabor sera el delirio de tu gato. Es un producto libre de granos y alto en proteinas. Con extracto de yucca que ayuda a reducir el olor de las fecas. Paté cremoso. Libre de granos y alto en proteínas. Empaque con mix de sabores, 6 unidades salmón, 6 unidades pollo y 6 unidades pollo camarón.;;{};Imagenes_Alimentos/AllendesHnos/gatos/stay-happy/stay-happy-stay-happy-creamy-cat-mix-sabores-18und-11621.png;https://www.allendeshnos.cl/wp-content/uploads/2024/10/cremiy-mix.png;https://www.allendeshnos.cl/producto/stay-happy-creamy-cat-mix-sabores-18und/
stay-happy-stay-happy-snack-bully-stick-para-perros-3-und;Allendes Hnos;Stay Happy;perro;adulto;Stay Happy Snack Bully Stick para Perros (3 und);"[""3un""]";Este Snack 100% natural se caracteriza por su alto nivel de proteínas y muy agradable consistencia. Este Snack 100% natural se caracteriza por su alto nivel de proteínas y muy agradable consistencia.;;{};Imagenes_Alimentos/AllendesHnos/perros/stay-happy/stay-happy-stay-happy-snack-bully-stick-para-perros-3-u-11618.png;https://www.allendeshnos.cl/wp-content/uploads/2024/10/bully.png;https://www.allendeshnos.cl/producto/stay-happy-snack-bully-stick-para-perros-3-und/
stay-happy-stay-happy-toallitas-humedas-4-und;Allendes Hnos;Stay Happy;gato;adulto;Stay Happy Toallitas Humedas (4 und);"[""4 und""]";Toallitas húmedas que refrescan, humectan y elimina la suciedad y malos olores. Toallitas húmedas que refrescan, humectan y elimina la suciedad y malos olores. Aroma Cítrico y aloe vera. Contiene vitamina E. Toallitas húmedas que refrescan, humectan y elimina la suciedad y malos olores.;;{};Imagenes_Alimentos/AllendesHnos/gatos/stay-happy/stay-happy-stay-happy-toallitas-humedas-4-und-11602.png;https://www.allendeshnos.cl/wp-content/uploads/2024/10/Stay-happy-web.png;https://www.allendeshnos.cl/producto/stay-happy-toallitas-humedas-4-und/
stay-happy-stay-happy-galletas-proteicas-vacuno140gr-4-und;Allendes Hnos;Stay Happy;perro;adulto;Stay Happy Galletas Proteicas Vacuno140gr (4 und);"[""140gr""]";Fuente de Proteína: Producto alto en proteínas Ingredientes de calidad humana: Elaborado con ingredientes naturales que se utilizan para producir alimento de humanos. Ayuda a la digestión de tu mascota: Gracias a su fórmula natural, ayuda al proceso digestivo de la mascota. Snack para perros galletas proteicas es un snack natural indicado para todos los perros y en todas las etapas de su vida. Elaborado con ingredientes naturales que se utilizan para producir alimento de humanos;de calidad humana: Elaborado con ingredientes naturales que se utilizan para producir alimento de humanos. Ayuda a la digestión de tu mascota: Gracias a su fórmula natural, ayuda al proceso digestivo de la mascota. Snack para perros galletas proteicas es un snack natural indicado para todos los perros y en todas las etapas de su vida. Elaborado con ingredientes naturales que se utilizan para producir alimento de humanos;{};Imagenes_Alimentos/AllendesHnos/perros/stay-happy/stay-happy-stay-happy-galletas-proteicas-vacuno140gr-4--11594.png;https://www.allendeshnos.cl/wp-content/uploads/2024/10/galletas-proteicas-vacuno.png;https://www.allendeshnos.cl/producto/stay-happy-galletas-proteicas-vacuno140gr-4-und/
stay-happy-stay-happy-galletas-proteicas-salmon-140gr-4-und;Allendes Hnos;Stay Happy;perro;adulto;Stay Happy Galletas Proteicas Salmón 140gr (4 und);"[""140gr""]";Fuente de Proteína: Producto alto en proteínas Ingredientes de calidad humana: Elaborado con ingredientes naturales que se utilizan para producir alimento de humanos. Ayuda a la digestión de tu mascota: Gracias a su fórmula natural, ayuda al proceso digestivo de la mascota. Snack para perros galletas proteicas es un snack natural indicado para todos los perros y en todas las etapas de su vida. Elaborado con ingredientes naturales que se utilizan para producir alimento de humanos;de calidad humana: Elaborado con ingredientes naturales que se utilizan para producir alimento de humanos. Ayuda a la digestión de tu mascota: Gracias a su fórmula natural, ayuda al proceso digestivo de la mascota. Snack para perros galletas proteicas es un snack natural indicado para todos los perros y en todas las etapas de su vida. Elaborado con ingredientes naturales que se utilizan para producir alimento de humanos;{};Imagenes_Alimentos/AllendesHnos/perros/stay-happy/stay-happy-stay-happy-galletas-proteicas-salmon-140gr-4-11593.png;https://www.allendeshnos.cl/wp-content/uploads/2024/10/galletas-proteicas-salmon.png;https://www.allendeshnos.cl/producto/stay-happy-galletas-proteicas-salmon-140gr-4-und/
pedigree-pedigree-rodeo-adulto-carne-70gr-20-und;Allendes Hnos;Pedigree;perro;adulto;Pedigree Rodeo Adulto Carne 70gr (20 und);"[""70gr""]";Pedigree Rodeo sabor carne es el snack perfecto para recompensar a tu perro, entrenarlo o simplemente para demostrarle cuánto lo querés. Apto para todas las edades ¡desde cachorros hasta los más viejitos! Agradable textura masticable Forma enrollada exclusiva Con sabor a carne irresistible Con Fibras que contribuyen a un sistema digestivo saludable Apto para todas las edades ¡desde cachorros hasta los más viejitos! Agradable textura masticable Forma enrollada exclusiva Con sabor a carne irresistible Con Fibras que contribuyen a un sistema digestivo saludable;;{};Imagenes_Alimentos/AllendesHnos/perros/pedigree/pedigree-pedigree-rodeo-adulto-carne-70gr-20-und-11528.png;https://www.allendeshnos.cl/wp-content/uploads/2024/10/rodeo-sabor-carne.png;https://www.allendeshnos.cl/producto/pedigree-rodeo-adulto-carne-70gr-20-und/
pedigree-pedigree-rodeo-adulto-pollo-70gr-20-und;Allendes Hnos;Pedigree;perro;adulto;Pedigree Rodeo Adulto Pollo 70gr (20 und);"[""70gr""]";Pedigree® Rodeo sabor pollo es el snack perfecto para recompensar a tu perro, entrenarlo o simplemente para demostrarle cuánto lo querés Apto para todas las edades ¡desde cachorros hasta los más viejitos! Agradable textura masticable Forma enrollada exclusiva Con sabor a carne irresistible Con Fibras que contribuyen a un sistema digestivo saludable Apto para todas las edades ¡desde cachorros hasta los más viejitos! Agradable textura masticable Forma enrollada exclusiva Con sabor a carne irresistible Con Fibras que contribuyen a un sistema digestivo saludable;;{};Imagenes_Alimentos/AllendesHnos/perros/pedigree/pedigree-pedigree-rodeo-adulto-pollo-70gr-20-und-11527.png;https://www.allendeshnos.cl/wp-content/uploads/2024/10/rodeo-pollo.png;https://www.allendeshnos.cl/producto/pedigree-rodeo-adulto-pollo-20-und/
pedigree-pedigree-dentastix-adulto-razas-pequenas-7-barras-10-und;Allendes Hnos;Pedigree;perro;adulto;Pedigree Dentastix Adulto Razas Pequeñas 7 barras (10 und);"[""110gr""]";Pedigree Dentastix es el primer snack del mercado pensado exclusivamente para el cuidado oral de perros de razas pequeñas. Es una solución efectiva para mantener sus dientes limpios y sanos, de forma fácil y divertida.Con un Pedigree® Dentastix™ por día, prevenís y cuidás la salud oral de tu perro gracias a su Triple Acción Cuidado Oral Diario Ayuda a mantener las encías saludables Ayuda a limpiar hasta los dientes más difíciles de alcanzar Ayuda a reducir hasta en un 80% la formación de sarro;;{};Imagenes_Alimentos/AllendesHnos/perros/pedigree/pedigree-pedigree-dentastix-adulto-razas-pequenas-7-bar-11521.png;https://www.allendeshnos.cl/wp-content/uploads/2024/10/razas-pequenas-7-brras.png;https://www.allendeshnos.cl/producto/pedigree-dentastix-adulto-razas-pequenas-7-barras-10-und/
pedigree-pedigree-dentastix-adulto-razas-pequenas-3-barras-18-und;Allendes Hnos;Pedigree;perro;adulto;Pedigree Dentastix Adulto Razas Pequeñas 3 barras (18 und);"[""45gr""]";Pedigree Dentastix es el primer snack del mercado pensado exclusivamente para el cuidado oral de perros de razas pequeñas. Es una solución efectiva para mantener sus dientes limpios y sanos, de forma fácil y divertida.Con un Pedigree® Dentastix™ por día, prevenís y cuidás la salud oral de tu perro gracias a su Triple Acción Cuidado Oral Diario Ayuda a mantener las encías saludables Ayuda a limpiar hasta los dientes más difíciles de alcanzar Ayuda a reducir hasta en un 80% la formación de sarro;;{};Imagenes_Alimentos/AllendesHnos/perros/pedigree/pedigree-pedigree-dentastix-adulto-razas-pequenas-3-bar-11520.png;https://www.allendeshnos.cl/wp-content/uploads/2024/10/razas-pequenas-3-brras.png;https://www.allendeshnos.cl/producto/pedigree-dentastix-adulto-razas-pequenas-3-barras-18-und/
pedigree-pedigree-dentastix-adulto-razas-medianas-3-barras-20-und;Allendes Hnos;Pedigree;perro;adulto;Pedigree Dentastix Adulto Razas Medianas 3 barras (20 und);"[""77,1gr""]";Pedigree® Dentastix™ es el primer snack del mercado pensado exclusivamente para el cuidado oral de perros de razas medianas. Es una solución efectiva para mantener sus dientes limpios y sanos, de forma fácil y divertida.Con un Pedigree® Dentastix™ por día, prevenís y cuidás la salud oral de tu perro gracias a su Triple Acción Cuidado Oral Diario Ayuda a mantener las encías saludables Ayuda a limpiar hasta los dientes más difíciles de alcanzar Ayuda a reducir hasta en un 80% la formación de sarro;;{};Imagenes_Alimentos/AllendesHnos/perros/pedigree/pedigree-pedigree-dentastix-adulto-razas-medianas-3-bar-11515.png;https://www.allendeshnos.cl/wp-content/uploads/2024/10/r.-mediana-77gr.png;https://www.allendeshnos.cl/producto/pedigree-dentastix-adulto-razas-medianas-3-barras-20-und/
pedigree-pedigree-dentastix-adulto-razas-medianas-7-barras-16-und;Allendes Hnos;Pedigree;perro;adulto;Pedigree Dentastix Adulto Razas Medianas 7 barras (16 und);"[""180gr""]";Pedigree® Dentastix™ es el primer snack del mercado pensado exclusivamente para el cuidado oral de perros de razas medianas. Es una solución efectiva para mantener sus dientes limpios y sanos, de forma fácil y divertida.Con un Pedigree® Dentastix™ por día, prevenís y cuidás la salud oral de tu perro gracias a su Triple Acción Cuidado Oral Diario Ayuda a mantener las encías saludables Ayuda a limpiar hasta los dientes más difíciles de alcanzar Ayuda a reducir hasta en un 80% la formación de sarro;;{};Imagenes_Alimentos/AllendesHnos/perros/pedigree/pedigree-pedigree-dentastix-adulto-razas-medianas-7-bar-11514.png;https://www.allendeshnos.cl/wp-content/uploads/2024/10/r.-mediana-179.png;https://www.allendeshnos.cl/producto/pedigree-dentastix-adulto-razas-medianas-7-barras-16-und/
pedigree-pedigree-dentastix-adulto-razas-grandes-3-barras-10-und;Allendes Hnos;Pedigree;perro;adulto;Pedigree Dentastix Adulto Razas Grandes 3 barras (10 und);"[""115,5gr""]";En PEDIGREE® creemos que los perros alimentan lo mejor de nosotros y por eso queremos alimentar lo bueno de nuestra relación con ellos traduciendo calidad en snacks que les encantarán. Los perros necesitan amor y botanas que ayudan a los dueños a hacerles saber cuanto los quieren y que forman parte de una familia. Los snacks se pueden utilizar para entrenar y recompensar, son perfectos para momentos de conexión, además de poder ayudar a mantener su salud oral. Por ello, nuestro DENTASTIX™ Adulto es un snack para el cuidado oral diario que ayudará a mantener las encías saludables. Clínicamente comprobado, ayuda a reducir la formación de placa y sarro dental gracias a su exclusiva forma de X, además de limpiar los dientes más difíciles de alcanzar Cuidado Oral Diario Ayuda a mantener las encías saludables Ayuda a limpiar hasta los dientes más difíciles de alcanzar Ayuda a reducir hasta en un 80% la formación de sarro;;{};Imagenes_Alimentos/AllendesHnos/perros/pedigree/pedigree-pedigree-dentastix-adulto-razas-grandes-3-barr-11506.png;https://www.allendeshnos.cl/wp-content/uploads/2024/10/raza-grande-1155-gr-3-barras.png;https://www.allendeshnos.cl/producto/pedigree-dentastix-adulto-razas-grandes-3-barras-10-und/
pedigree-pedigree-dentastix-adulto-razas-grandes-7-barras-10-und;Allendes Hnos;Pedigree;perro;adulto;Pedigree Dentastix Adulto Razas Grandes 7 barras (10 und);"[""270gr""]";En PEDIGREE® creemos que los perros alimentan lo mejor de nosotros y por eso queremos alimentar lo bueno de nuestra relación con ellos traduciendo calidad en snacks que les encantarán. Los perros necesitan amor y botanas que ayudan a los dueños a hacerles saber cuanto los quieren y que forman parte de una familia. Los snacks se pueden utilizar para entrenar y recompensar, son perfectos para momentos de conexión, además de poder ayudar a mantener su salud oral. Por ello, nuestro DENTASTIX™ Adulto es un snack para el cuidado oral diario que ayudará a mantener las encías saludables. Clínicamente comprobado, ayuda a reducir la formación de placa y sarro dental gracias a su exclusiva forma de X, además de limpiar los dientes más difíciles de alcanzar Cuidado Oral Diario Ayuda a mantener las encías saludables Ayuda a limpiar hasta los dientes más difíciles de alcanzar Ayuda a reducir hasta en un 80% la formación de sarro;;{};Imagenes_Alimentos/AllendesHnos/perros/pedigree/pedigree-pedigree-dentastix-adulto-razas-grandes-7-barr-11505.png;https://www.allendeshnos.cl/wp-content/uploads/2024/10/raza-grande-270-gr-7-barras.png;https://www.allendeshnos.cl/producto/pedigree-dentastix-adulto-razas-grandes-7-barras-10-und/
whiskas-whiskas-snacks-delicioso-sabor-salmon-80gr-12-und;Allendes Hnos;Whiskas;gato;adulto;Whiskas Snacks Delicioso Sabor Salmón 80gr (12 und);"[""80gr""]";El nuevo Whiskas® Snacks es la elección perfecta para regalonear a tu gato, estrechar lazos y disfrutar de momentos de juego juntos. Entrégale un mundo de sabor con nuestros deliciosos sabores: Carne, Pollo y Salmón.¡Prueba el snack para gato más irresistible del mundo compartiendo más momentos juntos y entregándole un sabor increíble que le encantará! WHISKAS, líder mundial en alimentos para gatos desde 1958, fusiona décadas de experiencia con la innovación del Centro de Nutrición WALTHAM. Más que crear deliciosas recetas, estamos comprometidos con la salud y felicidad de todos los gatos. Confía en nosotros para un compañero saludable y ronroneante de por vida. ¡Cuida de tu gato con lo mejor! El nuevo Whiskas® Snacks es la elección perfecta para regalonear a tu gato, estrechar lazos y disfrutar de momentos de juego juntos. Entrégale un mundo de sabor con nuestros deliciosos sabores: Carne, Pollo y Salmón.¡Prueba el snack para gato más irresistible del mundo compartiendo más momentos juntos y entregándole un sabor increíble que le encantará! WHISKAS, líder mundial en alimentos para gatos desde 1958, fusiona décadas de experiencia con la innovación del Centro de Nutrición WALTHAM. Más que crear deliciosas recetas, estamos comprometidos con la salud y felicidad de todos los gatos. Confía en nosotros para un compañero saludable y ronroneante de por vida. ¡Cuida de tu gato con lo mejor!;;{};Imagenes_Alimentos/AllendesHnos/gatos/whiskas/whiskas-whiskas-snacks-delicioso-sabor-salmon-80gr-12-u-11493.png;https://www.allendeshnos.cl/wp-content/uploads/2024/10/snack-whiskas-salmon-12und.png;https://www.allendeshnos.cl/producto/whiskas-snacks-delicioso-sabor-salmon-80gr-12-und/
whiskas-whiskas-snacks-tentador-sabor-carne-80gr-12-und;Allendes Hnos;Whiskas;gato;adulto;Whiskas Snacks Tentador Sabor Carne 80gr (12 und);"[""80gr""]";El nuevo Whiskas® Snacks es la elección perfecta para regalonear a tu gato, estrechar lazos y disfrutar de momentos de juego juntos. Entrégale un mundo de sabor con nuestros deliciosos sabores: Carne, Pollo y Salmón.¡Prueba el snack para gato más irresistible del mundo compartiendo más momentos juntos y entregándole un sabor increíble que le encantará! WHISKAS, líder mundial en alimentos para gatos desde 1958, fusiona décadas de experiencia con la innovación del Centro de Nutrición WALTHAM. Más que crear deliciosas recetas, estamos comprometidos con la salud y felicidad de todos los gatos. Confía en nosotros para un compañero saludable y ronroneante de por vida. ¡Cuida de tu gato con lo mejor! El nuevo Whiskas® Snacks es la elección perfecta para regalonear a tu gato, estrechar lazos y disfrutar de momentos de juego juntos. Entrégale un mundo de sabor con nuestros deliciosos sabores: Carne, Pollo y Salmón.¡Prueba el snack para gato más irresistible del mundo compartiendo más momentos juntos y entregándole un sabor increíble que le encantará! WHISKAS, líder mundial en alimentos para gatos desde 1958, fusiona décadas de experiencia con la innovación del Centro de Nutrición WALTHAM. Más que crear deliciosas recetas, estamos comprometidos con la salud y felicidad de todos los gatos. Confía en nosotros para un compañero saludable y ronroneante de por vida. ¡Cuida de tu gato con lo mejor!;;{};Imagenes_Alimentos/AllendesHnos/gatos/whiskas/whiskas-whiskas-snacks-tentador-sabor-carne-80gr-12-und-11494.png;https://www.allendeshnos.cl/wp-content/uploads/2024/10/whiskas-snack-carne-12und.png;https://www.allendeshnos.cl/producto/whiskas-snacks-tentador-sabor-carne-80gr-12-und/
whiskas-whiskas-snacks-sabroso-sabor-pollo-80gr-12-und;Allendes Hnos;Whiskas;gato;adulto;Whiskas Snacks Sabroso Sabor Pollo 80gr (12 und);"[""80gr""]";El nuevo Whiskas® Snacks es la elección perfecta para regalonear a tu gato, estrechar lazos y disfrutar de momentos de juego juntos. Entrégale un mundo de sabor con nuestros deliciosos sabores: Carne, Pollo y Salmón.¡Prueba el snack para gato más irresistible del mundo compartiendo más momentos juntos y entregándole un sabor increíble que le encantará!WHISKAS, líder mundial en alimentos para gatos desde 1958, fusiona décadas de experiencia con la innovación del Centro de Nutrición WALTHAM. Más que crear deliciosas recetas, estamos comprometidos con la salud y felicidad de todos los gatos. Confía en nosotros para un compañero saludable y ronroneante de por vida. ¡Cuida de tu gato con lo mejor! “ El nuevo Whiskas® Snacks es la elección perfecta para regalonear a tu gato, estrechar lazos y disfrutar de momentos de juego juntos. Entrégale un mundo de sabor con nuestros deliciosos sabores: Carne, Pollo y Salmón.¡Prueba el snack para gato más irresistible del mundo compartiendo más momentos juntos y entregándole un sabor increíble que le encantará!WHISKAS, líder mundial en alimentos para gatos desde 1958, fusiona décadas de experiencia con la innovación del Centro de Nutrición WALTHAM. Más que crear deliciosas recetas, estamos comprometidos con la salud y felicidad de todos los gatos. Confía en nosotros para un compañero saludable y ronroneante de por vida. ¡Cuida de tu gato con lo mejor! “;;{};Imagenes_Alimentos/AllendesHnos/gatos/whiskas/whiskas-whiskas-snacks-sabroso-sabor-pollo-80gr-12-und-11496.png;https://www.allendeshnos.cl/wp-content/uploads/2024/10/whiskas-snack-pollo12-und.png;https://www.allendeshnos.cl/producto/whiskas-snacks-sabroso-sabor-pollo-80gr-12-und/
whiskas-whiskas-snacks-delicioso-sabor-salmon-40gr-22-und;Allendes Hnos;Whiskas;gato;adulto;Whiskas Snacks Delicioso Sabor Salmón 40gr (22 und);"[""40gr""]";El nuevo Whiskas® Snacks es la elección perfecta para regalonear a tu gato, estrechar lazos y disfrutar de momentos de juego juntos. Entrégale un mundo de sabor con nuestros deliciosos sabores: Carne, Pollo y Salmón.¡Prueba el snack para gato más irresistible del mundo compartiendo más momentos juntos y entregándole un sabor increíble que le encantará! WHISKAS, líder mundial en alimentos para gatos desde 1958, fusiona décadas de experiencia con la innovación del Centro de Nutrición WALTHAM. Más que crear deliciosas recetas, estamos comprometidos con la salud y felicidad de todos los gatos. Confía en nosotros para un compañero saludable y ronroneante de por vida. ¡Cuida de tu gato con lo mejor! El nuevo Whiskas® Snacks es la elección perfecta para regalonear a tu gato, estrechar lazos y disfrutar de momentos de juego juntos. Entrégale un mundo de sabor con nuestros deliciosos sabores: Carne, Pollo y Salmón.¡Prueba el snack para gato más irresistible del mundo compartiendo más momentos juntos y entregándole un sabor increíble que le encantará! WHISKAS, líder mundial en alimentos para gatos desde 1958, fusiona décadas de experiencia con la innovación del Centro de Nutrición WALTHAM. Más que crear deliciosas recetas, estamos comprometidos con la salud y felicidad de todos los gatos. Confía en nosotros para un compañero saludable y ronroneante de por vida. ¡Cuida de tu gato con lo mejor!;;{};Imagenes_Alimentos/AllendesHnos/gatos/whiskas/whiskas-whiskas-snacks-delicioso-sabor-salmon-40gr-22-u-11480.png;https://www.allendeshnos.cl/wp-content/uploads/2024/10/snack-whiskas-salmon-22-und.png;https://www.allendeshnos.cl/producto/whiskas-snacks-delicioso-sabor-salmon-22-und/
whiskas-whiskas-snacks-tentador-sabor-carne-40gr-22-und;Allendes Hnos;Whiskas;gato;adulto;Whiskas Snacks Tentador Sabor Carne 40gr (22 und);"[""40gr""]";El nuevo Whiskas® Snacks es la elección perfecta para regalonear a tu gato, estrechar lazos y disfrutar de momentos de juego juntos. Entrégale un mundo de sabor con nuestros deliciosos sabores: Carne, Pollo y Salmón.¡Prueba el snack para gato más irresistible del mundo compartiendo más momentos juntos y entregándole un sabor increíble que le encantará! WHISKAS, líder mundial en alimentos para gatos desde 1958, fusiona décadas de experiencia con la innovación del Centro de Nutrición WALTHAM. Más que crear deliciosas recetas, estamos comprometidos con la salud y felicidad de todos los gatos. Confía en nosotros para un compañero saludable y ronroneante de por vida. ¡Cuida de tu gato con lo mejor! “ El nuevo Whiskas® Snacks es la elección perfecta para regalonear a tu gato, estrechar lazos y disfrutar de momentos de juego juntos. Entrégale un mundo de sabor con nuestros deliciosos sabores: Carne, Pollo y Salmón.¡Prueba el snack para gato más irresistible del mundo compartiendo más momentos juntos y entregándole un sabor increíble que le encantará! WHISKAS, líder mundial en alimentos para gatos desde 1958, fusiona décadas de experiencia con la innovación del Centro de Nutrición WALTHAM. Más que crear deliciosas recetas, estamos comprometidos con la salud y felicidad de todos los gatos. Confía en nosotros para un compañero saludable y ronroneante de por vida. ¡Cuida de tu gato con lo mejor! “;;{};Imagenes_Alimentos/AllendesHnos/gatos/whiskas/whiskas-whiskas-snacks-tentador-sabor-carne-40gr-22-und-11479.png;https://www.allendeshnos.cl/wp-content/uploads/2024/10/whiskas-snack-carne-22-und.png;https://www.allendeshnos.cl/producto/whiskas-snacks-tentador-sabor-carne-22-und/
whiskas-whiskas-snacks-sabroso-sabor-pollo-40gr-22-und;Allendes Hnos;Whiskas;gato;adulto;Whiskas Snacks Sabroso Sabor Pollo 40gr (22 und);"[""40gr""]";El nuevo Whiskas® Snacks es la elección perfecta para regalonear a tu gato, estrechar lazos y disfrutar de momentos de juego juntos. Entrégale un mundo de sabor con nuestros deliciosos sabores: Carne, Pollo y Salmón.¡Prueba el snack para gato más irresistible del mundo compartiendo más momentos juntos y entregándole un sabor increíble que le encantará!WHISKAS, líder mundial en alimentos para gatos desde 1958, fusiona décadas de experiencia con la innovación del Centro de Nutrición WALTHAM. Más que crear deliciosas recetas, estamos comprometidos con la salud y felicidad de todos los gatos. Confía en nosotros para un compañero saludable y ronroneante de por vida. ¡Cuida de tu gato con lo mejor! “ El nuevo Whiskas® Snacks es la elección perfecta para regalonear a tu gato, estrechar lazos y disfrutar de momentos de juego juntos. Entrégale un mundo de sabor con nuestros deliciosos sabores: Carne, Pollo y Salmón.¡Prueba el snack para gato más irresistible del mundo compartiendo más momentos juntos y entregándole un sabor increíble que le encantará!WHISKAS, líder mundial en alimentos para gatos desde 1958, fusiona décadas de experiencia con la innovación del Centro de Nutrición WALTHAM. Más que crear deliciosas recetas, estamos comprometidos con la salud y felicidad de todos los gatos. Confía en nosotros para un compañero saludable y ronroneante de por vida. ¡Cuida de tu gato con lo mejor! “;;{};Imagenes_Alimentos/AllendesHnos/gatos/whiskas/whiskas-whiskas-snacks-sabroso-sabor-pollo-40gr-22-und-11478.png;https://www.allendeshnos.cl/wp-content/uploads/2024/10/whiskas-snack-pollo22-und.png;https://www.allendeshnos.cl/producto/whiskas-snacks-sabroso-sabor-pollo-22-und/
whiskas-whiskas-pouch-souffle-sabor-pescado-85gr-12-und;Allendes Hnos;Whiskas;gato;adulto;Whiskas Pouch Soufflé Sabor Pescado 85gr (12 und);"[""85gr""]";Whiskas® sabor pescado soufflé – alimento balanceado completo para gatos adultos (húmedo) 100% Completo y Balanceado. Sin conservantes. Sin sabores artificiales. Ayuda nutricionalment ea mantener la salud del tracto urinario. Hecho con ingredientes de alta calidad. Cocidos al vapor Whiskas® sabor pescado soufflé – alimento balanceado completo para gatos adultos (húmedo);de alta calidad. Cocidos al vapor Whiskas® sabor pescado soufflé – alimento balanceado completo para gatos adultos (húmedo);{};Imagenes_Alimentos/AllendesHnos/gatos/whiskas/whiskas-whiskas-pouch-souffle-sabor-pescado-85gr-12-und-11471.png;https://www.allendeshnos.cl/wp-content/uploads/2024/10/pouch-Souffle-pescado-12-und.png;https://www.allendeshnos.cl/producto/whiskas-pouch-souffle-sabor-pescado-85gr-12-und/
whiskas-whiskas-pouch-souffle-sabor-carne-85gr-12-und;Allendes Hnos;Whiskas;gato;adulto;Whiskas Pouch Soufflé Sabor Carne 85gr (12 und);"[""85gr""]";Whiskas® sabor carne soufflé – alimento balanceado completo para gatos adultos (húmedo) 100% Completo y Balanceado. Sin conservantes. Sin sabores artificiales. Ayuda nutricionalmente a mantener la salud del tracto urinario. Hecho con ingredientes de alta calidad. Cocidos al vapor Whiskas® sabor carne soufflé – alimento balanceado completo para gatos adultos (húmedo);de alta calidad. Cocidos al vapor Whiskas® sabor carne soufflé – alimento balanceado completo para gatos adultos (húmedo);{};Imagenes_Alimentos/AllendesHnos/gatos/whiskas/whiskas-whiskas-pouch-souffle-sabor-carne-85gr-12-und-11470.png;https://www.allendeshnos.cl/wp-content/uploads/2024/10/pouch-Souffle-carne-12-und.png;https://www.allendeshnos.cl/producto/whiskas-pouch-souffle-sabor-carne-85gr-12-und/
whiskas-whiskas-pouch-souffle-sabor-gatito-carne-85gr-12-und;Allendes Hnos;Whiskas;gato;adulto;Whiskas Pouch Soufflé Sabor Gatito Carne 85gr (12 und);"[""85gr""]";Whiskas® gatitos sabor carne soufflé – alimento balanceado completo para gatos en crecimiento (húmedo) Sin conservantes Sin sabores artificiales Sin colorantes artificiales. Con ingredientes naturales Whiskas® gatitos sabor carne soufflé – alimento balanceado completo para gatos en crecimiento (húmedo);naturales Whiskas® gatitos sabor carne soufflé – alimento balanceado completo para gatos en crecimiento (húmedo);{};Imagenes_Alimentos/AllendesHnos/gatos/whiskas/whiskas-whiskas-pouch-souffle-sabor-gatito-carne-85gr-1-11469.png;https://www.allendeshnos.cl/wp-content/uploads/2024/10/pouch-Souffle-cachorro-12-und.png;https://www.allendeshnos.cl/producto/whiskas-pouch-souffle-sabor-gatito-carne-85gr-12-und/
whiskas-whiskas-pouch-sabor-pavo-85gr-12-und;Allendes Hnos;Whiskas;gato;adulto;Whiskas Pouch Sabor Pavo 85gr (12 und);"[""85gr""]";Whiskas® sabor pavo en salsa – alimento balanceado completo para gatos adultos (húmedo) 100% Completo y Balanceado. Sin conservantes. Sin sabores artificiales. Ayuda nutricionalmente a mantener la salud del tracto urinario. Hecho con ingredientes de alta calidad. Cocidos al vapor Whiskas® sabor pavo en salsa – alimento balanceado completo para gatos adultos (húmedo);de alta calidad. Cocidos al vapor Whiskas® sabor pavo en salsa – alimento balanceado completo para gatos adultos (húmedo);{};Imagenes_Alimentos/AllendesHnos/gatos/whiskas/whiskas-whiskas-pouch-sabor-pavo-85gr-12-und-11439.png;https://www.allendeshnos.cl/wp-content/uploads/2024/10/WHISKAS-WEB-1.png;https://www.allendeshnos.cl/producto/whiskas-pouch-sabor-pavo-85gr-12-und/
whiskas-whiskas-pouch-sabor-pollo-85gr-12-und;Allendes Hnos;Whiskas;gato;adulto;Whiskas Pouch Sabor Pollo 85gr (12 und);"[""85gr""]";Whiskas® sabor pollo en salsa – alimento balanceado completo para gatos adultos (húmedo) 100% Completo y Balanceado. Sin conservantes. Sin sabores artificiales. Ayuda nutricionalmente a mantener la salud del tracto urinario. Hecho con ingredientes de alta calidad. Cocidos al vapor Whiskas® sabor pollo en salsa – alimento balanceado completo para gatos adultos (húmedo);de alta calidad. Cocidos al vapor Whiskas® sabor pollo en salsa – alimento balanceado completo para gatos adultos (húmedo);{};Imagenes_Alimentos/AllendesHnos/gatos/whiskas/whiskas-whiskas-pouch-sabor-pollo-85gr-12-und-11438.png;https://www.allendeshnos.cl/wp-content/uploads/2024/10/pouch-pollo-adulto-12-und.png;https://www.allendeshnos.cl/producto/whiskas-pouch-sabor-pollo-85gr-12-und/
whiskas-whiskas-pouch-sabor-salmon-85gr-12-und;Allendes Hnos;Whiskas;gato;adulto;Whiskas Pouch Sabor Salmón 85gr (12 und);"[""85gr""]";Whiskas® sabor salmón en salsa – alimento balanceado completo para gatos adultos (húmedo) 100% Completo y Balanceado. Sin conservantes. Sin sabores artificiales. Ayuda nutricionalmente a mantener la salud del tracto urinario. Hecho con ingredientes de alta calidad. Cocidos al vapor Whiskas® sabor salmón en salsa – alimento balanceado completo para gatos adultos (húmedo);de alta calidad. Cocidos al vapor Whiskas® sabor salmón en salsa – alimento balanceado completo para gatos adultos (húmedo);{};Imagenes_Alimentos/AllendesHnos/gatos/whiskas/whiskas-whiskas-pouch-sabor-salmon-85gr-12-und-11437.png;https://www.allendeshnos.cl/wp-content/uploads/2024/10/pouch-salmon-adulto-12und.png;https://www.allendeshnos.cl/producto/whiskas-pouch-sabor-salmon-85gr-12-und/
whiskas-whiskas-pouch-sabor-sardina-85gr-12-und;Allendes Hnos;Whiskas;gato;adulto;Whiskas Pouch Sabor Sardina 85gr (12 und);"[""85gr""]";Whiskas® sabor sardina en salsa – alimento balanceado completo para gatos adultos (húmedo) 100% Completo y Balanceado. Sin conservantes. Sin sabores artificiales. Ayuda nutricionalmente a mantener la salud del tracto urinario. Hecho con ingredientes de alta calidad. Cocidos al vapor Whiskas® sabor sardina en salsa – alimento balanceado completo para gatos adultos (húmedo);de alta calidad. Cocidos al vapor Whiskas® sabor sardina en salsa – alimento balanceado completo para gatos adultos (húmedo);{};Imagenes_Alimentos/AllendesHnos/gatos/whiskas/whiskas-whiskas-pouch-sabor-sardina-85gr-12-und-11436.png;https://www.allendeshnos.cl/wp-content/uploads/2024/10/WHISKAS-WEB.png;https://www.allendeshnos.cl/producto/whiskas-pouch-sabor-sardina-85gr-12-und/
whiskas-whiskas-pouch-sabor-carne-85gr-12-und;Allendes Hnos;Whiskas;gato;adulto;Whiskas Pouch Sabor Carne 85gr (12 und);"[""85gr""]";Whiskas® sabor carne en salsa – alimento balanceado completo para gatos adultos (húmedo) 100% Completo y Balanceado. Sin conservantes. Sin sabores artificiales. Ayuda nutricionalmente a mantener la salud del tracto urinario. Hecho con ingredientes de alta calidad. Cocidos al vapor Whiskas® sabor carne en salsa – alimento balanceado completo para gatos adultos (húmedo);de alta calidad. Cocidos al vapor Whiskas® sabor carne en salsa – alimento balanceado completo para gatos adultos (húmedo);{};Imagenes_Alimentos/AllendesHnos/gatos/whiskas/whiskas-whiskas-pouch-sabor-carne-85gr-12-und-11435.png;https://www.allendeshnos.cl/wp-content/uploads/2024/10/pouch-carne-adulto-12-und.png;https://www.allendeshnos.cl/producto/whiskas-pouch-sabor-carne-85gr-12-und/
whiskas-whiskas-pouch-gatitos-sabor-carne-85gr-12-und;Allendes Hnos;Whiskas;gato;adulto;Whiskas Pouch Gatitos Sabor Carne 85gr (12 und);"[""85gr""]";Whiskas® sabor carne en salsa – alimento balanceado completo para gatos adultos (húmedo) 100% Completo y Balanceado. Sin conservantes. Sin sabores artificiales. Ayuda nutricionalmente a mantener la salud del tracto urinario. Hecho con ingredientes de alta calidad. Cocidos al vapor Whiskas® sabor carne en salsa – alimento balanceado completo para gatos adultos (húmedo);de alta calidad. Cocidos al vapor Whiskas® sabor carne en salsa – alimento balanceado completo para gatos adultos (húmedo);{};Imagenes_Alimentos/AllendesHnos/gatos/whiskas/whiskas-whiskas-pouch-gatitos-sabor-carne-85gr-12-und-11434.png;https://www.allendeshnos.cl/wp-content/uploads/2024/10/pouch-cachorro-12-und.png;https://www.allendeshnos.cl/producto/whiskas-pouch-gatitos-sabor-carne-85gr-12-und/
voller-voller-adulto-raza-mediana-y-grande-20kg;Allendes Hnos;Voller;perro;adulto;Voller Adulto Raza Mediana y Grande 20kg;"[""20kg""]";Vitalidad por naturaleza – Alimenta el animal genuino que llevan dentro – Voller Adulo Razas Medianas y Grandes 20 kg. Alimento completo y balanceado con carne fresca, 26 % de proteína, contiene extracto de quillay, prebióticos, semillas de linaza y Complejo Vitamínico. Vitalidad por naturaleza – Alimenta el animal genuino que llevan dentro – Voller Adulo Razas Medianas y Grandes 20 kg. Alimento completo y balanceado con carne fresca, 26 % de proteína, contiene extracto de quillay, prebióticos, semillas de linaza y Complejo Vitamínico.;;{};Imagenes_Alimentos/AllendesHnos/perros/voller/voller-voller-adulto-raza-mediana-y-grande-20kg-11429.png;https://www.allendeshnos.cl/wp-content/uploads/2024/10/voller-web.png;https://www.allendeshnos.cl/producto/voller-adulto-raza-mediana-y-grande-20kg/
best-balance-best-balance-cachorro-20kg;Allendes Hnos;Best Balance;perro;cachorro;Best Balance Cachorro 20kg;"[""20kg""]";Best Balance Cachorro: Nueva línea Best Balance®, alimento premium de alta gama diseñado para cachorros de todas las razas. Creado cuidadosamente por un equipo selecto de Médicos Veterinarios y expertos en alimentación, poniendo especial cuidado para brindarle a tu cachorro una dieta equilibrada, balanceada, saludable y con un inigualable sabor. –          Incluye Semilla de linaza: gran fuente de fibra dietética potenciando la función digestiva. Rica en ácidos grasos, agentes reductores de colesterol. –          Con Omega 3 y Omega 6: actúan sobre el sistema inmunológico, nervioso y cardiovascular, mejorando el metabolismo de tu cachorro reflejándose en una piel sana y un pelaje brillante. –          Vitaminas y Minerales: ayudando a mantener órganos sanos y mejorar su sistema inmunológico. –          Proteína total mínimo:  28% –          Grasa Total mínimo: 11% –          Fibra cruda máximo: 4% Best Balance Cachorro: Nueva línea Best Balance®, alimento premium de alta gama diseñado para cachorros de todas las razas. Creado cuidadosamente por un equipo selecto de Médicos Veterinarios y expertos en alimentación, poniendo especial cuidado para brindarle a tu cachorro una dieta equilibrada, balanceada, saludable y con un inigualable sabo;;{};Imagenes_Alimentos/AllendesHnos/perros/best-balance/best-balance-best-balance-cachorro-20kg-11385.png;https://www.allendeshnos.cl/wp-content/uploads/2024/10/Best-Balance-Cachorros-Razas-M-y-GSECO-20.png;https://www.allendeshnos.cl/producto/best-balance-cachorro-20kg/
champion-cat-champion-cat-pollo-22kg;Allendes Hnos;Champion Cat;gato;adulto;Champion Cat Pollo 22kg;"[""22kg""]";Champion Cat Pollo es un alimento para gatos de alta calidad que está especialmente formulado para satisfacer las necesidades nutricionales de tu felino.;;{};Imagenes_Alimentos/AllendesHnos/gatos/champion-cat/champion-cat-champion-cat-pollo-22kg-11300.png;https://www.allendeshnos.cl/wp-content/uploads/2024/09/pollo-22kg.png;https://www.allendeshnos.cl/producto/champion-cat-pollo-22kg/
royal-canin-royal-canin-mother-amp-babycat-15kg;Allendes Hnos;Royal Canin;gato;cachorro;"Royal Canin Mother &amp; BabyCat 1.5kg";"[""1,5kg""]";Alimento seco para gatitos en su primera etapa de crecimiento (de 1 a 4 meses de edad) y durante el período de destete. Tambien indicado para gatas gestantes o en período de lactancia. Alimento seco para gatitos en su primera etapa de crecimiento (de 1 a 4 meses de edad) y durante el período de destete. Tambien indicado para gatas gestantes o en período de lactancia.;;{};Imagenes_Alimentos/AllendesHnos/gatos/royal-canin/royal-canin-royal-canin-mother-amp-babycat-15kg-11217.png;https://www.allendeshnos.cl/wp-content/uploads/2024/09/baby-1.5.png;https://www.allendeshnos.cl/producto/royal-canin-mother-babycat-1-5kg/
royal-canin-royal-canin-mini-light-weight-care-25kg;Allendes Hnos;Royal Canin;perro;adulto;Royal Canin Mini Light / Weight Care 2.5kg;"[""2,5kg""]";Royal Canin Mini Light, es un alimento formulado con un alto nivel de L-Carnitina que estimula el metabolismo de las reservas grasas. Ideado especialmente para perros con sobre peso o de razas con tendencia a subir de peso. Royal Canin Mini Light, es un alimento formulado con un alto nivel de L-Carnitina que estimula el metabolismo de las reservas grasas. Ideado especialmente para perros con sobre peso o de razas con tendencia a subir de peso.;;{};Imagenes_Alimentos/AllendesHnos/perros/royal-canin/royal-canin-royal-canin-mini-light-weight-care-25kg-11213.png;https://www.allendeshnos.cl/wp-content/uploads/2024/09/Mini-Light-Weight-Care.png;https://www.allendeshnos.cl/producto/royal-canin-mini-light-weight-care-2-5kg/
royal-canin-royal-canin-mini-dermacomfort-3kg;Allendes Hnos;Royal Canin;perro;adulto;Royal Canin Mini Dermacomfort 3kg;"[""3kg""]";Alimento completo y balanceado para perros adultos de razas pequeñas (<10 Kg) con sensibilidad cutánea. Alimento completo y balanceado para perros adultos de razas pequeñas (<10 Kg) con sensibilidad cutánea.;;{};Imagenes_Alimentos/AllendesHnos/perros/royal-canin/royal-canin-royal-canin-mini-dermacomfort-3kg-11209.png;https://www.allendeshnos.cl/wp-content/uploads/2024/09/Mini-Dermacomfort.png;https://www.allendeshnos.cl/producto/royal-canin-mini-dermacomfort-3kg/
royal-canin-royal-canin-exigent-felino-15kg;Allendes Hnos;Royal Canin;gato;adulto;Royal Canin Exigent Felino 1.5kg;"[""1,5kg""]";Gatos adultos con apetito caprichoso. Gatos adultos con apetito caprichoso.;;{};Imagenes_Alimentos/AllendesHnos/gatos/royal-canin/royal-canin-royal-canin-exigent-felino-15kg-11206.png;https://www.allendeshnos.cl/wp-content/uploads/2024/09/Exigent.png;https://www.allendeshnos.cl/producto/royal-canin-exigent-felino-1-5kg/
royal-canin-royal-canin-digestive-care-felino-15kg;Allendes Hnos;Royal Canin;gato;adulto;Royal Canin Digestive Care Felino 1,5kg;"[""1,5kg""]";Nutrición completa y equilibrada para gatos adultos: formulada para ayudar a una digestión saludable. Nutrición completa y equilibrada para gatos adultos: formulada para ayudar a una digestión saludable.;;{};Imagenes_Alimentos/AllendesHnos/gatos/royal-canin/royal-canin-royal-canin-digestive-care-felino-15kg-11203.png;https://www.allendeshnos.cl/wp-content/uploads/2024/09/Digestive-Care.png;https://www.allendeshnos.cl/producto/royal-canin-digestive-care-felino-15kg/
royal-canin-royal-canin-satiety-support-canino-6kg;Allendes Hnos;Royal Canin;perro;adulto;Royal Canin Satiety Support Canino 6kg;"[""6kg""]";Alimento para perros obesos, con sobrepeso y diabetes mellitus. Alimento para perros obesos, con sobrepeso y diabetes mellitus.;;{};Imagenes_Alimentos/AllendesHnos/perros/royal-canin/royal-canin-royal-canin-satiety-support-canino-6kg-11198.png;https://www.allendeshnos.cl/wp-content/uploads/2024/09/Satiety-Support-6.png;https://www.allendeshnos.cl/producto/royal-canin-satiety-support-canino-6kg/
royal-canin-royal-canin-satiety-support-canino-15kg;Allendes Hnos;Royal Canin;perro;adulto;Royal Canin Satiety Support Canino 1.5kg;"[""1,5kg""]";Alimento para perros obesos, con sobrepeso y diabetes mellitus. Alimento para perros obesos, con sobrepeso y diabetes mellitus.;;{};Imagenes_Alimentos/AllendesHnos/perros/royal-canin/royal-canin-royal-canin-satiety-support-canino-15kg-11197.png;https://www.allendeshnos.cl/wp-content/uploads/2024/09/Satiety-Support.png;https://www.allendeshnos.cl/producto/royal-canin-satiety-support-canino-1-5kg/
royal-canin-royal-canin-schnauzer-miniatura-adulto-3kg;Allendes Hnos;Royal Canin;perro;adulto;Royal Canin Schnauzer Miniatura Adulto 3kg;"[""3kg""]";Alimento específico para perros adulto Schnauzer Miniatura a partir de los 10 meses de edad. Alimento específico para perros adulto Schnauzer Miniatura a partir de los 10 meses de edad.;;{};Imagenes_Alimentos/AllendesHnos/perros/royal-canin/royal-canin-royal-canin-schnauzer-miniatura-adulto-3kg-11193.png;https://www.allendeshnos.cl/wp-content/uploads/2024/09/SCHNAUZER.png;https://www.allendeshnos.cl/producto/royal-canin-schnauzer-miniatura-adulto-3kg/
royal-canin-royal-canin-sensible-felino-75kg;Allendes Hnos;Royal Canin;gato;adulto;Royal Canin Sensible Felino 7.5kg;"[""7,5kg""]";Alimento equilibrado y completo para gatos – Especialmente para gatos adultos de más de 1 año – Sensibilidad digestiva. Alimento equilibrado y completo para gatos – Especialmente para gatos adultos de más de 1 año – Sensibilidad digestiva.;;{};Imagenes_Alimentos/AllendesHnos/gatos/royal-canin/royal-canin-royal-canin-sensible-felino-75kg-11188.png;https://www.allendeshnos.cl/wp-content/uploads/2024/09/sensible-7.5.png;https://www.allendeshnos.cl/producto/royal-canin-sensible-felino-7-5kg/
royal-canin-royal-canin-sensible-felino-15kg;Allendes Hnos;Royal Canin;gato;adulto;Royal Canin Sensible Felino 1.5kg;"[""1,5kg""]";Alimento equilibrado y completo para gatos – Especialmente para gatos adultos de más de 1 año – Sensibilidad digestiva. Alimento equilibrado y completo para gatos – Especialmente para gatos adultos de más de 1 año – Sensibilidad digestiva.;;{};Imagenes_Alimentos/AllendesHnos/gatos/royal-canin/royal-canin-royal-canin-sensible-felino-15kg-11187.png;https://www.allendeshnos.cl/wp-content/uploads/2024/09/sensible.png;https://www.allendeshnos.cl/producto/royal-canin-sensible-felino-1-5kg/
royal-canin-royal-canin-siamese-15kg;Allendes Hnos;Royal Canin;gato;adulto;Royal Canin Siamese 1.5kg;"[""1,5kg""]";Alimento especialmente formulado para gatos adultos de raza Siamés a partir de los 12 meses de edad. Alimento especialmente formulado para gatos adultos de raza Siamés a partir de los 12 meses de edad.;;{};Imagenes_Alimentos/AllendesHnos/gatos/royal-canin/royal-canin-royal-canin-siamese-15kg-11184.png;https://www.allendeshnos.cl/wp-content/uploads/2024/09/siamese.png;https://www.allendeshnos.cl/producto/royal-canin-siamese-1-5kg/
royal-canin-royal-canin-urinary-so-felino-lata-6-und;Allendes Hnos;Royal Canin;gato;adulto;Royal Canin Urinary S/O Felino Lata (6 und);"[""145gr""]";Royal Canin Urinary SO es un alimento húmedo para gatos adultos en riesgo de desarrollar trastornos del tracto urinario inferior o que ya los padezcan. Royal Canin Urinary SO es un alimento húmedo para gatos adultos en riesgo de desarrollar trastornos del tracto urinario inferior o que ya los padezcan.;;{};Imagenes_Alimentos/AllendesHnos/gatos/royal-canin/royal-canin-royal-canin-urinary-so-felino-lata-6-und-11181.png;https://www.allendeshnos.cl/wp-content/uploads/2024/09/Lata-Urinary-SO.png;https://www.allendeshnos.cl/producto/royal-canin-urinary-s-o-felino-lata-6-und/
royal-canin-royal-canin-urinary-so-canine-15kg;Allendes Hnos;Royal Canin;perro;adulto;Royal Canin Urinary S/O Canine 1,5kg;"[""1,5kg""]";Alimento seco para perros adultos con enfermedad del tracto urinario inferior. Cistitis bacteriana. Disolución de los cálculos de estruvita. Manejo de las recidivas de urolitiasis por estruvita y oxalato de calcio. Alimento seco para perros adultos con enfermedad del tracto urinario inferior. Cistitis bacteriana. Disolución de los cálculos de estruvita. Manejo de las recidivas de urolitiasis por estruvita y oxalato de calcio.;;{};Imagenes_Alimentos/AllendesHnos/perros/royal-canin/royal-canin-royal-canin-urinary-so-canine-15kg-11178.png;https://www.allendeshnos.cl/wp-content/uploads/2024/09/Urinary-SO-perroo.png;https://www.allendeshnos.cl/producto/royal-canin-urinary-s-o-canine-15kg/
royal-canin-royal-canin-urinary-care-75kg;Allendes Hnos;Royal Canin;gato;adulto;Royal Canin Urinary Care 7.5kg;"[""7,5kg""]";Alimento para gatos adultos recomendado para ayudar a mantener la salud del tracto urinario. Alimento para gatos adultos recomendado para ayudar a mantener la salud del tracto urinario.;;{};Imagenes_Alimentos/AllendesHnos/gatos/royal-canin/royal-canin-royal-canin-urinary-care-75kg-11173.png;https://www.allendeshnos.cl/wp-content/uploads/2024/09/Royal-Canin-Urinary-Care-Felino-7.5kg.png;https://www.allendeshnos.cl/producto/royal-canin-urinary-care-7-5kg/
royal-canin-royal-canin-urinary-care-15kg;Allendes Hnos;Royal Canin;gato;adulto;Royal Canin Urinary Care 1.5kg;"[""1,5kg""]";Alimento para gatos adultos recomendado para ayudar a mantener la salud del tracto urinario. Alimento para gatos adultos recomendado para ayudar a mantener la salud del tracto urinario.;;{};Imagenes_Alimentos/AllendesHnos/gatos/royal-canin/royal-canin-royal-canin-urinary-care-15kg-11172.png;https://www.allendeshnos.cl/wp-content/uploads/2024/09/Royal-Canin-Urinary-Care-Felino-1.5kg.png;https://www.allendeshnos.cl/producto/royal-canin-urinary-care-1-5kg/
royal-canin-royal-canin-urinary-care-felino-pouch-12-und;Allendes Hnos;Royal Canin;gato;adulto;Royal Canin Urinary Care Felino Pouch (12 und);"[""85gr""]";Urinary Care en salsa es una fórmula nutricionalmente completa y equilibrada diseñada especialmente para ayudar a mantener un entorno urinario adecuado para una salud óptima del tracto urinario. Urinary Care en salsa es una fórmula nutricionalmente completa y equilibrada diseñada especialmente para ayudar a mantener un entorno urinario adecuado para una salud óptima del tracto urinario.;;{};Imagenes_Alimentos/AllendesHnos/gatos/royal-canin/royal-canin-royal-canin-urinary-care-felino-pouch-12-un-11168.png;https://www.allendeshnos.cl/wp-content/uploads/2024/09/Pouch-Urinary-Care.png;https://www.allendeshnos.cl/producto/royal-canin-urinary-care-felino-pouch-12-und/
royal-canin-royal-canin-shih-tzu-adulto-25kg;Allendes Hnos;Royal Canin;perro;adulto;Royal Canin Shih Tzu Adulto 2.5kg;"[""2,5kg""]";Alimento específico para perros adulto Shih-Tzu a partir de los 10 meses de edad. Alimento específico para perros adulto Shih-Tzu a partir de los 10 meses de edad.;;{};Imagenes_Alimentos/AllendesHnos/perros/royal-canin/royal-canin-royal-canin-shih-tzu-adulto-25kg-11162.png;https://www.allendeshnos.cl/wp-content/uploads/2024/09/Shih-Tzu.png;https://www.allendeshnos.cl/producto/royal-canin-shih-tzu-adulto-2-5kg/
royal-canin-royal-canin-shih-tzu-puppy-25kg;Allendes Hnos;Royal Canin;perro;cachorro;Royal Canin Shih Tzu Puppy 2.5kg;"[""2,5kg""]";Alimento específico para cachorros Shih-Tzu de 2 meses a 10 meses de edad. Alimento específico para cachorros Shih-Tzu de 2 meses a 10 meses de edad.;;{};Imagenes_Alimentos/AllendesHnos/perros/royal-canin/royal-canin-royal-canin-shih-tzu-puppy-25kg-11161.png;https://www.allendeshnos.cl/wp-content/uploads/2024/09/Shih-Tzu-puupy.png;https://www.allendeshnos.cl/producto/royal-canin-shih-tzu-puppy-2-5kg/
royal-canin-royal-canin-renal-felino-lata-6-und;Allendes Hnos;Royal Canin;gato;adulto;Royal Canin Renal Felino lata (6 und);"[""145gr""]";Royal Canin Gastro Intestinal Felino es un alimento húmedo en lata especialmente formulado para ayudar a promover la salud gastrointestinal de su gato. Proporciona vitaminas y minerales para la nutrición equilibrada. A su gato le encantará el delicioso sabor de este alimento, mientras que los nutrientes saludables le ayudarán en su desarrollo. Royal Canin Gastro Intestinal Felino es un alimento húmedo en lata especialmente formulado para ayudar a promover la salud gastrointestinal de su gato. Proporciona vitaminas y minerales para la nutrición equilibrada. A su gato le encantará el delicioso sabor de este alimento, mientras que los nutrientes saludables le ayudarán en su desarrollo.;;{};Imagenes_Alimentos/AllendesHnos/gatos/royal-canin/royal-canin-royal-canin-renal-felino-lata-6-und-11158.png;https://www.allendeshnos.cl/wp-content/uploads/2024/09/Lata-Renal-support-E.png;https://www.allendeshnos.cl/producto/royal-canin-renal-felino-lata-6-und/
royal-canin-royal-canin-renal-felino-15kg;Allendes Hnos;Royal Canin;gato;adulto;Royal Canin Renal Felino 1.5kg;"[""1,5kg""]";Alimento para gatos con insuficiencia renal Alimento para gatos con insuficiencia renal;;{};Imagenes_Alimentos/AllendesHnos/gatos/royal-canin/royal-canin-royal-canin-renal-felino-15kg-11152.png;https://www.allendeshnos.cl/wp-content/uploads/2024/09/Renal-gato-1.5.png;https://www.allendeshnos.cl/producto/royal-canin-renal-felino-1-5kg/
royal-canin-royal-canin-renal-felino-2kg;Allendes Hnos;Royal Canin;gato;adulto;Royal Canin Renal Felino 2kg;"[""2Kg""]";Alimento para gatos con insuficiencia renal Alimento para gatos con insuficiencia renal;;{};Imagenes_Alimentos/AllendesHnos/gatos/royal-canin/royal-canin-royal-canin-renal-felino-2kg-11153.png;https://www.allendeshnos.cl/wp-content/uploads/2024/09/Renal-gato.png;https://www.allendeshnos.cl/producto/royal-canin-renal-felino-2kg/
royal-canin-royal-canin-renal-canino-10kg;Allendes Hnos;Royal Canin;perro;adulto;Royal Canin Renal Canino 10kg;"[""10Kg""]";Alimento seco completo de prescripción para perros formulado para: Para ayudar a la función renal en caso de insuficiencia renal crónica o aguda, gracias a su bajo contenido de fósforo y contenido moderado de proteínas de alta calidad. Para la reducción de la formación de cálculos de oxalato por su bajo contenido de calcio y vitamina D y sus propiedades alcalinizantes de la orina. Alimento seco completo de prescripción para perros formulado para: Para ayudar a la función renal en caso de insuficiencia renal crónica o aguda, gracias a su bajo contenido de fósforo y contenido moderado de proteínas de alta calidad. Para la reducción de la formación de cálculos de oxalato por su bajo contenido de calcio y vitamina D y sus propiedades alcalinizantes de la orina.;;{};Imagenes_Alimentos/AllendesHnos/perros/royal-canin/royal-canin-royal-canin-renal-canino-10kg-11145.png;https://www.allendeshnos.cl/wp-content/uploads/2024/09/Renal-perroo.png;https://www.allendeshnos.cl/producto/royal-canin-renal-canino-10kg/
royal-canin-royal-canin-renal-canino-2kg;Allendes Hnos;Royal Canin;perro;adulto;Royal Canin Renal Canino 2kg;"[""2Kg""]";Alimento seco completo de prescripción para perros formulado para: Para ayudar a la función renal en caso de insuficiencia renal crónica o aguda, gracias a su bajo contenido de fósforo y contenido moderado de proteínas de alta calidad. Para la reducción de la formación de cálculos de oxalato por su bajo contenido de calcio y vitamina D y sus propiedades alcalinizantes de la orina. Alimento seco completo de prescripción para perros formulado para: Para ayudar a la función renal en caso de insuficiencia renal crónica o aguda, gracias a su bajo contenido de fósforo y contenido moderado de proteínas de alta calidad. Para la reducción de la formación de cálculos de oxalato por su bajo contenido de calcio y vitamina D y sus propiedades alcalinizantes de la orina.;;{};Imagenes_Alimentos/AllendesHnos/perros/royal-canin/royal-canin-royal-canin-renal-canino-2kg-11143.png;https://www.allendeshnos.cl/wp-content/uploads/2024/09/Renal-perro-2kg.png;https://www.allendeshnos.cl/producto/royal-canin-renal-canino-2kg/
royal-canin-royal-canin-renal-canino-15kg;Allendes Hnos;Royal Canin;perro;adulto;Royal Canin Renal Canino 1.5kg;"[""1,5kg""]";Alimento seco completo de prescripción para perros formulado para: Para ayudar a la función renal en caso de insuficiencia renal crónica o aguda, gracias a su bajo contenido de fósforo y contenido moderado de proteínas de alta calidad. Para la reducción de la formación de cálculos de oxalato por su bajo contenido de calcio y vitamina D y sus propiedades alcalinizantes de la orina. Alimento seco completo de prescripción para perros formulado para: Para ayudar a la función renal en caso de insuficiencia renal crónica o aguda, gracias a su bajo contenido de fósforo y contenido moderado de proteínas de alta calidad. Para la reducción de la formación de cálculos de oxalato por su bajo contenido de calcio y vitamina D y sus propiedades alcalinizantes de la orina.;;{};Imagenes_Alimentos/AllendesHnos/perros/royal-canin/royal-canin-royal-canin-renal-canino-15kg-11144.png;https://www.allendeshnos.cl/wp-content/uploads/2024/09/Renal-perro.png;https://www.allendeshnos.cl/producto/royal-canin-renal-canino-1-5kg/
royal-canin-royal-canin-puppy-lata-6-und;Allendes Hnos;Royal Canin;perro;cachorro;Royal Canin Puppy lata (6 und);"[""150gr""]";Royal Canin es un alimento húmedo para cachorros de razas pequeñas a partir de los 2 meses hasta los 10 meses de edad. Formulado especialmente para estimular el apetito y asegurar que el cachorro reciba el apoyo nutricional óptimo durante esta fase importante de crecimiento. Royal Canin es un alimento húmedo para cachorros de razas pequeñas a partir de los 2 meses hasta los 10 meses de edad. Formulado especialmente para estimular el apetito y asegurar que el cachorro reciba el apoyo nutricional óptimo durante esta fase importante de crecimiento.;;{};Imagenes_Alimentos/AllendesHnos/perros/royal-canin/royal-canin-royal-canin-puppy-lata-6-und-11134.png;https://www.allendeshnos.cl/wp-content/uploads/2024/09/Lata-alimento-humedo.png;https://www.allendeshnos.cl/producto/royal-canin-puppy-lata-6-und/
royal-canin-royal-canin-persian-15kg;Allendes Hnos;Royal Canin;perro;adulto;Royal Canin Persian 1,5kg;"[""1,5kg""]";Alimento compelto y equilibrado para gatos – Especialmente para gatos adultos de la raza Persa a partir de 12 meses de edad. Alimento compelto y equilibrado para gatos – Especialmente para gatos adultos de la raza Persa a partir de 12 meses de edad.;;{};Imagenes_Alimentos/AllendesHnos/perros/royal-canin/royal-canin-royal-canin-persian-15kg-11131.png;https://www.allendeshnos.cl/wp-content/uploads/2024/09/Persian.png;https://www.allendeshnos.cl/producto/royal-canin-persian-15kg/
royal-canin-;Allendes Hnos;Royal Canin;perro;cachorro;;"[""3kg""]";Alimento para perros cachorros de raza Caniche. De 2 a 10 meses de edad. Alimento para perros cachorros de raza Caniche. De 2 a 10 meses de edad.;;{};Imagenes_Alimentos/AllendesHnos/perros/royal-canin/royal-canin--11128.png;https://www.allendeshnos.cl/wp-content/uploads/2024/09/Poodle-junnior-3.png;https://www.allendeshnos.cl/producto/11128/
royal-canin-royal-canin-pug-junior-25kg;Allendes Hnos;Royal Canin;perro;cachorro;Royal Canin Pug Junior 2,5kg;"[""2,5kg""]";Alimento completo para perros adultos y maduros de raza Pug. A partir de los 10 meses de edad. Alimento completo para perros adultos y maduros de raza Pug. A partir de los 10 meses de edad.;;{};Imagenes_Alimentos/AllendesHnos/perros/royal-canin/royal-canin-royal-canin-pug-junior-25kg-11122.png;https://www.allendeshnos.cl/wp-content/uploads/2024/09/Royal-Canin-Pug-Junior-2.5kg.png;https://www.allendeshnos.cl/producto/royal-canin-pug-junior-25kg/
royal-canin-royal-canin-pug-adulto-25kg;Allendes Hnos;Royal Canin;perro;adulto;Royal Canin Pug Adulto 2,5kg;"[""2,5kg""]";Alimento completo para perros adultos y maduros de raza Pug. A partir de los 10 meses de edad. Alimento completo para perros adultos y maduros de raza Pug. A partir de los 10 meses de edad.;;{};Imagenes_Alimentos/AllendesHnos/perros/royal-canin/royal-canin-royal-canin-pug-adulto-25kg-11121.png;https://www.allendeshnos.cl/wp-content/uploads/2024/09/Royal-Canin-Pug-2.5kg.png;https://www.allendeshnos.cl/producto/royal-canin-pug-adulto-25kg/
royal-canin-royal-canin-indoor-400grs;Allendes Hnos;Royal Canin;gato;adulto;Royal Canin Indoor 400grs;"[""400gr""]";Alimento para gatos adultos que viven en el interior del hogar – A partir del año de edad. Alimento para gatos adultos que viven en el interior del hogar – A partir del año de edad.;;{};Imagenes_Alimentos/AllendesHnos/gatos/royal-canin/royal-canin-royal-canin-indoor-400grs-11117.png;https://www.allendeshnos.cl/wp-content/uploads/2024/09/Royal-Canin-Indoor-Felino-400grs.png;https://www.allendeshnos.cl/producto/royal-canin-indoor-400grs/
royal-canin-royal-canin-hairball-care-15kg;Allendes Hnos;Royal Canin;gato;adulto;Royal Canin Hairball Care 1.5kg;"[""1,5kg""]";Alimento equilibrado y completo para gatos adultos: recomendado para ayudar a reducir la formación de bolas de pelo. Alimento equilibrado y completo para gatos adultos: recomendado para ayudar a reducir la formación de bolas de pelo.;;{};Imagenes_Alimentos/AllendesHnos/gatos/royal-canin/royal-canin-royal-canin-hairball-care-15kg-11114.png;https://www.allendeshnos.cl/wp-content/uploads/2024/09/Hairball-Care.png;https://www.allendeshnos.cl/producto/royal-canin-hairball-care-1-5kg/
royal-canin-royal-canin-hair-amp-skin-care-felino-15kg;Allendes Hnos;Royal Canin;gato;adulto;"Royal Canin Hair &amp; Skin Care Felino 1.5kg";"[""1,5kg""]";Alimento para gatos adultos para ayudar al cuidado de la piel y el pelo. Alimento para gatos adultos para ayudar al cuidado de la piel y el pelo.;;{};Imagenes_Alimentos/AllendesHnos/gatos/royal-canin/royal-canin-royal-canin-hair-amp-skin-care-felino-15kg-11107.png;https://www.allendeshnos.cl/wp-content/uploads/2024/09/Hair-Skin-Care.png;https://www.allendeshnos.cl/producto/royal-canin-hair-skin-care-felino-1-5kg/
royal-canin-royal-canin-hair-amp-skin-care-felino-2kg;Allendes Hnos;Royal Canin;gato;adulto;"Royal Canin Hair &amp; Skin Care Felino 2kg";"[""2Kg""]";Alimento para gatos adultos para ayudar al cuidado de la piel y el pelo. Alimento para gatos adultos para ayudar al cuidado de la piel y el pelo.;;{};Imagenes_Alimentos/AllendesHnos/gatos/royal-canin/royal-canin-royal-canin-hair-amp-skin-care-felino-2kg-11108.png;https://www.allendeshnos.cl/wp-content/uploads/2024/09/Hair-Skin-Care-2.png;https://www.allendeshnos.cl/producto/royal-canin-hair-skin-care-felino-2kg/
royal-canin-royal-canin-x-small-puppy-1kg;Allendes Hnos;Royal Canin;perro;cachorro;Royal Canin X-Small Puppy 1kg;"[""1kg""]";Royal Canin X-Small Puppy es un alimento indicado para la alimentación de cachorros de razas miniatura (hasta 4 kg de peso adulto) y hasta los 10 meses. Su fórmula con ingredientes ricos en fibra les ayuda a mejorar la salud de su tránsito intestinal y a evitar posible estreñimiento. Royal Canin X-Small Puppy es un alimento indicado para la alimentación de cachorros de razas miniatura (hasta 4 kg de peso adulto) y hasta los 10 meses. Su fórmula con ingredientes ricos en fibra les ayuda a mejorar la salud de su tránsito intestinal y a evitar posible estreñimiento.;ricos en fibra les ayuda a mejorar la salud de su tránsito intestinal y a evitar posible estreñimiento. Royal Canin X-Small Puppy es un alimento indicado para la alimentación de cachorros de razas miniatura (hasta 4 kg de peso adulto) y hasta los 10 meses. Su fórmula con ingredientes ricos en fibra les ayuda a mejorar la salud de su tránsito intestinal y a evitar posible estreñimiento.;{};Imagenes_Alimentos/AllendesHnos/perros/royal-canin/royal-canin-royal-canin-x-small-puppy-1kg-11102.png;https://www.allendeshnos.cl/wp-content/uploads/2024/09/X-SMALL-puppy-1.png;https://www.allendeshnos.cl/producto/royal-canin-x-small-puppy-1kg/
royal-canin-royal-canin-x-small-puppy-25kg;Allendes Hnos;Royal Canin;perro;cachorro;Royal Canin X-Small Puppy 2.5kg;"[""2,5kg""]";Royal Canin X-Small Puppy es un alimento indicado para la alimentación de cachorros de razas miniatura (hasta 4 kg de peso adulto) y hasta los 10 meses. Su fórmula con ingredientes ricos en fibra les ayuda a mejorar la salud de su tránsito intestinal y a evitar posible estreñimiento. Royal Canin X-Small Puppy es un alimento indicado para la alimentación de cachorros de razas miniatura (hasta 4 kg de peso adulto) y hasta los 10 meses. Su fórmula con ingredientes ricos en fibra les ayuda a mejorar la salud de su tránsito intestinal y a evitar posible estreñimiento.;ricos en fibra les ayuda a mejorar la salud de su tránsito intestinal y a evitar posible estreñimiento. Royal Canin X-Small Puppy es un alimento indicado para la alimentación de cachorros de razas miniatura (hasta 4 kg de peso adulto) y hasta los 10 meses. Su fórmula con ingredientes ricos en fibra les ayuda a mejorar la salud de su tránsito intestinal y a evitar posible estreñimiento.;{};Imagenes_Alimentos/AllendesHnos/perros/royal-canin/royal-canin-royal-canin-x-small-puppy-25kg-11101.png;https://www.allendeshnos.cl/wp-content/uploads/2024/09/X-SMALL-puppy-25.png;https://www.allendeshnos.cl/producto/royal-canin-x-small-puppy-2-5kg/
royal-canin-royal-canin-x-small-ageing-12-1kg;Allendes Hnos;Royal Canin;perro;senior;Royal Canin X-Small Ageing 12+ 1kg;"[""1kg""]";Alimento completo y balanceado para perros de razas miniatura (<4 Kg). Desde los 12 años de edad. Alimento completo y balanceado para perros de razas miniatura (<4 Kg). Desde los 12 años de edad.;;{};Imagenes_Alimentos/AllendesHnos/perros/royal-canin/royal-canin-royal-canin-x-small-ageing-12-1kg-11091.png;https://www.allendeshnos.cl/wp-content/uploads/2024/09/X-SMALL-12-1kg.png;https://www.allendeshnos.cl/producto/royal-canin-x-small-ageing-12-1kg/
royal-canin-royal-canin-x-small-adult-1kg;Allendes Hnos;Royal Canin;perro;adulto;Royal Canin X-Small Adult 1kg;"[""1kg""]";Alimento completo y balanceado para perros adultos de razas miniatura (<4 Kg). Desde los 10 meses hasta los 8 años de edad. Alimento completo y balanceado para perros adultos de razas miniatura (<4 Kg). Desde los 10 meses hasta los 8 años de edad.;;{};Imagenes_Alimentos/AllendesHnos/perros/royal-canin/royal-canin-royal-canin-x-small-adult-1kg-11089.png;https://www.allendeshnos.cl/wp-content/uploads/2024/09/X-SMALL-1kg.png;https://www.allendeshnos.cl/producto/royal-canin-x-small-adult-1kg/
royal-canin-royal-canin-x-small-adult-25kg;Allendes Hnos;Royal Canin;perro;adulto;Royal Canin X-Small Adult 2.5kg;"[""2,5kg""]";Alimento completo y balanceado para perros adultos de razas miniatura (<4 Kg). Desde los 10 meses hasta los 8 años de edad. Alimento completo y balanceado para perros adultos de razas miniatura (<4 Kg). Desde los 10 meses hasta los 8 años de edad.;;{};Imagenes_Alimentos/AllendesHnos/perros/royal-canin/royal-canin-royal-canin-x-small-adult-25kg-11090.png;https://www.allendeshnos.cl/wp-content/uploads/2024/09/X-SMALL.png;https://www.allendeshnos.cl/producto/royal-canin-x-small-adult-2-5kg/
royal-canin-royal-canin-x-small-adult-8-1kg;Allendes Hnos;Royal Canin;perro;senior;Royal Canin X-Small Adult 8+ 1kg;"[""1kg""]";Alimento completo y balanceado para perros de razas miniatura (<4 Kg). Desde los 8 hasta los 12 años de edad. Alimento completo y balanceado para perros de razas miniatura (<4 Kg). Desde los 8 hasta los 12 años de edad.;;{};Imagenes_Alimentos/AllendesHnos/perros/royal-canin/royal-canin-royal-canin-x-small-adult-8-1kg-11088.png;https://www.allendeshnos.cl/wp-content/uploads/2024/09/X-SMALL-8-1kg.png;https://www.allendeshnos.cl/producto/royal-canin-x-small-adult-8-1kg/
royal-canin-royal-canin-yorkshire-terrier-puppy-3kg;Allendes Hnos;Royal Canin;perro;cachorro;Royal Canin Yorkshire Terrier Puppy 3kg;"[""3kg""]";Alimento para cachorros de raza Yorkshire Terrier de 2 a 10 meses de edad. Alimento para cachorros de raza Yorkshire Terrier de 2 a 10 meses de edad.;;{};Imagenes_Alimentos/AllendesHnos/perros/royal-canin/royal-canin-royal-canin-yorkshire-terrier-puppy-3kg-11083.png;https://www.allendeshnos.cl/wp-content/uploads/2024/09/Yorkshire-Terrier-3kf.png;https://www.allendeshnos.cl/producto/royal-canin-yorkshire-terrier-puppy-3kg/
royal-canin-royal-canin-yorkshire-terrier-puppy-1kg;Allendes Hnos;Royal Canin;perro;cachorro;Royal Canin Yorkshire Terrier Puppy 1kg;"[""1kg""]";Alimento para cachorros de raza Yorkshire Terrier de 2 a 10 meses de edad. Alimento para cachorros de raza Yorkshire Terrier de 2 a 10 meses de edad.;;{};Imagenes_Alimentos/AllendesHnos/perros/royal-canin/royal-canin-royal-canin-yorkshire-terrier-puppy-1kg-11082.png;https://www.allendeshnos.cl/wp-content/uploads/2024/09/Yorkshire-Terrier-1kg.png;https://www.allendeshnos.cl/producto/royal-canin-yorkshire-terrier-puppy-1kg/
royal-canin-royal-canin-yorkshire-terrier-adulto-1kg;Allendes Hnos;Royal Canin;perro;adulto;Royal Canin Yorkshire Terrier Adulto 1kg;"[""1kg""]";Alimento completo para perros adultos y maduros de raza Yorkshire Terrier. A partir de los 10 meses de edad. Alimento completo para perros adultos y maduros de raza Yorkshire Terrier. A partir de los 10 meses de edad.;;{};Imagenes_Alimentos/AllendesHnos/perros/royal-canin/royal-canin-royal-canin-yorkshire-terrier-adulto-1kg-11073.png;https://www.allendeshnos.cl/wp-content/uploads/2024/09/Yorkshire-Terrie-2.png;https://www.allendeshnos.cl/producto/royal-canin-yorkshire-terrier-adulto-1kg/
royal-canin-royal-canin-yorkshire-terrier-adulto-25kg;Allendes Hnos;Royal Canin;perro;adulto;Royal Canin Yorkshire Terrier Adulto 2.5kg;"[""2,5kg""]";Alimento completo para perros adultos y maduros de raza Yorkshire Terrier. A partir de los 10 meses de edad. Alimento completo para perros adultos y maduros de raza Yorkshire Terrier. A partir de los 10 meses de edad.;;{};Imagenes_Alimentos/AllendesHnos/perros/royal-canin/royal-canin-royal-canin-yorkshire-terrier-adulto-25kg-11074.png;https://www.allendeshnos.cl/wp-content/uploads/2024/09/Yorkshire-Terrie.png;https://www.allendeshnos.cl/producto/royal-canin-yorkshire-terrier-adulto-2-5kg/
royal-canin-royal-canin-yorkshire-terrier-adulto-75kg;Allendes Hnos;Royal Canin;perro;adulto;Royal Canin Yorkshire Terrier Adulto 7.5kg;"[""7,5kg""]";Alimento completo para perros adultos y maduros de raza Yorkshire Terrier. A partir de los 10 meses de edad. Alimento completo para perros adultos y maduros de raza Yorkshire Terrier. A partir de los 10 meses de edad.;;{};Imagenes_Alimentos/AllendesHnos/perros/royal-canin/royal-canin-royal-canin-yorkshire-terrier-adulto-75kg-11075.png;https://www.allendeshnos.cl/wp-content/uploads/2024/09/Yorkshire-Terrie-7.5.png;https://www.allendeshnos.cl/producto/royal-canin-yorkshire-terrier-adulto-7-5kg/
royal-canin-royal-canin-pouch-sensory-taste-12-und;Allendes Hnos;Royal Canin;gato;adulto;Royal Canin Pouch Sensory Taste (12 und);"[""85gr""]";Alimento completo para gatos. Alimento completo para gatos.;;{};Imagenes_Alimentos/AllendesHnos/gatos/royal-canin/royal-canin-royal-canin-pouch-sensory-taste-12-und-11064.png;https://www.allendeshnos.cl/wp-content/uploads/2024/09/Pouch-sensory-taste.png;https://www.allendeshnos.cl/producto/royal-canin-pouch-sensory-taste-12-und/
royal-canin-royal-canin-pouch-sensory-smell-12-und;Allendes Hnos;Royal Canin;gato;adulto;Royal Canin Pouch Sensory Smell (12 und);"[""85gr""]";Alimento completo para gatos. Alimento completo para gatos.;;{};Imagenes_Alimentos/AllendesHnos/gatos/royal-canin/royal-canin-royal-canin-pouch-sensory-smell-12-und-11063.png;https://www.allendeshnos.cl/wp-content/uploads/2024/09/Pouch-sensory-smell.png;https://www.allendeshnos.cl/producto/royal-canin-pouch-sensory-smell12-und/
royal-canin-royal-canin-pouch-sensory-feel-12-und;Allendes Hnos;Royal Canin;gato;adulto;Royal Canin Pouch Sensory Feel (12 und);"[""85gr""]";Alimento completo para gatos. Alimento completo para gatos.;;{};Imagenes_Alimentos/AllendesHnos/gatos/royal-canin/royal-canin-royal-canin-pouch-sensory-feel-12-und-11062.png;https://www.allendeshnos.cl/wp-content/uploads/2024/09/Pouch-sensory-feel.png;https://www.allendeshnos.cl/producto/royal-canin-pouch-sensory-feel-12-und/
royal-canin-royal-canin-recovery-canfelino-lata-145gr;Allendes Hnos;Royal Canin;gato;adulto;Royal Canin Recovery Can/Felino Lata 145gr;"[""145gr""]";Alimento Húmedo para perros formulado para: Convalecencia y cuidados intensivos. Alimento Húmedo para perros formulado para: Convalecencia y cuidados intensivos.;;{};Imagenes_Alimentos/AllendesHnos/gatos/royal-canin/royal-canin-royal-canin-recovery-canfelino-lata-145gr-11058.png;https://www.allendeshnos.cl/wp-content/uploads/2024/09/Lata-Recovery-1.png;https://www.allendeshnos.cl/producto/royal-canin-recovery-can-felino-lata-6-und/
royal-canin-royal-canin-hepatic-can-lata-6-und;Allendes Hnos;Royal Canin;perro;adulto;Royal Canin Hepatic Can Lata (6 und);"[""200gr""]";Alimento dietético completo para perros adultos. Alimento dietético completo para perros adultos.;;{};Imagenes_Alimentos/AllendesHnos/perros/royal-canin/royal-canin-royal-canin-hepatic-can-lata-6-und-11054.png;https://www.allendeshnos.cl/wp-content/uploads/2024/09/Lata-hepatic.png;https://www.allendeshnos.cl/producto/royal-canin-hepatic-can-lata-6-und/
royal-canin-royal-canin-pouch-intense-beauty-12-und;Allendes Hnos;Royal Canin;gato;adulto;Royal Canin Pouch Intense Beauty (12 und);"[""85gr""]";Alimento completo para gatos adultos. Alimento completo para gatos adultos.;;{};Imagenes_Alimentos/AllendesHnos/gatos/royal-canin/royal-canin-royal-canin-pouch-intense-beauty-12-und-11049.png;https://www.allendeshnos.cl/wp-content/uploads/2024/09/Pouch-Intense-Beauty-Pouch.png;https://www.allendeshnos.cl/producto/royal-canin-pouch-intense-beauty-12-und/
royal-canin-royal-canin-pouch-gastrointestinal12-und;Allendes Hnos;Royal Canin;gato;adulto;Royal Canin Pouch Gastrointestinal(12 und);"[""85gr""]";Royal Canin Gastrointestinal Pouch es un alimento húmedo para gatos formulado con nutrientes que favorecen el sistema digestivo, con alta densidad energética para responder a las necesidades del gato adulto sin sobrecargar el estómago, de elevada palatabilidad para satisfacer los apetitos más caprichosos o disminuidos y con EPA/DHA que contribuyen a la salud del sistema digestivo. Royal Canin Gastrointestinal Pouch es un alimento húmedo para gatos formulado con nutrientes que favorecen el sistema digestivo, con alta densidad energética para responder a las necesidades del gato adulto sin sobrecargar el estómago, de elevada palatabilidad para satisfacer los apetitos más caprichosos o disminuidos y con EPA/DHA que contribuyen a la salud del sistema digestivo.;;{};Imagenes_Alimentos/AllendesHnos/gatos/royal-canin/royal-canin-royal-canin-pouch-gastrointestinal12-und-11046.png;https://www.allendeshnos.cl/wp-content/uploads/2024/09/Pouch-gastrointestinal.png;https://www.allendeshnos.cl/producto/royal-canin-pouch-gastrointestinal12-und/
royal-canin-royal-canin-pouch-dachshund-12-und;Allendes Hnos;Royal Canin;perro;adulto;Royal Canin Pouch Dachshund (12 und);"[""85gr""]";Nutrición completa y equilibrada para adultos Dachshunds – más de 10 meses. Nutrición completa y equilibrada para adultos Dachshunds – más de 10 meses.;;{};Imagenes_Alimentos/AllendesHnos/perros/royal-canin/royal-canin-royal-canin-pouch-dachshund-12-und-11040.png;https://www.allendeshnos.cl/wp-content/uploads/2024/09/Pouch-Dachshund-.png;https://www.allendeshnos.cl/producto/royal-canin-pouch-dachshund-12-und/
royal-canin-royal-canin-pouch-chihuahua-12-und;Allendes Hnos;Royal Canin;gato;adulto;Royal Canin Pouch Chihuahua (12 und);"[""85gr""]";Nutrición completa y equilibrada para chihuahuas adultos mayores de 8 meses. Nutrición completa y equilibrada para chihuahuas adultos mayores de 8 meses.;;{};Imagenes_Alimentos/AllendesHnos/gatos/royal-canin/royal-canin-royal-canin-pouch-chihuahua-12-und-11036.png;https://www.allendeshnos.cl/wp-content/uploads/2024/09/Pouch-CHIHUAHUA.png;https://www.allendeshnos.cl/producto/royal-canin-pouch-chihuahua-12-und/
royal-canin-royal-canin-pouch-satiety-felino-12-und;Allendes Hnos;Royal Canin;gato;adulto;Royal Canin Pouch Satiety Felino  (12 und);"[""85gr""]";Alimento dietético completo para gatos adultos. Alimento dietético completo para gatos adultos.;;{};Imagenes_Alimentos/AllendesHnos/gatos/royal-canin/royal-canin-royal-canin-pouch-satiety-felino-12-und-11033.png;https://www.allendeshnos.cl/wp-content/uploads/2024/09/Pouch-satiety-.png;https://www.allendeshnos.cl/producto/royal-canin-pouch-satiety-felino-12-und/
royal-canin-royal-canin-pouch-renal-felino-12-und;Allendes Hnos;Royal Canin;gato;adulto;Royal Canin Pouch Renal Felino (12 und);"[""85gr""]";Alimento dietético completo para gatos adultos. Alimento dietético completo para gatos adultos.;;{};Imagenes_Alimentos/AllendesHnos/gatos/royal-canin/royal-canin-royal-canin-pouch-renal-felino-12-und-11018.png;https://www.allendeshnos.cl/wp-content/uploads/2024/09/24.png;https://www.allendeshnos.cl/producto/royal-canin-pouch-renal-felino-12-und/
royal-canin-royal-canin-pouch-adulto-instinctive-7-12-und;Allendes Hnos;Royal Canin;gato;senior;Royal Canin Pouch Adulto Instinctive 7+ (12 und);"[""85gr""]";Alimento completo para gatos mayores de 7 años (trozos en salsa). Alimento completo para gatos mayores de 7 años (trozos en salsa).;;{};Imagenes_Alimentos/AllendesHnos/gatos/royal-canin/royal-canin-royal-canin-pouch-adulto-instinctive-7-12-u-11020.png;https://www.allendeshnos.cl/wp-content/uploads/2024/09/Pouch-Instinctive-Felino-7.png;https://www.allendeshnos.cl/producto/royal-canin-pouch-adulto-instinctive-7-12-und/
royal-canin-royal-canin-pouch-adulto-instinctive-12-und;Allendes Hnos;Royal Canin;gato;adulto;Royal Canin Pouch Adulto Instinctive (12 und);"[""85gr""]";Alimento completo para gatos adultos (trozos en salsa). Alimento completo para gatos adultos (trozos en salsa).;;{};Imagenes_Alimentos/AllendesHnos/gatos/royal-canin/royal-canin-royal-canin-pouch-adulto-instinctive-12-und-11019.png;https://www.allendeshnos.cl/wp-content/uploads/2024/09/Pouch-Instinctive-Felino.png;https://www.allendeshnos.cl/producto/royal-canin-pouch-adulto-instinctive-12-und/
royal-canin-royal-canin-pouch-kitten-sterilised-12-und;Allendes Hnos;Royal Canin;gato;cachorro;Royal Canin Pouch Kitten Sterilised  (12 und);"[""85gr""]";Alimento completo para gatos – Especialmente para gatitos esterilizados (de 6 a 12 meses de edad) (rodajas finas en salsa). Alimento completo para gatos – Especialmente para gatitos esterilizados (de 6 a 12 meses de edad) (rodajas finas en salsa).;;{};Imagenes_Alimentos/AllendesHnos/gatos/royal-canin/royal-canin-royal-canin-pouch-kitten-sterilised-12-und-11017.png;https://www.allendeshnos.cl/wp-content/uploads/2024/09/Pouch-Kitten-Sterilised.png;https://www.allendeshnos.cl/producto/royal-canin-pouch-kitten-sterilised-12-und/
royal-canin-royal-canin-pouch-kitten-12-und;Allendes Hnos;Royal Canin;gato;cachorro;Royal Canin Pouch Kitten (12 und);"[""85gr""]";Alimento completo para gatos – Especialmente para gatitos de 2ª edad hasta 12 meses (rodajas finas en salsa). Alimento completo para gatos – Especialmente para gatitos de 2ª edad hasta 12 meses (rodajas finas en salsa).;;{};Imagenes_Alimentos/AllendesHnos/gatos/royal-canin/royal-canin-royal-canin-pouch-kitten-12-und-11016.png;https://www.allendeshnos.cl/wp-content/uploads/2024/09/Pouch-Kitten.png;https://www.allendeshnos.cl/producto/royal-canin-pouch-kitten-12-und/
royal-canin-royal-canin-pouch-maxi-puppy-10-und;Allendes Hnos;Royal Canin;perro;cachorro;Royal Canin Pouch Maxi Puppy (10 und);"[""140gr""]";Alimento completo para perros – Para cachorros de razas grandes (peso adulto de 26 a 44 kg) – Hasta 15 meses de edad. Alimento completo para perros – Para cachorros de razas grandes (peso adulto de 26 a 44 kg) – Hasta 15 meses de edad.;;{};Imagenes_Alimentos/AllendesHnos/perros/royal-canin/royal-canin-royal-canin-pouch-maxi-puppy-10-und-11006.png;https://www.allendeshnos.cl/wp-content/uploads/2024/09/Pouch-maxi-26-44-kg.png;https://www.allendeshnos.cl/producto/royal-canin-pouch-maxi-puppy-10-und/
royal-canin-royal-canin-pouch-maxi-adulto-10-und;Allendes Hnos;Royal Canin;perro;adulto;Royal Canin Pouch Maxi Adulto (10 und);"[""140gr""]";alimento completo para perros – Para perros adultos de razas grandes (de 26 a 44 kg) – De 15 meses a 8 años. alimento completo para perros – Para perros adultos de razas grandes (de 26 a 44 kg) – De 15 meses a 8 años.;;{};Imagenes_Alimentos/AllendesHnos/perros/royal-canin/royal-canin-royal-canin-pouch-maxi-adulto-10-und-11007.png;https://www.allendeshnos.cl/wp-content/uploads/2024/09/Pouch-Maxi.png;https://www.allendeshnos.cl/producto/royal-canin-pouch-maxi-adulto-10-und/
royal-canin-royal-canin-pouch-medium-puppy-10-und;Allendes Hnos;Royal Canin;perro;cachorro;Royal Canin Pouch Medium Puppy (10 und);"[""140gr""]";Alimento completo para perros – Para cachorros de raza mediana (peso adulto de 11 a 25 kg) – Hasta 12 meses. Alimento completo para perros – Para cachorros de raza mediana (peso adulto de 11 a 25 kg) – Hasta 12 meses.;;{};Imagenes_Alimentos/AllendesHnos/perros/royal-canin/royal-canin-royal-canin-pouch-medium-puppy-10-und-11005.png;https://www.allendeshnos.cl/wp-content/uploads/2024/09/Pouch-medium-11-25kg.png;https://www.allendeshnos.cl/producto/royal-canin-pouch-medium-puppy-10-und/
royal-canin-royal-canin-pouch-medium-adulto-10-und;Allendes Hnos;Royal Canin;perro;adulto;Royal Canin Pouch Medium Adulto (10 und);"[""140gr""]";Alimento completo para perros – Para perros adultos de raza mediana (de 11 a 25 kg) – De 12 meses a 10 años. Alimento completo para perros – Para perros adultos de raza mediana (de 11 a 25 kg) – De 12 meses a 10 años.;;{};Imagenes_Alimentos/AllendesHnos/perros/royal-canin/royal-canin-royal-canin-pouch-medium-adulto-10-und-11004.png;https://www.allendeshnos.cl/wp-content/uploads/2024/09/Pouch-medium.png;https://www.allendeshnos.cl/producto/royal-canin-pouch-medium-adulto-10-und/
royal-canin-royal-canin-pouch-mini-puppy-12-und;Allendes Hnos;Royal Canin;perro;cachorro;Royal Canin Pouch Mini Puppy (12 und);"[""85gr""]";Alimento completo para perros – Para cachorros de raza pequeña (peso adulto de 1 a 10 kg) – Hasta 10 meses de edad. Alimento completo para perros – Para cachorros de raza pequeña (peso adulto de 1 a 10 kg) – Hasta 10 meses de edad.;;{};Imagenes_Alimentos/AllendesHnos/perros/royal-canin/royal-canin-royal-canin-pouch-mini-puppy-12-und-10992.png;https://www.allendeshnos.cl/wp-content/uploads/2024/09/Pouch-mini-10kg.png;https://www.allendeshnos.cl/producto/royal-canin-pouch-mini-puppy-12-und/
royal-canin-royal-canin-pouch-mini-adulto-12-und;Allendes Hnos;Royal Canin;perro;adulto;Royal Canin Pouch Mini Adulto (12 und);"[""85gr""]";Alimento completo para perros – Para los pequeños perros adultos de razas (de 1 a 10 kg) – A partir de 10 meses a 12 años de edad. Alimento completo para perros – Para los pequeños perros adultos de razas (de 1 a 10 kg) – A partir de 10 meses a 12 años de edad.;;{};Imagenes_Alimentos/AllendesHnos/perros/royal-canin/royal-canin-royal-canin-pouch-mini-adulto-12-und-10991.png;https://www.allendeshnos.cl/wp-content/uploads/2024/09/Pouch-mini.png;https://www.allendeshnos.cl/producto/royal-canin-pouch-mini-adulto-12-und/
royal-canin-royal-canin-pouch-urinary-so-12-und;Allendes Hnos;Royal Canin;gato;adulto;Royal Canin Pouch Urinary S/O (12 und);"[""85gr""]";Alimento húmedo para gatos adultos en riesgo de desarrollar trastornos del tracto urinario inferior o que ya los padezcan. Alimento húmedo para gatos adultos en riesgo de desarrollar trastornos del tracto urinario inferior o que ya los padezcan.;;{};Imagenes_Alimentos/AllendesHnos/gatos/royal-canin/royal-canin-royal-canin-pouch-urinary-so-12-und-10990.png;https://www.allendeshnos.cl/wp-content/uploads/2024/09/Pouch-Urinary-SO.png;https://www.allendeshnos.cl/producto/royal-canin-pouch-urinary-s-o-12-und/
royal-canin-royal-canin-pouch-poodle-12-und;Allendes Hnos;Royal Canin;perro;adulto;Royal Canin Pouch Poodle (12 und);"[""85gr""]";Para perros poodle mayores a los 10 meses. Para perros poodle mayores a los 10 meses.;;{};Imagenes_Alimentos/AllendesHnos/perros/royal-canin/royal-canin-royal-canin-pouch-poodle-12-und-10989.png;https://www.allendeshnos.cl/wp-content/uploads/2024/09/Pouch-poodle.png;https://www.allendeshnos.cl/producto/royal-canin-pouch/
royal-canin-royal-canin-pouch-yorkshire-12-und;Allendes Hnos;Royal Canin;perro;adulto;Royal Canin Pouch Yorkshire (12 und);"[""85gr""]";Alimento completo para perros – Especialmente para adultos y adultos Yorkshire Terriers – Más de 10 meses de edad. Alimento completo para perros – Especialmente para adultos y adultos Yorkshire Terriers – Más de 10 meses de edad.;;{};Imagenes_Alimentos/AllendesHnos/perros/royal-canin/royal-canin-royal-canin-pouch-yorkshire-12-und-10988.png;https://www.allendeshnos.cl/wp-content/uploads/2024/09/Pouch-Yorkshire-Terrier.png;https://www.allendeshnos.cl/producto/royal-canin-pouch-yorkshire-12-und/
royal-canin-royal-canin-kitten-instinctive-lata-6-und;Allendes Hnos;Royal Canin;gato;cachorro;Royal Canin Kitten Instinctive lata (6 und);"[""145gr""]";La Lata Adult instinctive 145g – Royal Canin es un alimento húmedo recomendado para gatos adultos a partir del año de vida. Esta principalmente enfocado a felinos que poseen un nivel moderado de energía y un intenso sabor, estas croquetas en salsa son ideales para gatos con un paladar mas selectivo o simplemente aquellos que prefieren la comida húmeda. Su fórmula mantiene un peso saludable y el correcto funcionamiento del sistema urinario. Latas de 145 g. La Lata Adult instinctive 145g – Royal Canin es un alimento húmedo recomendado para gatos adultos a partir del año de vida. Esta principalmente enfocado a felinos que poseen un nivel moderado de energía y un intenso sabor, estas croquetas en salsa son ideales para gatos con un paladar mas selectivo o simplemente aquellos que prefieren la comida húmeda. Su fórmula mantiene un peso saludable y el correcto funcionamiento del sistema urinario. Latas de 145 g.;;{};Imagenes_Alimentos/AllendesHnos/gatos/royal-canin/royal-canin-royal-canin-kitten-instinctive-lata-6-und-10985.png;https://www.allendeshnos.cl/wp-content/uploads/2024/09/Adult-Instinctive-Lata-1.png;https://www.allendeshnos.cl/producto/royal-canin-kitten-instinctive-lata-6-und/
royal-canin-royal-canin-light-felino-75kg;Allendes Hnos;Royal Canin;perro;adulto;Royal Canin Light Felino 7.5kg;"[""7,5kg""]";"Royal Canin Light  ha sido elaborado pensando en gatos con sobrepeso, pues reduce la absorción de calorías dándole a tu gato al mismo tiempo una sensación de saciedad; dos parámetros importantes para un efecto óptimo. Royal Canin Light  ha sido elaborado pensando en gatos con sobrepeso, pues reduce la absorción de calorías dándole a tu gato al mismo tiempo una sensación de saciedad; dos parámetros importantes para un efecto óptimo.";;{};Imagenes_Alimentos/AllendesHnos/perros/royal-canin/royal-canin-royal-canin-light-felino-75kg-10982.png;https://www.allendeshnos.cl/wp-content/uploads/2024/09/Royal-Canin-Light-Felino-7.5kg.png;https://www.allendeshnos.cl/producto/royal-canin-light-felino-7-5kg/
royal-canin-royal-canin-adulto-1kg;Allendes Hnos;Royal Canin;perro;adulto;Royal Canin Adulto 1kg;"[""1kg""]";Alimento formulado para perros adultos de raza Maltés, a partir de los 10 meses de edad. Alimento formulado para perros adultos de raza Maltés, a partir de los 10 meses de edad.;;{};Imagenes_Alimentos/AllendesHnos/perros/royal-canin/royal-canin-royal-canin-adulto-1kg-10978.png;https://www.allendeshnos.cl/wp-content/uploads/2024/09/maltes.png;https://www.allendeshnos.cl/producto/royal-canin-adulto-1kg/
royal-canin-royal-canin-medium-puppy-25kg;Allendes Hnos;Royal Canin;perro;cachorro;Royal Canin Medium Puppy 2.5kg;"[""2,5kg""]";Alimento completo y balanceado para cachorros de razas medianas (11 – 25 Kg). Hasta los 12 meses de edad. Alimento completo y balanceado para cachorros de razas medianas (11 – 25 Kg). Hasta los 12 meses de edad.;;{};Imagenes_Alimentos/AllendesHnos/perros/royal-canin/royal-canin-royal-canin-medium-puppy-25kg-10971.png;https://www.allendeshnos.cl/wp-content/uploads/2024/09/Royal-Canin-Medium-Puppy-2.5-Kg.png;https://www.allendeshnos.cl/producto/royal-canin-medium-puppy-2-5kg/
royal-canin-royal-canin-medium-puppy-15kg;Allendes Hnos;Royal Canin;perro;cachorro;Royal Canin Medium Puppy 15kg;"[""15kg""]";Alimento completo y balanceado para cachorros de razas medianas (11 – 25 Kg). Hasta los 12 meses de edad. Alimento completo y balanceado para cachorros de razas medianas (11 – 25 Kg). Hasta los 12 meses de edad.;;{};Imagenes_Alimentos/AllendesHnos/perros/royal-canin/royal-canin-royal-canin-medium-puppy-15kg-10970.png;https://www.allendeshnos.cl/wp-content/uploads/2024/09/Royal-Canin-Medium-Puppy-15-Kg.png;https://www.allendeshnos.cl/producto/royal-canin-medium-puppy-15kg/
royal-canin-royal-canin-medium-ageing-10-15kg;Allendes Hnos;Royal Canin;perro;senior;Royal Canin Medium Ageing 10+ 15kg;"[""15kg""]";Alimento completo y balanceado para perros de razas medianas (11 – 25 Kg). Desde los 10 años de edad. Alimento completo y balanceado para perros de razas medianas (11 – 25 Kg). Desde los 10 años de edad.;;{};Imagenes_Alimentos/AllendesHnos/perros/royal-canin/royal-canin-royal-canin-medium-ageing-10-15kg-10967.png;https://www.allendeshnos.cl/wp-content/uploads/2024/09/Adulto-medium-10-15.png;https://www.allendeshnos.cl/producto/royal-canin-medium-ageing-10-15kg/
royal-canin-royal-canin-medium-adulto-dermacomfort-10kg;Allendes Hnos;Royal Canin;perro;adulto;Royal Canin Medium Adulto Dermacomfort 10kg;"[""10Kg""]";Alimento completo y balanceado para perros adultos de razas medianas (11 – 25 Kg) con sensibilidad cutánea. Alimento completo y balanceado para perros adultos de razas medianas (11 – 25 Kg) con sensibilidad cutánea.;;{};Imagenes_Alimentos/AllendesHnos/perros/royal-canin/royal-canin-royal-canin-medium-adulto-dermacomfort-10kg-10963.png;https://www.allendeshnos.cl/wp-content/uploads/2024/09/Adulto-Dermacomfort-medium.png;https://www.allendeshnos.cl/producto/royal-canin-medium-dermacomfort-10kg/
royal-canin-royal-canin-medium-adult-7-15kg;Allendes Hnos;Royal Canin;perro;senior;Royal Canin Medium Adult 7+ 15kg;"[""15kg""]";Alimento completo y balanceado para perros de razas medianas (11 – 25 Kg). Desde los 7 hasta los 10 años de edad. Alimento completo y balanceado para perros de razas medianas (11 – 25 Kg). Desde los 7 hasta los 10 años de edad.;;{};Imagenes_Alimentos/AllendesHnos/perros/royal-canin/royal-canin-royal-canin-medium-adult-7-15kg-10955.png;https://www.allendeshnos.cl/wp-content/uploads/2024/09/Adulto-medium-7-15.png;https://www.allendeshnos.cl/producto/royal-canin-medium-adult-7-15kg/
royal-canin-royal-canin-medium-adulto-25kg;Allendes Hnos;Royal Canin;perro;adulto;Royal Canin Medium Adulto 2.5kg;"[""2,5kg""]";Alimento completo y balanceado para perros adultos de razas medianas (11 – 25 Kg). Desde los 12 meses hasta los 7 años de edad. Alimento completo y balanceado para perros adultos de razas medianas (11 – 25 Kg). Desde los 12 meses hasta los 7 años de edad.;;{};Imagenes_Alimentos/AllendesHnos/perros/royal-canin/royal-canin-royal-canin-medium-adulto-25kg-10954.png;https://www.allendeshnos.cl/wp-content/uploads/2024/09/Adulto-medium-2.5.png;https://www.allendeshnos.cl/producto/royal-canin-medium-adulto-2-5kg/
royal-canin-royal-canin-medium-adulto-15kg;Allendes Hnos;Royal Canin;perro;adulto;Royal Canin Medium Adulto 15kg;"[""15kg""]";Alimento completo y balanceado para perros adultos de razas medianas (11 – 25 Kg). Desde los 12 meses hasta los 7 años de edad. Alimento completo y balanceado para perros adultos de razas medianas (11 – 25 Kg). Desde los 12 meses hasta los 7 años de edad.;;{};Imagenes_Alimentos/AllendesHnos/perros/royal-canin/royal-canin-royal-canin-medium-adulto-15kg-10953.png;https://www.allendeshnos.cl/wp-content/uploads/2024/09/Adulto-medium.png;https://www.allendeshnos.cl/producto/royal-canin-medium-adulto-15kg/
royal-canin-royal-canin-maxi-light-15kg;Allendes Hnos;Royal Canin;perro;adulto;Royal Canin Maxi Light 15kg;"[""10Kg""]";Alimento completo para perros adultos (26-44 kg). Con tendencia al sobrepeso y/o bajo nivel de actividad. Alimento completo para perros adultos (26-44 kg). Con tendencia al sobrepeso y/o bajo nivel de actividad.;;{};Imagenes_Alimentos/AllendesHnos/perros/royal-canin/royal-canin-royal-canin-maxi-light-15kg-10950.png;https://www.allendeshnos.cl/wp-content/uploads/2024/09/maxi-Dermacomfort-1.png;https://www.allendeshnos.cl/producto/royal-canin-maxi-light-15kg/
royal-canin-royal-canin-maxi-puppy-15kg;Allendes Hnos;Royal Canin;perro;cachorro;Royal Canin Maxi Puppy 15kg;"[""15kg""]";Alimento completo para perros cachorros. Desde los 2 hasta los 15 meses de edad (26-44 kg). Alimento completo para perros cachorros. Desde los 2 hasta los 15 meses de edad (26-44 kg).;;{};Imagenes_Alimentos/AllendesHnos/perros/royal-canin/royal-canin-royal-canin-maxi-puppy-15kg-10938.png;https://www.allendeshnos.cl/wp-content/uploads/2024/09/Mini-1kg-2.png;https://www.allendeshnos.cl/producto/royal-canin-maxi-puppy-15kg/
royal-canin-royal-canin-maxi-dermacomfort-10kg;Allendes Hnos;Royal Canin;perro;adulto;Royal Canin Maxi Dermacomfort 10kg;"[""10Kg""]";Alimento completo para perros adultos y maduros (26-44 kg) propensos a la irritación cutánea y al prurito. Alimento completo para perros adultos y maduros (26-44 kg) propensos a la irritación cutánea y al prurito.;;{};Imagenes_Alimentos/AllendesHnos/perros/royal-canin/royal-canin-royal-canin-maxi-dermacomfort-10kg-10937.png;https://www.allendeshnos.cl/wp-content/uploads/2024/09/maxi-Dermacomfort.png;https://www.allendeshnos.cl/producto/royal-canin-maxi-dermacomfort-10kg/
royal-canin-royal-canin-maxi-adulto-8-15kg;Allendes Hnos;Royal Canin;perro;senior;Royal Canin Maxi Adulto 8+ 15kg;"[""15kg""]";Alimento para perros maduros de talla grande (de 26 a 44 kg de peso) – A partir de los 8 años de edad. Alimento para perros maduros de talla grande (de 26 a 44 kg de peso) – A partir de los 8 años de edad.;;{};Imagenes_Alimentos/AllendesHnos/perros/royal-canin/royal-canin-royal-canin-maxi-adulto-8-15kg-10936.png;https://www.allendeshnos.cl/wp-content/uploads/2024/09/maxi-adulto-8-15kh.png;https://www.allendeshnos.cl/producto/royal-canin-maxi-adulto-8-15kg/
royal-canin-royal-canin-maxi-adulto-5-15kg;Allendes Hnos;Royal Canin;perro;adulto;Royal Canin Maxi Adulto 5+ 15kg;"[""15kg""]";Alimento completo para perros maduros. Desde los 5 años hasta los 8 años de edad (26-44 kg). Alimento completo para perros maduros. Desde los 5 años hasta los 8 años de edad (26-44 kg).;;{};Imagenes_Alimentos/AllendesHnos/perros/royal-canin/royal-canin-royal-canin-maxi-adulto-5-15kg-10935.png;https://www.allendeshnos.cl/wp-content/uploads/2024/09/maxi-adulto-5-15kh.png;https://www.allendeshnos.cl/producto/royal-canin-maxi-adulto-5-15kg/
royal-canin-royal-canin-maxi-adulto-15kg;Allendes Hnos;Royal Canin;perro;adulto;Royal Canin Maxi Adulto 15kg;"[""15kg""]";Alimento completo para perros adultos de razas grandes (de 26 a 44 kg) – De 15 meses a 5 años. Alimento completo para perros adultos de razas grandes (de 26 a 44 kg) – De 15 meses a 5 años.;;{};Imagenes_Alimentos/AllendesHnos/perros/royal-canin/royal-canin-royal-canin-maxi-adulto-15kg-10934.png;https://www.allendeshnos.cl/wp-content/uploads/2024/09/maxi-adulto-15kh.png;https://www.allendeshnos.cl/producto/royal-canin-maxi-adulto-15kg/
royal-canin-royal-canin-fit-adulto-75kg;Allendes Hnos;Royal Canin;gato;adulto;Royal Canin Fit Adulto 7.5kg;"[""7,5kg""]";Gatos adultos de 1 a 7 años con actividad moderada y/o acceso al exterior ocasional. Gatos adultos de 1 a 7 años con actividad moderada y/o acceso al exterior ocasional.;;{};Imagenes_Alimentos/AllendesHnos/gatos/royal-canin/royal-canin-royal-canin-fit-adulto-75kg-10929.png;https://www.allendeshnos.cl/wp-content/uploads/2024/09/Royal-Canin-Fit-Felino-7.5kg.png;https://www.allendeshnos.cl/producto/royal-canin-fit-adulto-7-5kg/
royal-canin-royal-canin-fit-adulto-15kg;Allendes Hnos;Royal Canin;gato;adulto;Royal Canin Fit Adulto 1.5kg;"[""1,5kg""]";Gatos adultos de 1 a 7 años con actividad moderada y/o acceso al exterior ocasional. Gatos adultos de 1 a 7 años con actividad moderada y/o acceso al exterior ocasional.;;{};Imagenes_Alimentos/AllendesHnos/gatos/royal-canin/royal-canin-royal-canin-fit-adulto-15kg-10928.png;https://www.allendeshnos.cl/wp-content/uploads/2024/09/Royal-Canin-Fit-Felino-1.5kg.png;https://www.allendeshnos.cl/producto/royal-canin-fit-adulto-1-5kg/
royal-canin-royal-canin-kitten-sterilised-400grs;Allendes Hnos;Royal Canin;gato;cachorro;Royal Canin Kitten Sterilised 400grs;"[""400gr""]";Alimento equilibrado y completo para gatos – Especialmente para gatitos Esterilizados (de 6 a 12 meses de edad). Alimento equilibrado y completo para gatos – Especialmente para gatitos Esterilizados (de 6 a 12 meses de edad).;;{};Imagenes_Alimentos/AllendesHnos/gatos/royal-canin/royal-canin-royal-canin-kitten-sterilised-400grs-10921.png;https://www.allendeshnos.cl/wp-content/uploads/2024/09/Kitten-Sterilised-400gr.png;https://www.allendeshnos.cl/producto/royal-canin-kitten-sterilised-400grs/
royal-canin-royal-canin-kitten-sterilised-4kg;Allendes Hnos;Royal Canin;gato;cachorro;Royal Canin Kitten Sterilised 4kg;"[""4Kg""]";Alimento equilibrado y completo para gatos – Especialmente para gatitos Esterilizados (de 6 a 12 meses de edad). Alimento equilibrado y completo para gatos – Especialmente para gatitos Esterilizados (de 6 a 12 meses de edad).;;{};Imagenes_Alimentos/AllendesHnos/gatos/royal-canin/royal-canin-royal-canin-kitten-sterilised-4kg-10920.png;https://www.allendeshnos.cl/wp-content/uploads/2024/09/Kitten-Sterilised-6-12-months.png;https://www.allendeshnos.cl/producto/royal-canin-kitten-sterilised-4kg/
royal-canin-royal-canin-kitten-sterilised-15kg;Allendes Hnos;Royal Canin;gato;cachorro;Royal Canin Kitten Sterilised 1.5kg;"[""1,5kg""]";Alimento equilibrado y completo para gatos – Especialmente para gatitos Esterilizados (de 6 a 12 meses de edad). Alimento equilibrado y completo para gatos – Especialmente para gatitos Esterilizados (de 6 a 12 meses de edad).;;{};Imagenes_Alimentos/AllendesHnos/gatos/royal-canin/royal-canin-royal-canin-kitten-sterilised-15kg-10919.png;https://www.allendeshnos.cl/wp-content/uploads/2024/09/Kitten-Sterilised-6-12-months-2.png;https://www.allendeshnos.cl/producto/royal-canin-kitten-sterilised-1-5kg/
royal-canin-royal-canin-kitten-400grs;Allendes Hnos;Royal Canin;gato;cachorro;Royal Canin Kitten 400grs;"[""400gr""]";Balanced and Alimento equilibrado y completo para gatos – Especialmente para gatitos de 2ª edad (hasta 12 meses) Balanced and Alimento equilibrado y completo para gatos – Especialmente para gatitos de 2ª edad (hasta 12 meses);;{};Imagenes_Alimentos/AllendesHnos/gatos/royal-canin/royal-canin-royal-canin-kitten-400grs-10912.png;https://www.allendeshnos.cl/wp-content/uploads/2024/09/Kitten-400gr.png;https://www.allendeshnos.cl/producto/royal-canin-kitten-400grs/
royal-canin-royal-canin-kitten-4kg;Allendes Hnos;Royal Canin;gato;cachorro;Royal Canin Kitten 4kg;"[""4Kg""]";Balanced and Alimento equilibrado y completo para gatos – Especialmente para gatitos de 2ª edad (hasta 12 meses) Balanced and Alimento equilibrado y completo para gatos – Especialmente para gatitos de 2ª edad (hasta 12 meses);;{};Imagenes_Alimentos/AllendesHnos/gatos/royal-canin/royal-canin-royal-canin-kitten-4kg-10911.png;https://www.allendeshnos.cl/wp-content/uploads/2024/09/Kitten-4kg.png;https://www.allendeshnos.cl/producto/royal-canin-kitten-4kg/
royal-canin-royal-canin-kitten-15kg;Allendes Hnos;Royal Canin;gato;cachorro;Royal Canin Kitten 1.5kg;"[""1,5kg""]";Balanced and Alimento equilibrado y completo para gatos – Especialmente para gatitos de 2ª edad (hasta 12 meses) Balanced and Alimento equilibrado y completo para gatos – Especialmente para gatitos de 2ª edad (hasta 12 meses);;{};Imagenes_Alimentos/AllendesHnos/gatos/royal-canin/royal-canin-royal-canin-kitten-15kg-10910.png;https://www.allendeshnos.cl/wp-content/uploads/2024/09/Kitten-1.5.png;https://www.allendeshnos.cl/producto/royal-canin-kitten-1-5kg/
royal-canin-royal-canin-indoor-long-hair-15kg;Allendes Hnos;Royal Canin;gato;adulto;Royal Canin Indoor Long Hair 1.5kg;"[""1,5kg""]";Pienso equilibrado y completo para gatos – Especial para gatos adultos de pelo largo (de 1 a 7 años) Pienso equilibrado y completo para gatos – Especial para gatos adultos de pelo largo (de 1 a 7 años);;{};Imagenes_Alimentos/AllendesHnos/gatos/royal-canin/royal-canin-royal-canin-indoor-long-hair-15kg-10907.png;https://www.allendeshnos.cl/wp-content/uploads/2024/09/Royal-Canin-Indoor-Long-Hair-15kg.png;https://www.allendeshnos.cl/producto/royal-canin-indoor-long-hair-1-5kg/
royal-canin-royal-canin-indoor-7-75kg;Allendes Hnos;Royal Canin;gato;senior;Royal Canin Indoor 7+ 7.5kg;"[""7,5kg""]";Alimento para gatos maduros que viven en el interior del hogar – A partir de los 7 años de edad. Alimento para gatos maduros que viven en el interior del hogar – A partir de los 7 años de edad.;;{};Imagenes_Alimentos/AllendesHnos/gatos/royal-canin/royal-canin-royal-canin-indoor-7-75kg-10902.png;https://www.allendeshnos.cl/wp-content/uploads/2024/09/Royal-Canin-Fel-Indoor-7-75kg.png;https://www.allendeshnos.cl/producto/royal-canin-indoor-7-7-5kg/
royal-canin-royal-canin-indoor-7-15kg;Allendes Hnos;Royal Canin;gato;senior;Royal Canin Indoor 7+ 1.5kg;"[""1,5kg""]";Alimento para gatos maduros que viven en el interior del hogar – A partir de los 7 años de edad. Alimento para gatos maduros que viven en el interior del hogar – A partir de los 7 años de edad.;;{};Imagenes_Alimentos/AllendesHnos/gatos/royal-canin/royal-canin-royal-canin-indoor-7-15kg-10901.png;https://www.allendeshnos.cl/wp-content/uploads/2024/09/Royal-Canin-Fel-Indoor-7-1.5kg.png;https://www.allendeshnos.cl/producto/royal-canin-indoor-7-1-5kg/
royal-canin-royal-canin-indoor-75kg;Allendes Hnos;Royal Canin;gato;adulto;Royal Canin Indoor 7.5kg;"[""7,5kg""]";Alimento para gatos adultos que viven en el interior del hogar – A partir del año de edad. Alimento para gatos adultos que viven en el interior del hogar – A partir del año de edad.;;{};Imagenes_Alimentos/AllendesHnos/gatos/royal-canin/royal-canin-royal-canin-indoor-75kg-10896.png;https://www.allendeshnos.cl/wp-content/uploads/2024/09/Royal-Canin-Indoor-Felino-7.5.png;https://www.allendeshnos.cl/producto/royal-canin-indoor-7-5kg/
royal-canin-royal-canin-indoor-15kg;Allendes Hnos;Royal Canin;gato;adulto;Royal Canin Indoor 1.5kg;"[""1,5kg""]";Alimento para gatos adultos que viven en el interior del hogar – A partir del año de edad. Alimento para gatos adultos que viven en el interior del hogar – A partir del año de edad.;;{};Imagenes_Alimentos/AllendesHnos/gatos/royal-canin/royal-canin-royal-canin-indoor-15kg-10895.png;https://www.allendeshnos.cl/wp-content/uploads/2024/09/Royal-Canin-Indoor-Felino-1.5kg.png;https://www.allendeshnos.cl/producto/royal-canin-indoor-1-5kg/
royal-canin-royal-canin-hepatic-felino-2kg;Allendes Hnos;Royal Canin;gato;adulto;Royal Canin Hepatic Felino 2kg;"[""2Kg""]";Alimento dietético completo para gatos. Alimento dietético completo para gatos.;;{};Imagenes_Alimentos/AllendesHnos/gatos/royal-canin/royal-canin-royal-canin-hepatic-felino-2kg-10890.png;https://www.allendeshnos.cl/wp-content/uploads/2024/09/hepatic-2.png;https://www.allendeshnos.cl/producto/royal-canin-hepatic-felino-2kg/
royal-canin-royal-canin-hepatic-felino-15kg;Allendes Hnos;Royal Canin;gato;adulto;Royal Canin Hepatic Felino 1.5kg;"[""1,5kg""]";Alimento dietético completo para gatos. Alimento dietético completo para gatos.;;{};Imagenes_Alimentos/AllendesHnos/gatos/royal-canin/royal-canin-royal-canin-hepatic-felino-15kg-10889.png;https://www.allendeshnos.cl/wp-content/uploads/2024/09/hepatic.png;https://www.allendeshnos.cl/producto/royal-canin-hepatic-felino-1-5kg/
royal-canin-royal-canin-hepatic-canino-2kg;Allendes Hnos;Royal Canin;perro;adulto;Royal Canin Hepatic Canino 2kg;"[""2Kg""]";Perros adultos con problemas hepáticos. Prescripción Perros adultos con problemas hepáticos. Prescripción;;{};Imagenes_Alimentos/AllendesHnos/perros/royal-canin/royal-canin-royal-canin-hepatic-canino-2kg-10882.png;https://www.allendeshnos.cl/wp-content/uploads/2024/09/Hepatic-2-perro.png;https://www.allendeshnos.cl/producto/royal-canin-hepatic-canino-2kg/
royal-canin-royal-canin-hepatic-canino-10kg;Allendes Hnos;Royal Canin;perro;adulto;Royal Canin Hepatic Canino 10kg;"[""10Kg""]";Perros adultos con problemas hepáticos. Prescripción Perros adultos con problemas hepáticos. Prescripción;;{};Imagenes_Alimentos/AllendesHnos/perros/royal-canin/royal-canin-royal-canin-hepatic-canino-10kg-10881.png;https://www.allendeshnos.cl/wp-content/uploads/2024/09/Hepatic-10kg-perro.png;https://www.allendeshnos.cl/producto/royal-canin-hepatic-canino-10kg/
royal-canin-royal-canin-hepatic-canino-15kg;Allendes Hnos;Royal Canin;perro;adulto;Royal Canin Hepatic Canino 1.5kg;"[""1,5kg""]";Perros adultos con problemas hepáticos. Prescripción Perros adultos con problemas hepáticos. Prescripción;;{};Imagenes_Alimentos/AllendesHnos/perros/royal-canin/royal-canin-royal-canin-hepatic-canino-15kg-10880.png;https://www.allendeshnos.cl/wp-content/uploads/2024/09/Hepatic-1.5-perro.png;https://www.allendeshnos.cl/producto/royal-canin-hepatic-canino-1-5kg/
royal-canin-royal-canin-hypoallergenic-small-dog-2kg;Allendes Hnos;Royal Canin;perro;adulto;Royal Canin Hypoallergenic Small Dog 2kg;"[""2Kg""]";Alimento dietético completo para perros: para perros adultos de razas pequeñas (peso entre 1 y 10 kg). Alimento dietético completo para perros: para perros adultos de razas pequeñas (peso entre 1 y 10 kg).;;{};Imagenes_Alimentos/AllendesHnos/perros/royal-canin/royal-canin-royal-canin-hypoallergenic-small-dog-2kg-10873.png;https://www.allendeshnos.cl/wp-content/uploads/2024/09/Small-Hypoallergenic.png;https://www.allendeshnos.cl/producto/royal-canin-hypoallergenic-small-dog-2kg/
royal-canin-royal-canin-hypoallergenic-small-dog-75kg;Allendes Hnos;Royal Canin;perro;adulto;Royal Canin Hypoallergenic Small Dog 7.5kg;"[""7,5kg""]";Alimento dietético completo para perros: para perros adultos de razas pequeñas (peso entre 1 y 10 kg). Alimento dietético completo para perros: para perros adultos de razas pequeñas (peso entre 1 y 10 kg).;;{};Imagenes_Alimentos/AllendesHnos/perros/royal-canin/royal-canin-royal-canin-hypoallergenic-small-dog-75kg-10874.png;https://www.allendeshnos.cl/wp-content/uploads/2024/09/Small-Hypoallergenic-7.5.png;https://www.allendeshnos.cl/producto/royal-canin-hypoallergenic-small-dog-7-5kg/
royal-canin-royal-canin-hypoallergenic-10kg;Allendes Hnos;Royal Canin;perro;adulto;Royal Canin Hypoallergenic 10kg;"[""10Kg""]";Alimento dietético completo para perros adultos. Alimento dietético completo para perros adultos.;;{};Imagenes_Alimentos/AllendesHnos/perros/royal-canin/royal-canin-royal-canin-hypoallergenic-10kg-10867.png;https://www.allendeshnos.cl/wp-content/uploads/2024/09/Hypoallergenic-10.png;https://www.allendeshnos.cl/producto/royal-canin-hypoallergenic-10kg/
royal-canin-royal-canin-hypoallergenic-2kg;Allendes Hnos;Royal Canin;perro;adulto;Royal Canin Hypoallergenic 2kg;"[""2Kg""]";Alimento dietético completo para perros adultos. Alimento dietético completo para perros adultos.;;{};Imagenes_Alimentos/AllendesHnos/perros/royal-canin/royal-canin-royal-canin-hypoallergenic-2kg-10868.png;https://www.allendeshnos.cl/wp-content/uploads/2024/09/Hypoallergenic.png;https://www.allendeshnos.cl/producto/royal-canin-hypoallergenic-2kg/
royal-canin-royal-canin-sheperd-junior-12kg;Allendes Hnos;Royal Canin;perro;cachorro;Royal Canin Sheperd Junior 12kg;"[""12kg""]";Alimento para perros cachorros de raza Pastor Alemán de 2 a 15 meses de edad. Alimento para perros cachorros de raza Pastor Alemán de 2 a 15 meses de edad.;;{};Imagenes_Alimentos/AllendesHnos/perros/royal-canin/royal-canin-royal-canin-sheperd-junior-12kg-10861.png;https://www.allendeshnos.cl/wp-content/uploads/2024/09/Pastor-Aleman-hasta-los-15-meses.png;https://www.allendeshnos.cl/producto/royal-canin-sheperd-junior12kg/
royal-canin-royal-canin-sheperd-adulto-12kg;Allendes Hnos;Royal Canin;perro;adulto;Royal Canin Sheperd Adulto 12kg;"[""12kg""]";Alimento completo para perros adultos de raza Pastor Alemán de más de 15 meses. Alimento completo para perros adultos de raza Pastor Alemán de más de 15 meses.;;{};Imagenes_Alimentos/AllendesHnos/perros/royal-canin/royal-canin-royal-canin-sheperd-adulto-12kg-10860.png;https://www.allendeshnos.cl/wp-content/uploads/2024/09/Pastor-Aleman.png;https://www.allendeshnos.cl/producto/royal-canin-sheperd-adulto-12kg/
royal-canin-royal-canin-giant-puppy-15kg;Allendes Hnos;Royal Canin;perro;cachorro;Royal Canin Giant Puppy 15kg;"[""15kg""]";Alimento para cachorros de talla gigante desde los 2 meses a los 8 meses de edad. Alimento para cachorros de talla gigante desde los 2 meses a los 8 meses de edad.;;{};Imagenes_Alimentos/AllendesHnos/perros/royal-canin/royal-canin-royal-canin-giant-puppy-15kg-10849.png;https://www.allendeshnos.cl/wp-content/uploads/2024/09/GIANT-puppy-15KG-1.png;https://www.allendeshnos.cl/producto/royal-canin-giant-puppy15kg/
royal-canin-royal-canin-giant-junior-15kg;Allendes Hnos;Royal Canin;perro;cachorro;Royal Canin Giant Junior 15kg;"[""15kg""]";Alimento para perros cachorros de talla gigante (peso adulto > 45 kg). Desde los 8 hasta los 18/24 meses de edad. Alimento para perros cachorros de talla gigante (peso adulto > 45 kg). Desde los 8 hasta los 18/24 meses de edad.;;{};Imagenes_Alimentos/AllendesHnos/perros/royal-canin/royal-canin-royal-canin-giant-junior-15kg-10848.png;https://www.allendeshnos.cl/wp-content/uploads/2024/09/GIANT-junior-15KG-1.png;https://www.allendeshnos.cl/producto/royal-canin-giant-junior15kg/
royal-canin-royal-canin-giant-adulto-15kg;Allendes Hnos;Royal Canin;perro;adulto;Royal Canin Giant Adulto 15kg;"[""15kg""]";Alimento para perros adultos de talla gigante a partir de los 18/24 meses de edad. Ayuda a mantener la vitalidad y forma ideal. Alimento para perros adultos de talla gigante a partir de los 18/24 meses de edad. Ayuda a mantener la vitalidad y forma ideal.;;{};Imagenes_Alimentos/AllendesHnos/perros/royal-canin/royal-canin-royal-canin-giant-adulto-15kg-10847.png;https://www.allendeshnos.cl/wp-content/uploads/2024/09/GIANT-ADUL-15KG.png;https://www.allendeshnos.cl/producto/royal-canin-giant-adulto-15kg/
royal-canin-royal-canin-poodle-adulto-75kg;Allendes Hnos;Royal Canin;perro;adulto;Royal Canin Poodle Adulto 7.5kg;"[""7,5kg""]";Alimento completo para perros – Especial para Caniches adultos y maduros – Mayores de 10 meses. Alimento completo para perros – Especial para Caniches adultos y maduros – Mayores de 10 meses.;;{};Imagenes_Alimentos/AllendesHnos/perros/royal-canin/royal-canin-royal-canin-poodle-adulto-75kg-10839.png;https://www.allendeshnos.cl/wp-content/uploads/2024/09/Poodle-7.5.png;https://www.allendeshnos.cl/producto/royal-canin-poodle-adulto-7-5kg/
royal-canin-royal-canin-poodle-adulto-3kg;Allendes Hnos;Royal Canin;perro;adulto;Royal Canin Poodle Adulto 3kg;"[""3kg""]";Alimento completo para perros – Especial para Caniches adultos y maduros – Mayores de 10 meses. Alimento completo para perros – Especial para Caniches adultos y maduros – Mayores de 10 meses.;;{};Imagenes_Alimentos/AllendesHnos/perros/royal-canin/royal-canin-royal-canin-poodle-adulto-3kg-10837.png;https://www.allendeshnos.cl/wp-content/uploads/2024/09/Poodle.png;https://www.allendeshnos.cl/producto/royal-canin-poodle-adulto-3kg/
royal-canin-royal-canin-poodle-adulto-25kg;Allendes Hnos;Royal Canin;perro;adulto;Royal Canin Poodle Adulto 2.5kg;"[""2,5kg""]";Alimento completo para perros – Especial para Caniches adultos y maduros – Mayores de 10 meses. Alimento completo para perros – Especial para Caniches adultos y maduros – Mayores de 10 meses.;;{};Imagenes_Alimentos/AllendesHnos/perros/royal-canin/royal-canin-royal-canin-poodle-adulto-25kg-10836.png;https://www.allendeshnos.cl/wp-content/uploads/2024/09/Poodle-2.5.png;https://www.allendeshnos.cl/producto/royal-canin-poodle-adulto-2-5kg/
royal-canin-royal-canin-poodle-adulto-1kg;Allendes Hnos;Royal Canin;perro;adulto;Royal Canin Poodle Adulto 1kg;"[""1kg""]";Alimento completo para perros – Especial para Caniches adultos y maduros – Mayores de 10 meses. Alimento completo para perros – Especial para Caniches adultos y maduros – Mayores de 10 meses.;;{};Imagenes_Alimentos/AllendesHnos/perros/royal-canin/royal-canin-royal-canin-poodle-adulto-1kg-10835.png;https://www.allendeshnos.cl/wp-content/uploads/2024/09/Poodle-1.png;https://www.allendeshnos.cl/producto/royal-canin-poodle-adulto-1kg/
royal-canin-royal-canin-mini-puppy-3kg;Allendes Hnos;Royal Canin;perro;cachorro;Royal Canin Mini Puppy 3kg;"[""3kg""]";Alimento para cachorros de talla pequeña de hasta 10 meses. Alimento para cachorros de talla pequeña de hasta 10 meses.;;{};Imagenes_Alimentos/AllendesHnos/perros/royal-canin/royal-canin-royal-canin-mini-puppy-3kg-10820.png;https://www.allendeshnos.cl/wp-content/uploads/2024/09/Royal-Canin-Mini-Puppy-3kg.png;https://www.allendeshnos.cl/producto/royal-canin-mini-puppy-3kg/
royal-canin-royal-canin-mini-puppy-75kg;Allendes Hnos;Royal Canin;perro;cachorro;Royal Canin Mini Puppy 7.5kg;"[""7,5kg""]";Alimento para cachorros de talla pequeña de hasta 10 meses. Alimento para cachorros de talla pequeña de hasta 10 meses.;;{};Imagenes_Alimentos/AllendesHnos/perros/royal-canin/royal-canin-royal-canin-mini-puppy-75kg-10821.png;https://www.allendeshnos.cl/wp-content/uploads/2024/09/Royal-Canin-Mini-Puppy-7.5.png;https://www.allendeshnos.cl/producto/royal-canin-mini-puppy-7-5kg/
royal-canin-royal-canin-mini-puppy-1kg;Allendes Hnos;Royal Canin;perro;cachorro;Royal Canin Mini Puppy 1kg;"[""1kg""]";Alimento para cachorros de talla pequeña de hasta 10 meses. Alimento para cachorros de talla pequeña de hasta 10 meses.;;{};Imagenes_Alimentos/AllendesHnos/perros/royal-canin/royal-canin-royal-canin-mini-puppy-1kg-10822.png;https://www.allendeshnos.cl/wp-content/uploads/2024/09/Royal-Canin-Mini-Puppy-1kg.png;https://www.allendeshnos.cl/producto/royal-canin-mini-puppy-1kg/
royal-canin-royal-canin-mini-adulto-12-3kg;Allendes Hnos;Royal Canin;perro;senior;Royal Canin Mini Adulto 12+ 3kg;"[""3kg""]";Alimento completo y balanceado para perros de razas pequeñas (<10 Kg). Desde los 8 hasta los 12 años de edad.;;{};Imagenes_Alimentos/AllendesHnos/perros/royal-canin/royal-canin-royal-canin-mini-adulto-12-3kg-10817.png;https://www.allendeshnos.cl/wp-content/uploads/2024/09/Mini-Ageing-12.png;https://www.allendeshnos.cl/producto/royal-canin-mini-adulto-12-3kg/
royal-canin-royal-canin-mini-adulto-8-1kg;Allendes Hnos;Royal Canin;perro;senior;Royal Canin Mini Adulto 8+ 1kg;"[""1kg""]";Alimento para perros maduros de talla pequeña (peso adulto hasta 10 kg). De 8 a 12 años de edad. Alimento para perros maduros de talla pequeña (peso adulto hasta 10 kg). De 8 a 12 años de edad.;;{};Imagenes_Alimentos/AllendesHnos/perros/royal-canin/royal-canin-royal-canin-mini-adulto-8-1kg-10807.png;https://www.allendeshnos.cl/wp-content/uploads/2024/09/Mini-Ageing-8-KG1.png;https://www.allendeshnos.cl/producto/royal-canin-mini-adulto-8-1kg/
royal-canin-royal-canin-mini-adulto-8-3kg;Allendes Hnos;Royal Canin;perro;senior;Royal Canin Mini Adulto 8+ 3kg;"[""3kg""]";Alimento para perros maduros de talla pequeña (peso adulto hasta 10 kg). De 8 a 12 años de edad. Alimento para perros maduros de talla pequeña (peso adulto hasta 10 kg). De 8 a 12 años de edad.;;{};Imagenes_Alimentos/AllendesHnos/perros/royal-canin/royal-canin-royal-canin-mini-adulto-8-3kg-10808.png;https://www.allendeshnos.cl/wp-content/uploads/2024/09/Mini-Ageing-8-KG3.png;https://www.allendeshnos.cl/producto/royal-canin-mini-adulto-8-3kg/
royal-canin-royal-canin-mini-adulto-75kg;Allendes Hnos;Royal Canin;perro;adulto;Royal Canin Mini Adulto 7.5kg;"[""7,5kg""]";Alimento para perros adultos de talla pequeña de los 10 meses a los 8 años de edad. Alimento para perros adultos de talla pequeña de los 10 meses a los 8 años de edad.;;{};Imagenes_Alimentos/AllendesHnos/perros/royal-canin/royal-canin-royal-canin-mini-adulto-75kg-10800.png;https://www.allendeshnos.cl/wp-content/uploads/2024/09/Mini-7.5.png;https://www.allendeshnos.cl/producto/royal-canin-mini-adulto-7-5kg/
royal-canin-royal-canin-mini-adulto-25kg;Allendes Hnos;Royal Canin;perro;adulto;Royal Canin Mini Adulto 2.5kg;"[""2,5kg""]";Alimento para perros adultos de talla pequeña de los 10 meses a los 8 años de edad. Alimento para perros adultos de talla pequeña de los 10 meses a los 8 años de edad.;;{};Imagenes_Alimentos/AllendesHnos/perros/royal-canin/royal-canin-royal-canin-mini-adulto-25kg-10799.png;https://www.allendeshnos.cl/wp-content/uploads/2024/09/Mini-2.5.png;https://www.allendeshnos.cl/producto/royal-canin-mini-adulto-2-5kg/
royal-canin-royal-canin-mini-adulto-1kg;Allendes Hnos;Royal Canin;perro;adulto;Royal Canin Mini Adulto 1kg;"[""1kg""]";Alimento para perros adultos de talla pequeña de los 10 meses a los 8 años de edad. Alimento para perros adultos de talla pequeña de los 10 meses a los 8 años de edad.;;{};Imagenes_Alimentos/AllendesHnos/perros/royal-canin/royal-canin-royal-canin-mini-adulto-1kg-10798.png;https://www.allendeshnos.cl/wp-content/uploads/2024/09/Mini-1kg.png;https://www.allendeshnos.cl/producto/royal-canin-mini-adulto-1kg/
royal-canin-royal-canin-gastrointestinal-canino-lata-6-und;Allendes Hnos;Royal Canin;perro;adulto;Royal Canin Gastrointestinal Canino lata (6 und);"[""385gr""]";Royal Canin Gastrointestinal High Energy es una alimento húmedo indicado para perros que precisan de alta energía, de gran palatabilidad, completo y equilibrado. Contiene una combinación de proteínas altamente digeribles, prebióticos y EPA y DHA ayuda a mantener la salud digestiva. Bajo en grasas y alto nivel de ácidos grasos esenciales. Royal Canin Gastrointestinal High Energy es una alimento húmedo indicado para perros que precisan de alta energía, de gran palatabilidad, completo y equilibrado.;;{};Imagenes_Alimentos/AllendesHnos/perros/royal-canin/royal-canin-royal-canin-gastrointestinal-canino-lata-6--10793.png;https://www.allendeshnos.cl/wp-content/uploads/2024/09/Lata-gastrointestinal.png;https://www.allendeshnos.cl/producto/royal-canin-gastrointestinal-canino-lata-6-und/
royal-canin-royal-canin-gastrointestinal-felino-lata-6-und;Allendes Hnos;Royal Canin;gato;adulto;Royal Canin Gastrointestinal Felino lata (6 und);"[""145gr""]";Alimento húmedo para gatos con diagnostico de problemas gastro intestinales. Royal Canin Latas Vet Diet Felino Gastro Intestinal High Energy es un alimento con un elevado nivel de energía, especialmente diseñado para la nutrición de los gatos con problemas digestivos o en estados de convalecencia y que necesiten de una recuperación rápida.;;{};Imagenes_Alimentos/AllendesHnos/gatos/royal-canin/royal-canin-royal-canin-gastrointestinal-felino-lata-6--10792.png;https://www.allendeshnos.cl/wp-content/uploads/2024/09/Lata-gastrointestinalnn.png;https://www.allendeshnos.cl/producto/royal-canin-gastrointestinal-felino-lata-6-und/
royal-canin-royal-canin-gastrointestinal-felino-15kg;Allendes Hnos;Royal Canin;gato;adulto;Royal Canin Gastrointestinal Felino 1.5kg;"[""1,5kg""]";Alimento completo para gatos adultos Alimento completo para gatos adultos;;{};Imagenes_Alimentos/AllendesHnos/gatos/royal-canin/royal-canin-royal-canin-gastrointestinal-felino-15kg-10786.png;https://www.allendeshnos.cl/wp-content/uploads/2024/09/Gastrointestinal-dog-gato-1.5.png;https://www.allendeshnos.cl/producto/royal-canin-gastrointestinal-felino-1-5kg/
royal-canin-royal-canin-gastrointestinal-felino-2kg;Allendes Hnos;Royal Canin;gato;adulto;Royal Canin Gastrointestinal Felino 2kg;"[""2Kg""]";Alimento completo para gatos adultos Alimento completo para gatos adultos;;{};Imagenes_Alimentos/AllendesHnos/gatos/royal-canin/royal-canin-royal-canin-gastrointestinal-felino-2kg-10787.png;https://www.allendeshnos.cl/wp-content/uploads/2024/09/Gastrointestinal-dog-gato-2.png;https://www.allendeshnos.cl/producto/royal-canin-gastrointestinal-felino-2kg/
royal-canin-royal-canin-gastrointestinal-canino-10kg;Allendes Hnos;Royal Canin;perro;adulto;Royal Canin Gastrointestinal Canino 10kg;"[""10kg""]";Alimento dietético completo para perros con problemas gastrointestinales. Alimento dietético completo para perros con problemas gastrointestinales.;;{};Imagenes_Alimentos/AllendesHnos/perros/royal-canin/royal-canin-royal-canin-gastrointestinal-canino-10kg-10780.png;https://www.allendeshnos.cl/wp-content/uploads/2024/09/Gastrointestinal-dog-10kg.png;https://www.allendeshnos.cl/producto/royal-canin-gastrointestinal-canino-10kg/
royal-canin-royal-canin-gastrointestinal-canino-2kg;Allendes Hnos;Royal Canin;perro;adulto;Royal Canin Gastrointestinal Canino 2kg;"[""2Kg""]";Alimento dietético completo para perros con problemas gastrointestinales. Alimento dietético completo para perros con problemas gastrointestinales.;;{};Imagenes_Alimentos/AllendesHnos/perros/royal-canin/royal-canin-royal-canin-gastrointestinal-canino-2kg-10781.png;https://www.allendeshnos.cl/wp-content/uploads/2024/09/Gastrointestinal-dog-2.png;https://www.allendeshnos.cl/producto/royal-canin-gastrointestinal-canino-2kg/
royal-canin-royal-canin-diabetic-felino-15kg;Allendes Hnos;Royal Canin;gato;adulto;Royal Canin Diabetic Felino 1.5kg;"[""1,5kg""]";Alimento dietético completo para gatos adultos. Alimento dietético completo para gatos adultos.;;{};Imagenes_Alimentos/AllendesHnos/gatos/royal-canin/royal-canin-royal-canin-diabetic-felino-15kg-10774.png;https://www.allendeshnos.cl/wp-content/uploads/2024/09/Diabetic-gato.png;https://www.allendeshnos.cl/producto/royal-canin-diabetic-felino-1-5kg/
royal-canin-royal-canin-diabetic-canino-10kg;Allendes Hnos;Royal Canin;perro;adulto;Royal Canin Diabetic Canino 10kg;"[""10Kg""]";Alimento dietético completo para perros adultos. Alimento dietético completo para perros adultos.;;{};Imagenes_Alimentos/AllendesHnos/perros/royal-canin/royal-canin-royal-canin-diabetic-canino-10kg-10773.png;https://www.allendeshnos.cl/wp-content/uploads/2024/09/Diabetic.png;https://www.allendeshnos.cl/producto/royal-canin-diabetic-canino-10kg/
royal-canin-royal-canin-dachshund-puppy-25kg;Allendes Hnos;Royal Canin;perro;cachorro;Royal Canin Dachshund Puppy 2.5kg;"[""2,5kg""]";Alimento para cachorros de raza Dachshund. De 2 a 10 meses de edad. Alimento para cachorros de raza Dachshund. De 2 a 10 meses de edad.;;{};Imagenes_Alimentos/AllendesHnos/perros/royal-canin/royal-canin-royal-canin-dachshund-puppy-25kg-10757.png;https://www.allendeshnos.cl/wp-content/uploads/2024/09/Dachshund-pupy-2.5.png;https://www.allendeshnos.cl/producto/royal-canin-dachshund-puppy-2-5kg/
royal-canin-royal-canin-dachshund-adulto-75kg;Allendes Hnos;Royal Canin;perro;adulto;Royal Canin Dachshund Adulto 7.5kg;"[""7,5kg""]";Alimento completo para perros de raza Teckel de más de 10 meses. Alimento completo para perros de raza Teckel de más de 10 meses.;;{};Imagenes_Alimentos/AllendesHnos/perros/royal-canin/royal-canin-royal-canin-dachshund-adulto-75kg-10765.png;https://www.allendeshnos.cl/wp-content/uploads/2024/09/Dachshund-adulto-7.5.png;https://www.allendeshnos.cl/producto/royal-canin-dachshund-adulto-7-5kg/
royal-canin-royal-canin-dachshund-adulto-25kg;Allendes Hnos;Royal Canin;perro;adulto;Royal Canin Dachshund Adulto 2.5kg;"[""2,5kg""]";Alimento completo para perros de raza Teckel de más de 10 meses. Alimento completo para perros de raza Teckel de más de 10 meses.;;{};Imagenes_Alimentos/AllendesHnos/perros/royal-canin/royal-canin-royal-canin-dachshund-adulto-25kg-10755.png;https://www.allendeshnos.cl/wp-content/uploads/2024/09/dachshund-2.5.png;https://www.allendeshnos.cl/producto/royal-canin-dachshund-adulto-2-5kg/
royal-canin-royal-canin-chihuahua-adulto-1kg;Allendes Hnos;Royal Canin;perro;adulto;Royal Canin Chihuahua Adulto 1kg;"[""1kg""]";Alimento para perros adultos de raza Chihuahua. A partir de los 8 meses de edad. Alimento para perros adultos de raza Chihuahua. A partir de los 8 meses de edad.;;{};Imagenes_Alimentos/AllendesHnos/perros/royal-canin/royal-canin-royal-canin-chihuahua-adulto-1kg-10754.png;https://www.allendeshnos.cl/wp-content/uploads/2024/09/Chihuahua.png;https://www.allendeshnos.cl/producto/royal-canin-chihuahua-adulto-1kg/
royal-canin-royal-canin-castrados-weight-control-15kg;Allendes Hnos;Royal Canin;gato;adulto;Royal Canin Castrados Weight Control 1.5kg;"[""1,5kg""]";Royal Canin Weight Control es un alimento para gatos adultos castrados o con tendencia al aumento de peso desde la castración hasta los siete años de edad. Alimento seco para gatos;;{};Imagenes_Alimentos/AllendesHnos/gatos/royal-canin/royal-canin-royal-canin-castrados-weight-control-15kg-10753.png;https://www.allendeshnos.cl/wp-content/uploads/2024/09/Gatos-castrados.png;https://www.allendeshnos.cl/producto/royal-canin-castrados-weight-control-1-5kg/
royal-canin-royal-canin-cardiac-canino-10kg;Allendes Hnos;Royal Canin;perro;adulto;Royal Canin Cardiac Canino 10kg;"[""10Kg""]";Alimento para perros con problemas cardiacos ROYAL CANIN® CARDIAC es un alimento completo y equilibrado especialmente formulado para ayudar a la función cardíaca en caso de insuficiencia cardíaca crónica. Está recomendado para perros que tienen enfermedades cardíacas en fase I, II y III (para la fese IV se recomienda CARDIAC CANINE HÚMEDO ya que tiene un contenido más limitado de sodio). Es una fórmula especial para la hipertensión y la insuficiencia cardíaca congestiva.;;{};Imagenes_Alimentos/AllendesHnos/perros/royal-canin/royal-canin-royal-canin-cardiac-canino-10kg-10745.png;https://www.allendeshnos.cl/wp-content/uploads/2024/09/Cardiac-10.png;https://www.allendeshnos.cl/producto/royal-canin-cardiac-canino-10kg/
royal-canin-royal-canin-cardiac-canino-2kg;Allendes Hnos;Royal Canin;perro;adulto;Royal Canin Cardiac Canino 2kg;"[""2Kg""]";Alimento para perros con problemas cardiacos ROYAL CANIN® CARDIAC es un alimento completo y equilibrado especialmente formulado para ayudar a la función cardíaca en caso de insuficiencia cardíaca crónica. Está recomendado para perros que tienen enfermedades cardíacas en fase I, II y III (para la fese IV se recomienda CARDIAC CANINE HÚMEDO ya que tiene un contenido más limitado de sodio). Es una fórmula especial para la hipertensión y la insuficiencia cardíaca congestiva.;;{};Imagenes_Alimentos/AllendesHnos/perros/royal-canin/royal-canin-royal-canin-cardiac-canino-2kg-10748.png;https://www.allendeshnos.cl/wp-content/uploads/2024/09/Cardiac.png;https://www.allendeshnos.cl/producto/royal-canin-cardiac-canino-2kg/
royal-canin-royal-canin-calm-felino-2kg;Allendes Hnos;Royal Canin;gato;adulto;Royal Canin Calm Felino 2kg;"[""2Kg""]";Ayuda a los gatos a afrontar situaciones de estrés – Contribuye a combatir los trastornos digestivos cutáneos y urinarios relacionados con el estrés. Ayuda a los gatos a afrontar situaciones de estrés – Contribuye a combatir los trastornos digestivos cutáneos y urinarios relacionados con el estrés.;;{};Imagenes_Alimentos/AllendesHnos/gatos/royal-canin/royal-canin-royal-canin-calm-felino-2kg-10744.png;https://www.allendeshnos.cl/wp-content/uploads/2024/09/calm-gato.png;https://www.allendeshnos.cl/producto/royal-canin-calm-felino-2kg/
royal-canin-bulldog-frances-junior-3kg;Allendes Hnos;Royal Canin;perro;cachorro;Bulldog Francés Junior 3kg;"[""3kg""]";Alimento para perros cachorros de raza Bulldog Francés de 2 a 12 meses de edad. Alimento para perros cachorros de raza Bulldog Francés de 2 a 12 meses de edad.;;{};Imagenes_Alimentos/AllendesHnos/perros/royal-canin/royal-canin-bulldog-frances-junior-3kg-10740.png;https://www.allendeshnos.cl/wp-content/uploads/2024/09/Bulldog-junior.png;https://www.allendeshnos.cl/producto/bulldog-frances-junior-3kg/
royal-canin-royal-canin-bulldog-frances-75kg;Allendes Hnos;Royal Canin;perro;adulto;Royal Canin Bulldog Frances 7.5kg;"[""7,5kg""]";Alimento completo para perros de raza Bulldog Francés. A partir de los 12 meses de edad. Alimento completo para perros de raza Bulldog Francés. A partir de los 12 meses de edad.;;{};Imagenes_Alimentos/AllendesHnos/perros/royal-canin/royal-canin-royal-canin-bulldog-frances-75kg-10727.png;https://www.allendeshnos.cl/wp-content/uploads/2024/09/Bulldog-Frances-7.5.png;https://www.allendeshnos.cl/producto/royal-canin-bulldog-frances-7-5kg/
royal-canin-royal-canin-bulldog-frances-3kg;Allendes Hnos;Royal Canin;perro;adulto;Royal Canin Bulldog Frances 3kg;"[""3kg""]";Alimento completo para perros de raza Bulldog Francés. A partir de los 12 meses de edad. Alimento completo para perros de raza Bulldog Francés. A partir de los 12 meses de edad.;;{};Imagenes_Alimentos/AllendesHnos/perros/royal-canin/royal-canin-royal-canin-bulldog-frances-3kg-10735.png;https://www.allendeshnos.cl/wp-content/uploads/2024/09/Bulldog-Frances.png;https://www.allendeshnos.cl/producto/royal-canin-bulldog-frances-3kg/
royal-canin-royal-canin-beagle-adulto-3kg;Allendes Hnos;Royal Canin;perro;adulto;Royal Canin Beagle Adulto 3kg;"[""3kg""]";Alimento completo para perros – Especial para Beagles adultos y maduros – Mayores de 12 meses. Alimento completo para perros – Especial para Beagles adultos y maduros – Mayores de 12 meses.;;{};Imagenes_Alimentos/AllendesHnos/perros/royal-canin/royal-canin-royal-canin-beagle-adulto-3kg-10726.png;https://www.allendeshnos.cl/wp-content/uploads/2024/09/beagle.png;https://www.allendeshnos.cl/producto/royal-canin-beagle-adulto-3kg/
royal-canin-royal-canin-babycat-milk-03kg;Allendes Hnos;Royal Canin;gato;cachorro;Royal Canin BabyCat Milk 0.3kg;"[""0,3 kg""]";Leche en polvo para gatitos desde el nacimiento hasta el destete Royal Canin® Babycat Milk® Es el alimento perfecto para gatitos de grandes camadas o huérfanos, desde el nacimiento hasta el destete (0-2 meses), ideal para reemplazar la leche materna gracias a sus proteínas ultradigestibles y enriquecida en DHA. Gracias a esta leche de iniciación de Royal Canin®, el sistema digestivo de los gatitos se encuentra protegido pues contiene la cantidad de lactosa que se encuentra normalmente en la leche materna y adicionalmente, no contiene almidón ya que los gatitos no desarrollan la capacidad para digerirlo hasta la etapa del destete.;;{};Imagenes_Alimentos/AllendesHnos/gatos/royal-canin/royal-canin-royal-canin-babycat-milk-03kg-10725.png;https://www.allendeshnos.cl/wp-content/uploads/2024/09/BabyCAT-Milk.png;https://www.allendeshnos.cl/producto/royal-canin-babycat-milk-0-3kg/
royal-canin-royal-canin-baby-dog-milk-04kg;Allendes Hnos;Royal Canin;perro;cachorro;Royal Canin Baby Dog Milk 0.4kg;"[""400gr""]";Está particularmente adaptada para el sistema digestivo del cachorro, porque no contiene almidón (los cachorros no secretan suficiente amilasa para digerir el almidón). Finalmente, la adición de Fructo-Oligo-Sacáridos (FOS) ayuda a mantener un balance saludable de la flora digestiva. Está particularmente adaptada para el sistema digestivo del cachorro, porque no contiene almidón (los cachorros no secretan suficiente amilasa para digerir el almidón). Finalmente, la adición de Fructo-Oligo-Sacáridos (FOS) ayuda a mantener un balance saludable de la flora digestiva.;;{};Imagenes_Alimentos/AllendesHnos/perros/royal-canin/royal-canin-royal-canin-baby-dog-milk-04kg-10724.png;https://www.allendeshnos.cl/wp-content/uploads/2024/09/BabyDog-Milk.png;https://www.allendeshnos.cl/producto/royal-canin-baby-dog-milk-0-4kg/
royal-canin-royal-canin-anallergenic-feline-2kg;Allendes Hnos;Royal Canin;gato;adulto;Royal Canin Anallergenic Feline 2kg;"[""2Kg""]";Alimento dietético completo para gatos adultos. Alimento dietético completo para gatos adultos.;;{};Imagenes_Alimentos/AllendesHnos/gatos/royal-canin/royal-canin-royal-canin-anallergenic-feline-2kg-10720.png;https://www.allendeshnos.cl/wp-content/uploads/2024/09/Anallergenic-gato-.png;https://www.allendeshnos.cl/producto/royal-canin-anallergenic-feline-2kg/
royal-canin-royal-canin-anallergenic-can-3kg;Allendes Hnos;Royal Canin;perro;adulto;Royal Canin Anallergenic Can 3kg;"[""3kg""]";Alimento seco para perros adultos con una reacción adversa al alimento severos o refractarios a otras dietas hipoalergénicas. Primera dieta utilizada de eliminación. Alimento seco para perros adultos con una reacción adversa al alimento severos o refractarios a otras dietas hipoalergénicas. Primera dieta utilizada de eliminación.;;{};Imagenes_Alimentos/AllendesHnos/perros/royal-canin/royal-canin-royal-canin-anallergenic-can-3kg-10710.png;https://www.allendeshnos.cl/wp-content/uploads/2024/09/Anallergenic-.png;https://www.allendeshnos.cl/producto/royal-canin-anallergenic-can-3kg/
royal-canin-royal-canin-ageing-12felino-pouch-12-und;Allendes Hnos;Royal Canin;gato;senior;Royal Canin Ageing 12+Felino Pouch (12 und);"[""85gr""]";Royal Canin Feline Ageing 12+ Húmedo cuida la salud de los gatos maduros y cumple con sus necesidades nutricionales, aportando todas las proteínas, vitaminas y minerales que necesitan para mantenerse saludables y activos. Royal Canin Feline Ageing 12+ Húmedo cuida la salud de los gatos maduros y cumple con sus necesidades nutricionales, aportando todas las proteínas, vitaminas y minerales que necesitan para mantenerse saludables y activos.;;{};Imagenes_Alimentos/AllendesHnos/gatos/royal-canin/royal-canin-royal-canin-ageing-12felino-pouch-12-und-10709.png;https://www.allendeshnos.cl/wp-content/uploads/2024/09/Ageing-12Felino-Pouch.png;https://www.allendeshnos.cl/producto/royal-canin-ageing-12felino-pouch-12-und/
royal-canin-royal-canin-ageing-12-2kg;Allendes Hnos;Royal Canin;gato;senior;Royal Canin Ageing 12+ 2kg;"[""2Kg""]";Alimento completo y balanceado para gatos senior a partir de los 12 años. Alimento completo y balanceado para gatos senior a partir de los 12 años.;;{};Imagenes_Alimentos/AllendesHnos/gatos/royal-canin/royal-canin-royal-canin-ageing-12-2kg-10708.png;https://www.allendeshnos.cl/wp-content/uploads/2024/09/Royal-Canin-Feline-Ageing-12-2kg.png;https://www.allendeshnos.cl/producto/royal-canin-ageing-12-2kg/
royal-canin-royal-canin-adulto-felino-sterilised-15kg;Allendes Hnos;Royal Canin;gato;adulto;Royal Canin Adulto Felino Sterilised 1.5kg;"[""1.5kg""]";Alimento completo y balanceado para gatos – Especialmente para gatos esterilizados (de 1 a 7 años). Beneficios Manejo de peso : Después de la esterilización los requerimientos energéticos de los gatos disminuyen. Sterilised ayuda a limitar el riesgo de aumento de peso excesivo gracias a un nivel moderado de grasa y raciones diarias adecuadas. Salud urinaria: Los gatos neutralizados tienen un mayor riesgo de desarrollar cálculos urinarios. Sterilised ayuda a mantener un sistema urinario saludable al proporcionar un equilibrio mineral adecuado. Alto contenido de proteínas: Después de castrar los gatos tienden a engordar. Sterilised ayuda a mantener la masa muscular gracias a un alto contenido de proteínas. Enriquecido con L-Carnitina: La L-carnitina está involucrada en el metabolismo de las grasas. Alimento completo y balanceado para gatos – Especialmente para gatos esterilizados (de 1 a 7 años).;;{};Imagenes_Alimentos/AllendesHnos/gatos/royal-canin/royal-canin-royal-canin-adulto-felino-sterilised-15kg-10704.png;https://www.allendeshnos.cl/wp-content/uploads/2024/09/Regular-Sterilised-2.png;https://www.allendeshnos.cl/producto/royal-canin-adulto-felino-sterilised-1-5kg/
royal-canin-royal-canin-adult-instinctive-lata-6-und;Allendes Hnos;Royal Canin;gato;adulto;Royal Canin Adult Instinctive Lata (6 und);"[""145gr""]";Una fórmula instintivamente preferida por los gatos adultos. Tiene un perfil de Macro Nutrientes Específicos (PMN) (proporción de grasas, proteínas e hidratos de carbono) que es instintivamente preferido por los gatos adultos. Esto ayuda a asegurar a que el gato disfrute de su comida y se beneficie de todos los nutrientes incluidos en la fórmula. La Lata Adult instinctive 145g – Royal Canin es un alimento húmedo recomendado para gatos adultos a partir del año de vida. Esta principalmente enfocado a felinos que poseen un nivel moderado de energía y un intenso sabor, estas croquetas en salsa son ideales para gatos con un paladar mas selectivo o simplemente aquellos que prefieren la comida húmeda. Su fórmula mantiene un peso saludable y el correcto funcionamiento del sistema urinario. Latas de 145 g.;;{};Imagenes_Alimentos/AllendesHnos/gatos/royal-canin/royal-canin-royal-canin-adult-instinctive-lata-6-und-10701.png;https://www.allendeshnos.cl/wp-content/uploads/2024/09/Adult-Instinctive-Lata.png;https://www.allendeshnos.cl/producto/royal-canin-adult-instinctive-lata-6-und/
royal-canin-royal-canin-adult-beauty-can-lata-6-und;Allendes Hnos;Royal Canin;perro;adulto;Royal Canin Adult Beauty Can Lata (6 und);"[""150gr""]";Royal Canin Adult Beauty es un alimento completo para perros de razas pequeñas a partir de los 10 meses de edad (menos de 10kg en edad adulta). Se encuentra elaborada pensando en el desarrollo y mantenimiento de una piel saludable ya que se encuentra enriquecida con proteínas de alta calidad, ácidos grasos esenciales, fibra, minerales y vitaminas que apoyan la salud óptima de la piel. Royal Canin Adult Beauty es un alimento completo para perros de razas pequeñas a partir de los 10 meses de edad (menos de 10kg en edad adulta);;{};Imagenes_Alimentos/AllendesHnos/perros/royal-canin/royal-canin-royal-canin-adult-beauty-can-lata-6-und-10697.png;https://www.allendeshnos.cl/wp-content/uploads/2024/09/Lata-Adulto-Beauty-.png;https://www.allendeshnos.cl/producto/royal-canin-adult-beauty-can-lata-6-und/
royal-canin-royal-canin-active-7-15kg;Allendes Hnos;Royal Canin;gato;senior;Royal Canin Active 7+ 1.5kg;"[""1,5kg""]";Alimento para gatos maduros con acceso al exterior – A partir de los 7 años de edad. BENEFICIOS – Complejo de vitalidad: Para ayudar a combatir los primeros efectos del envejecimiento y a mantener la vitalidad de los gatos Outdoor 7+, contiene un complejo de nutrientes activos y ácidos grasos esenciales. -Salud renal: Ayuda mantener la salud renal gracias a un nivel adaptado de fósforo. -Salud urinaria: Formulado para ayudar mantener la salud urinaria del gato maduro. Alimento para gatos maduros con acceso al exterior – A partir de los 7 años de edad.;;{};Imagenes_Alimentos/AllendesHnos/gatos/royal-canin/royal-canin-royal-canin-active-7-15kg-10693.png;https://www.allendeshnos.cl/wp-content/uploads/2024/09/Active-life-7.png;https://www.allendeshnos.cl/producto/royal-canin-active-7-1-5kg/
can-masko-can-18kg;Allendes Hnos;Can;perro;adulto;Masko Can 18kg;"[""18kg""]";Formula que contienen ingredientes balanceados y altamente digestibles, para un mejor aprovechamiento de los nutrientes. Delicioso sabor de Leche y Cereales junto a un alto nivel de crocancia del alimento, mejoran la textura y aceptación del producto. Contiene aditivos funcionales específicos, dirigidos a reforzar aspectos claves del organismo de su mascota. Masko es una línea de alta calidad nutricional, con una fórmula equilibrada en sus nutrientes e irresistible para la mascota. Fabricada en base a materias primas cuidadosamente seleccionadas y dosificadas, este alimento asegura óptimos niveles de digestibilidad y palatabilidad.;balanceados y altamente digestibles, para un mejor aprovechamiento de los nutrientes. Delicioso sabor de Leche y Cereales junto a un alto nivel de crocancia del alimento, mejoran la textura y aceptación del producto. Contiene aditivos funcionales específicos, dirigidos a reforzar aspectos claves del organismo de su mascota. Masko es una línea de alta calidad nutricional, con una fórmula equilibrada en sus nutrientes e irresistible para la mascota. Fabricada en base a materias primas cuidadosamente seleccionadas y dosificadas, este alimento asegura óptimos niveles de digestibilidad y palatabilidad.;{};Imagenes_Alimentos/AllendesHnos/perros/can/can-masko-can-18kg-10640.png;https://www.allendeshnos.cl/wp-content/uploads/2024/09/masko-18-kg.png;https://www.allendeshnos.cl/producto/masko-can-18kg/
sabrocat-sabrocat-8kg;Allendes Hnos;Sabrocat;gato;adulto;Sabrocat 8kg;"[""8kg""]";Sabrocat es un alimento balanceado que satisface los requerimientos nutricionales de su gato.  Su fórmula contiene todos los nutrientes: proteínas, grasa, carbohidratos, vitaminas y minerales necesarios para que su mascota se mantenga saludable.;;{};Imagenes_Alimentos/AllendesHnos/gatos/sabrocat/sabrocat-sabrocat-8kg-10587.png;https://www.allendeshnos.cl/wp-content/uploads/2024/03/sabrocat8.png;https://www.allendeshnos.cl/producto/sabrocat-8kg/
cat-chow-cat-chow-pescado-24kg;Allendes Hnos;Cat Chow;gato;adulto;Cat Chow Pescado 24kg;"[""24kg""]";PURINA® CAT CHOW® es Salud Física y Emocional toda la vida para tu gato, ya que está especialmente formulado para satisfacer los requerimientos nutricionales específicos de gatitos, gatos adultos, gatos de edad avanzada, gatos que viven en interiores y gatos muy activos. Y siempre con la garantía de saber que PURINA® CAT CHOW® está hecho con ingredientes balanceados combinados en una mezcla de deliciosos sabores para cada edad y estilo de vida. Proteína de alta digestibilidad (harina de pollo) • Rico en proteína animal que favorece un desarrollo muscular sano • Antioxidantes naturales para un sistema inmunológico fuerte (reduce problemas respiratorios) • Taurina para un corazón y una vista sana PURINA® CAT CHOW® es Salud Física y Emocional toda la vida para tu gato, ya que está especialmente formulado para satisfacer los requerimientos nutricionales específicos de gatitos, gatos adultos, gatos de edad avanzada, gatos que viven en interiores y gatos muy activos. Y siempre con la garantía de saber que PURINA® CAT CHOW® está hecho con ingredientes balanceados combinados en una mezcla de deliciosos sabores para cada edad y estilo de vida.;balanceados combinados en una mezcla de deliciosos sabores para cada edad y estilo de vida. Proteína de alta digestibilidad (harina de pollo) • Rico en proteína animal que favorece un desarrollo muscular sano • Antioxidantes naturales para un sistema inmunológico fuerte (reduce problemas respiratorios) • Taurina para un corazón y una vista sana PURINA® CAT CHOW® es Salud Física y Emocional toda la vida para tu gato, ya que está especialmente formulado para satisfacer los requerimientos nutricionales específicos de gatitos, gatos adultos, gatos de edad avanzada, gatos que viven en interiores y gatos muy activos. Y siempre con la garantía de saber que PURINA® CAT CHOW® está hecho con ingredientes balanceados combinados en una mezcla de deliciosos sabores para cada edad y estilo de vida.;{};Imagenes_Alimentos/AllendesHnos/gatos/cat-chow/cat-chow-cat-chow-pescado-24kg-10571.png;https://www.allendeshnos.cl/wp-content/uploads/2024/03/cat-chow-pescado-24kg.png;https://www.allendeshnos.cl/producto/cat-chow-pescado-24kg/
cat-chow-cat-chow-adulto-carne-24kg;Allendes Hnos;Cat Chow;gato;adulto;Cat Chow Adulto Carne 24kg;"[""24kg""]";Alimento para gatos Adultos de todos los tamaños CAT CHOW® Delicias sabor Carne. Ayuda a reducir el cúmulo de sarro. Con prebiótico natural. Sin colorantes ni sabores artificiales. 100% completo y balanceado. Beneficios Ayuda a reducir el cúmulo de sarro Refuerza la protección del tracto urinario Piel y pelo saludables NUEVA FÓRMULA CON DEFENSE PLUS Ayuda a fortalecer las defensas naturales. Con hierro que ayuda a desarrollar músculos fuertes.;;{};Imagenes_Alimentos/AllendesHnos/gatos/cat-chow/cat-chow-cat-chow-adulto-carne-24kg-10565.png;https://www.allendeshnos.cl/wp-content/uploads/2024/03/cat-chow-24kg.png;https://www.allendeshnos.cl/producto/cat-chow-adulto-carne-24kg/
biomaster-biomaster-adultos-3kg;Allendes Hnos;Biomaster;perro;adulto;Biomaster Adultos 3kg;"[""3kg""]";BIOMASTER ADULTOS, es un alimento premium, completo y balanceado para perros adultos a partir de 1 año de vida. Formulado por médicos veterinarios, con ingredientes seleccionados de alta calidad y enriquecido con vitaminas y minerales, que le brindan a tu mascota una vida saludable. El alimento BIOMASTER ADULTOS cumple con el perfil nutricional establecido por AAFCO (Association of American Feed Control Officials) para la mantención de perros adultos. Biomaster Adulto, sabor carne 3 KG;seleccionados de alta calidad y enriquecido con vitaminas y minerales, que le brindan a tu mascota una vida saludable. El alimento BIOMASTER ADULTOS cumple con el perfil nutricional establecido por AAFCO (Association of American Feed Control Officials) para la mantención de perros adultos. Biomaster Adulto, sabor carne 3 KG;{};Imagenes_Alimentos/AllendesHnos/perros/biomaster/biomaster-biomaster-adultos-3kg-10441.png;https://www.allendeshnos.cl/wp-content/uploads/2023/12/adulto-3kg.png;https://www.allendeshnos.cl/producto/biomaster-adultos-3kg/
biomaster-biomaster-adultos-15kg;Allendes Hnos;Biomaster;perro;adulto;Biomaster Adultos 15kg;"[""15kg""]";BIOMASTER ADULTOS, es un alimento premium, completo y balanceado para perros adultos a partir de 1 año de vida. Formulado por médicos veterinarios, con ingredientes seleccionados de alta calidad y enriquecido con vitaminas y minerales, que le brindan a tu mascota una vida saludable. El alimento BIOMASTER ADULTOS cumple con el perfil nutricional establecido por AAFCO (Association of American Feed Control Officials) para la mantención de perros adultos. Biomaster Adulto, sabor carne 15 KG;seleccionados de alta calidad y enriquecido con vitaminas y minerales, que le brindan a tu mascota una vida saludable. El alimento BIOMASTER ADULTOS cumple con el perfil nutricional establecido por AAFCO (Association of American Feed Control Officials) para la mantención de perros adultos. Biomaster Adulto, sabor carne 15 KG;{};Imagenes_Alimentos/AllendesHnos/perros/biomaster/biomaster-biomaster-adultos-15kg-10440.png;https://www.allendeshnos.cl/wp-content/uploads/2023/12/adulto-15kg.png;https://www.allendeshnos.cl/producto/biomaster-adultos-15kg/
biomaster-biomaster-cachorros-3kg;Allendes Hnos;Biomaster;perro;cachorro;Biomaster Cachorros 3kg;"[""3kg""]";BIOMASTER CACHORROS, es un alimento premium, completo y balanceado para perros cachorros y también para madres en gestación y lactancia. Formulado por médicos veterinarios, con ingredientes seleccionados de alta calidad, enriquecido con vitaminas y minerales, que le brindan a tu mascota una vida saludable. El alimento BIOMASTER CACHORROS cumple con el perfil nutricional establecido por AAFCO (Association of American Feed Control Officials) para el crecimiento de cachorros y reproducción. BIOMASTER cachorros y madres en gestación y lactancia 3 KG;seleccionados de alta calidad, enriquecido con vitaminas y minerales, que le brindan a tu mascota una vida saludable. El alimento BIOMASTER CACHORROS cumple con el perfil nutricional establecido por AAFCO (Association of American Feed Control Officials) para el crecimiento de cachorros y reproducción. BIOMASTER cachorros y madres en gestación y lactancia 3 KG;{};Imagenes_Alimentos/AllendesHnos/perros/biomaster/biomaster-biomaster-cachorros-3kg-10437.png;https://www.allendeshnos.cl/wp-content/uploads/2023/12/cachorro-3kg.png;https://www.allendeshnos.cl/producto/biomaster-cachorros-3kg/
biomaster-biomaster-cachorros-9kg;Allendes Hnos;Biomaster;perro;cachorro;Biomaster Cachorros 9kg;"[""9kg""]";BIOMASTER CACHORROS, es un alimento premium, completo y balanceado para perros cachorros y también para madres en gestación y lactancia. Formulado por médicos veterinarios, con ingredientes seleccionados de alta calidad, enriquecido con vitaminas y minerales, que le brindan a tu mascota una vida saludable. El alimento BIOMASTER CACHORROS cumple con el perfil nutricional establecido por AAFCO (Association of American Feed Control Officials) para el crecimiento de cachorros y reproducción. BIOMASTER cachorros y madres en gestación y lactancia 9 KG;seleccionados de alta calidad, enriquecido con vitaminas y minerales, que le brindan a tu mascota una vida saludable. El alimento BIOMASTER CACHORROS cumple con el perfil nutricional establecido por AAFCO (Association of American Feed Control Officials) para el crecimiento de cachorros y reproducción. BIOMASTER cachorros y madres en gestación y lactancia 9 KG;{};Imagenes_Alimentos/AllendesHnos/perros/biomaster/biomaster-biomaster-cachorros-9kg-10431.png;https://www.allendeshnos.cl/wp-content/uploads/2023/12/cachorro-9kg.png;https://www.allendeshnos.cl/producto/biomaster-cachorros-9kg/
best-balance-best-balance-gato-20-kg;Allendes Hnos;Best Balance;gato;adulto;Best Balance Gato 20 KG;"[""20kg""]";Incluye Semilla de linaza: gran fuente de fibra dietética potenciando la función digestiva. Rica en ácidos grasos, agentes reductores de colesterol. Prebióticos: manteniendo en condiciones óptimas el ambiente del tracto intestinal para asegurar la utilización de nutrientes. Vitaminas y Minerales: ayudando a mantener órganos sanos y mejorar su sistema inmunológico. Best Balance Gato 20 KG;;{};Imagenes_Alimentos/AllendesHnos/gatos/best-balance/best-balance-best-balance-gato-20-kg-10346.png;https://www.allendeshnos.cl/wp-content/uploads/2023/11/Best-Balance-Gato-Adulto-Todas-las-razas-3.png;https://www.allendeshnos.cl/producto/best-balance-gato-20-kg/
best-balance-best-balance-gato-8-kg;Allendes Hnos;Best Balance;gato;adulto;Best Balance Gato 8 KG;"[""8kg""]";Incluye Semilla de linaza: gran fuente de fibra dietética potenciando la función digestiva. Rica en ácidos grasos, agentes reductores de colesterol. Prebióticos: manteniendo en condiciones óptimas el ambiente del tracto intestinal para asegurar la utilización de nutrientes. Vitaminas y Minerales: ayudando a mantener órganos sanos y mejorar su sistema inmunológico. Best Balance Gato 8 KG;;{};Imagenes_Alimentos/AllendesHnos/gatos/best-balance/best-balance-best-balance-gato-8-kg-10345.png;https://www.allendeshnos.cl/wp-content/uploads/2023/11/Best-Balance-Gato-Adulto-Todas-las-razas-2-1.png;https://www.allendeshnos.cl/producto/best-balance-gato-8-kg/
cachupin-cachupin-galleta-adulto-24-und;Allendes Hnos;Cachupin;perro;adulto;Cachupin Galleta Adulto (24 und);"[""220 gr""]";Galletas para perros de todas las edades, 100% horneadas y mas saludables.   Ayuda a cuidar sus dientes y remueve restos de alimento, ideal para procesos de adiestramientos y salidas al parque con tu mascota. Se recomienda entregar las galletas como complemento de su alimentación diario, para eso toma como referencia la tabla de raciones diarias. Cachupin Galleta Adulto 220 gr;;{};Imagenes_Alimentos/AllendesHnos/perros/cachupin/cachupin-cachupin-galleta-adulto-24-und-10127.png;https://www.allendeshnos.cl/wp-content/uploads/2023/11/Cachupin-websdd.png;https://www.allendeshnos.cl/producto/cachupin-galleta-adulto/
animal-planet-nutribalance-animal-planet-nutribalance-cachorro-raza-mediana-y-grande-12kg;Allendes Hnos;Animal Planet Nutribalance;perro;cachorro;Animal Planet Nutribalance Cachorro Raza Mediana y Grande 12kg;"[""12kg""]";Desde el momento del destete los cachorros de razas medianas y grandes, necesitan un buen alimento que aporte un nivel nutricional adecuado para alcanzar un óptimo crecimiento y desarrollo. Al tener la bolsa cirre zipper tipo velcro, mantiene todas las características organolépticas del producto. Con beneficios funcionales que permiten un óptimo desarrollo cerebral, un buen funcionamiento del sistema inmunológico y un crecimiento y desarrollo adecuado. Animal Planet Nutribalance Cachorro Raza Mediana y Grande tiene la combinación de ingredientes esenciales formulado en este producto fortalece el sistema inmunológico, neuronal y músculo-esquelético de su cachorro. Se recomienda su consumo hasta los 18 meses.;esenciales formulado en este producto fortalece el sistema inmunológico, neuronal y músculo-esquelético de su cachorro. Se recomienda su consumo hasta los 18 meses.;{};Imagenes_Alimentos/AllendesHnos/perros/animal-planet-nutribalance/animal-planet-nutribalance-animal-planet-nutribalance-c-9721.png;https://www.allendeshnos.cl/wp-content/uploads/2023/03/3.png;https://www.allendeshnos.cl/producto/animal-planet-nutribalance-cachorro-raza-mediana-y-grande-12kg/
champion-dog-champion-dog-adulto-mediana-y-grande-salmon-y-pollo-18kg;Allendes Hnos;Champion Dog;perro;adulto;Champion Dog Adulto mediana y grande Salmón y Pollo 18kg;"[""18kg""]";Champion dog adulto mediana y grande salmon pollo 18 kg. Beneficios. ✓ Antioxidantes Naturales para un sistema inmunológico fuerte. ✓ Huesos y dientes firmes gracias a una óptima relación de calcio y fósforo. ✓ Omega 3 y 6 para una piel sana y pelaje brillante. ✓ Correcto balance de nutrientes, para que se mantenga sano y en forma. ✓ Heces consistentes y con menos olor, mediante la incorporación de Zeolita natural, extracto de Yucca schidigera y/o Quillaja saponaria. Alimento 100% completo y balanceado para perros sanos, especial para que tu mascota esté protegida con los beneficios de Total Protect Especialmente formulado para satisfacer todos sus requerimientos nutricionales.;;{};Imagenes_Alimentos/AllendesHnos/perros/champion-dog/champion-dog-champion-dog-adulto-mediana-y-grande-salmo-9654.png;https://www.allendeshnos.cl/wp-content/uploads/2023/05/4-2.png;https://www.allendeshnos.cl/producto/champion-dog-adulto-mediana-y-grande-salmon-y-pollo/
nomade-nomade-gato-adulto-10kg;Allendes Hnos;Nómade;gato;adulto;Nomade Gato Adulto 10kg;"[""10Kg""]";El alimento Nómade para gatos se basa en un mix proteico de alta calidad, que incorpora ave, cerdo, huevo y pescado. Además de su excelente fuente de proteínas, incorpora Omega 3 y 6, acidos grasos para un pelaje más sano y brillante que además actúan como regulador de reacciones inflamatorias. La comida para gatos Nomade contiene también pulpa de remolacha, fibra natural que favorece la absorción de nutrientes y ayuda a eliminar las bolas de pelo que pueden formarse en el intestino. Las ventajas de este producto son: FACILITA LA ELIMINACIÓN DE PELOS : La pulpa de remolacha posee una fibra natural moderadamente fermentable que mantiene una adecuada motilidad intestinal, favoreciendo la absorción de nutrientes del alimento y ayuda a eliminar las bolas de pelo que puedan formarse en el intestino, especialmente en los gatos de pelo más largo. PELAJE MÁS SANO Y BRILLANTE: Contiene Omega 3 y 6, una buena relación de estos ácidos grasos proporcionan un pelaje más sano y brillante además de actuar como reguladores de reacciones inflamatorias e inmuno reguladores. ESTIMULA EL SISTEMA INMUNE: Nómade incorpora MOS (Manano Oligosácaridos), que produce un marcado aumento en la inmunidad. Además contiene XPC (cultivo de levaduras), que permite una mejor absorción de nutrientes. DISMINUYE RIESGO DE CÁLCULOS URINARIOS : Una correcta relación en la composición mineral del alimento ayuda a mantener un tracto urinario saludable y evitar la formación de cálculos urinarios. ESTIMULA EL BUEN FUNCIONAMIENTO DEL CORAZÓN, HÍGADO Y VISTA: Suplementado con Taurina, aminoácido que tiene un importante rol en la función de la vista, corazón y producción de bilis, más aún cuando el gato no es capaz de sintetizar cantidades adecuadas de este aminoácido libre. DIENTES Y ENCIAS MÁS SANAS: Contiene HMF (Hexa Meta Fosfato de Sodio), que ayuda a mantener sanas las encías con lo que se obtienen dientes más fuertes y saludables. Nomade – Alimento Gato Adulto 10kg;mineral del alimento ayuda a mantener un tracto urinario saludable y evitar la formación de cálculos urinarios. ESTIMULA EL BUEN FUNCIONAMIENTO DEL CORAZÓN, HÍGADO Y VISTA: Suplementado con Taurina, aminoácido que tiene un importante rol en la función de la vista, corazón y producción de bilis, más aún cuando el gato no es capaz de sintetizar cantidades adecuadas de este aminoácido libre. DIENTES Y ENCIAS MÁS SANAS: Contiene HMF (Hexa Meta Fosfato de Sodio), que ayuda a mantener sanas las encías con lo que se obtienen dientes más fuertes y saludables. Nomade – Alimento Gato Adulto 10kg;{};Imagenes_Alimentos/AllendesHnos/gatos/nomade/nomade-nomade-gato-adulto-10kg-9341.png;https://www.allendeshnos.cl/wp-content/uploads/2023/08/7.png;https://www.allendeshnos.cl/producto/nomade-gato-adulto/
juvenia-juvenia-alimento-perro-raza-mediana-y-grande-15kg;Allendes Hnos;Juvenia;perro;adulto;Juvenia Alimento Perro Raza Mediana y Grande 15kg;"[""15kg""]";Alimento Banlanceado completo para perros adultos de razas medianas y grandes (+10Kg + 5 años). Con Resveratrol antioxidante que aumenta la vitalidad en la mascota. El núcleo Juvenia tiene un especial sistema de termoprotección y una cobertura entérica que lo hace pasar el estómago del perro y disolverse/absorberse en el duodeno. Su fórmula está patentada en USA. Función: Previene enfermedades, mejora la salud y demora el envejecimiento prematuro CONTRIBUYE A RECOMPONER EL DINAMISMO Y LA VITALIDAD CONTRIBUYE A DEMORAR EL ENVEJECIMIENTO PREMATURO CONTRIBUYE A MANTENER SALUDABLE EL RENDIMIENTO FÍSICO Y MENTAL Único alimento para perros que incorpora en su fórmula/núcleo Juvenia: resveratrol. El resveratrol es la nueva frontera en antioxidantes de origen natural y es el más potente hasta hoy conocido.;;{};Imagenes_Alimentos/AllendesHnos/perros/juvenia/juvenia-juvenia-alimento-perro-raza-mediana-y-grande-15-8801.png;https://www.allendeshnos.cl/wp-content/uploads/2023/07/1.png;https://www.allendeshnos.cl/producto/juvenia-alimento-perro-raza-mediana-y-grande-15kg/
juvenia-juvenia-alimento-perro-raza-mediana-y-grande-3kg;Allendes Hnos;Juvenia;perro;adulto;Juvenia Alimento Perro Raza Mediana y Grande 3kg;"[""3kg""]";JUVENIA NUTRITION es el nuevo y único alimento para perros que incorpora en su fórmula/núcleo Juvenia: resveratrol. El resveratrol es la nueva frontera en antioxidantes de origen natural y es el más potente hasta hoy conocido. El núcleo Juvenia tiene un especial sistema de termoprotección y una cobertura entérica que lo hace pasar el estómago del perro y disolverse/absorberse en el duodeno. Función: Previene enfermedades, mejora la salud y demora el envejecimiento prematuro CONTRIBUYE A RECOMPONER EL DINAMISMO Y LA VITALIDAD CONTRIBUYE A DEMORAR EL ENVEJECIMIENTO PREMATURO CONTRIBUYE A MANTENER SALUDABLE EL RENDIMIENTO FÍSICO Y MENTAL Único alimento para perros que incorpora en su fórmula/núcleo Juvenia: resveratrol. El resveratrol es la nueva frontera en antioxidantes de origen natural y es el más potente hasta hoy conocido.;;{};Imagenes_Alimentos/AllendesHnos/perros/juvenia/juvenia-juvenia-alimento-perro-raza-mediana-y-grande-3k-8798.png;https://www.allendeshnos.cl/wp-content/uploads/2023/07/2.png;https://www.allendeshnos.cl/producto/juvenia-alimento-perro-raza-mediana-y-grande-3kg/
juvenia-juvenia-alimento-perro-raza-pequena-75kg;Allendes Hnos;Juvenia;perro;adulto;Juvenia Alimento Perro Raza Pequeña 7.5kg;"[""7,5kg""]";JUVENIA NUTRITION es el nuevo y único alimento para perros que incorpora en su fórmula/núcleo Juvenia: resveratrol. El resveratrol es la nueva frontera en antioxidantes de origen natural y es el más potente hasta hoy conocido. El núcleo Juvenia tiene un especial sistema de termoprotección y una cobertura entérica que lo hace pasar el estómago del perro y disolverse/absorberse en el duodeno. Función: Previene enfermedades, mejora la salud y demora el envejecimiento prematuro CONTRIBUYE A RECOMPONER EL DINAMISMO Y LA VITALIDAD CONTRIBUYE A DEMORAR EL ENVEJECIMIENTO PREMATURO CONTRIBUYE A MANTENER SALUDABLE EL RENDIMIENTO FÍSICO Y MENTAL Único alimento para perros que incorpora en su fórmula/núcleo Juvenia: resveratrol. El resveratrol es la nueva frontera en antioxidantes de origen natural y es el más potente hasta hoy conocido.;;{};Imagenes_Alimentos/AllendesHnos/perros/juvenia/juvenia-juvenia-alimento-perro-raza-pequena-75kg-8793.png;https://www.allendeshnos.cl/wp-content/uploads/2023/07/3.png;https://www.allendeshnos.cl/producto/juvenia-alimento-perro-raza-pequena-7-5kg/
juvenia-juvenia-alimento-perro-raza-pequena-3kg;Allendes Hnos;Juvenia;perro;adulto;Juvenia Alimento Perro Raza Pequeña 3kg;"[""3kg""]";JUVENIA NUTRITION es el nuevo y único alimento para perros que incorpora en su fórmula/núcleo Juvenia: resveratrol. El resveratrol es la nueva frontera en antioxidantes de origen natural y es el más potente hasta hoy conocido. El núcleo Juvenia tiene un especial sistema de termoprotección y una cobertura entérica que lo hace pasar el estómago del perro y disolverse/absorberse en el duodeno. Función: Previene enfermedades, mejora la salud y demora el envejecimiento prematuro CONTRIBUYE A RECOMPONER EL DINAMISMO Y LA VITALIDAD CONTRIBUYE A DEMORAR EL ENVEJECIMIENTO PREMATURO CONTRIBUYE A MANTENER SALUDABLE EL RENDIMIENTO FÍSICO Y MENTAL Único alimento para perros que incorpora en su fórmula/núcleo Juvenia: resveratrol. El resveratrol es la nueva frontera en antioxidantes de origen natural y es el más potente hasta hoy conocido.;;{};Imagenes_Alimentos/AllendesHnos/perros/juvenia/juvenia-juvenia-alimento-perro-raza-pequena-3kg-8790.png;https://www.allendeshnos.cl/wp-content/uploads/2023/07/4.png;https://www.allendeshnos.cl/producto/juvenia-alimento-perro-raza-pequena-3kg/
cachupin-cachupin-adulto-25kg;Allendes Hnos;Cachupin;perro;adulto;Cachupin Adulto  25kg;"[""25kg""]";El Alimento para perro adulto sabor carne y arroz Cachupín es lo que tu perro necesita para mantenerse fuerte, sano y repleto de energía para disfrutar de los días de juegos en el jardín o los paseos al aire libre. Ofrece una nutrición completa y balanceada manteniendo su condición física, sin sentirse limitado por la edad, ya que es ideal para perros adultos. Además, su alta calidad comprobada y garantizada, en conjunto con la capacidad de ser de fácil digestión, brindan tranquilidad de saber que tu mejor amigo estará muy bien alimentado, con el plus del sabor irresistible. Entre las características del Alimento para perro adulto  Cachupín se puede mencionar su exquisito sabor a carne y arroz que a tu mascota le encantará y no dejará de saborearse. Uno de los beneficios del alimento Cachupín es que brinda una buena fuente de nutrientes esenciales en cada porción, entre los que predomina el Zinc, que contribuye a un pelaje suave, y vitaminas y minerales, que llenarán de vitalidad y promoverán un desarrollo óptimo de tu mascota. Es de rápida y fácil absorción, lo que ayuda a una digestión más eficiente, cumpliendo con todos los requerimientos alimenticios que tu perro adulto necesita, con el agregado de los antioxidantes que mejoran la inmunidad.;;{};Imagenes_Alimentos/AllendesHnos/perros/cachupin/cachupin-cachupin-adulto-25kg-8787.png;https://www.allendeshnos.cl/wp-content/uploads/2023/06/Cachupin-web.png;https://www.allendeshnos.cl/producto/cachupin-adulto-25kg/
cachupin-cachupin-adulto-18kg;Allendes Hnos;Cachupin;perro;adulto;Cachupin Adulto 18kg;"[""18kg""]";El Alimento para perro adulto sabor carne y arroz Cachupín es lo que tu perro necesita para mantenerse fuerte, sano y repleto de energía para disfrutar de los días de juegos en el jardín o los paseos al aire libre. Ofrece una nutrición completa y balanceada manteniendo su condición física, sin sentirse limitado por la edad, ya que es ideal para perros adultos. Además, su alta calidad comprobada y garantizada, en conjunto con la capacidad de ser de fácil digestión, brindan tranquilidad de saber que tu mejor amigo estará muy bien alimentado, con el plus del sabor irresistible. Cachupin Adulto 18kg, sabor carne y arroz;;{};Imagenes_Alimentos/AllendesHnos/perros/cachupin/cachupin-cachupin-adulto-18kg-8779.png;https://www.allendeshnos.cl/wp-content/uploads/2023/06/gg.png;https://www.allendeshnos.cl/producto/cachupin-adulto-18kg/
champion-cat-champion-cat-gatito;Allendes Hnos;Champion Cat;gato;cachorro;Champion Cat Gatito;"[""20kg""]";"Champion Cat es un delicioso alimento, 100% completo y balanceado, formulado con ingredientes seleccionados, ofreciendo los mejores beneficios que tu gato necesita para su salud y bienestar. Que tu gato crezca sano y feliz, es clave para los siguientes años de su vida, por eso Champion Cat Gatitos con Sistema Total Protect tiene una exclusiva combinación de Antioxidantes Naturales, Ovoproteína, Vitaminas y Minerales que ayudan a mantener a tu gato en óptimas condiciones de salud, fortaleciendo su musculatura, optimizando sus defensas y manteniendo su tracto urinario saludable. Ovoproteína: Esta formulado con la mejor proteína, la albúmina del huevo, de fácil digestión y con un completo perfil de aminoácidos esenciales para el desarrollo de tu gato. DHA: Ácido graso fundamental para el buen desarrollo y funcionamiento del cerebro y sistema nervioso. Omega 3: Ácidos grasos esenciales que ayudan a mantener la piel y pelaje saludable. Antioxidantes Naturales: Ayudan a optimizar el funcionamiento del Sistema Inmune y a proteger las células de los destructivos efectos de los Radicales Libres, previniendo el envejecimiento prematuro. Huesos y Dientes Fuertes: Con Calcio, Fósforo y Vitaminas para una óptima formación de la estructura ósea. Sano Crecimiento y Desarrollo Muscular: La alta calidad de sus proteínas y aminoácidos esenciales favorecen un adecuado desarrollo de la musculatura, alcanzando una óptima curva de crecimiento. Ojos y Corazón Saludable: Con un adecuado balance de Taurina para ayudar a mantener su corazón fuerte y sano; y una adecuada salud ocular. Champion Cat Alimento Seco Carne y Leche para Gatito, 20kg";seleccionados, ofreciendo los mejores;{};Imagenes_Alimentos/AllendesHnos/gatos/champion-cat/champion-cat-champion-cat-gatito-8664.png;https://www.allendeshnos.cl/wp-content/uploads/2023/06/1-2.png;https://www.allendeshnos.cl/producto/champion-cat-gatito-carne-y-leche-20kg/
champion-cat-champion-cat-pollo-20kg;Allendes Hnos;Champion Cat;gato;adulto;Champion Cat Pollo 20KG;"[""20kg""]";"Champion Cat es un delicioso alimento, 100% completo y balanceado, formulado con ingredientes seleccionados, ofreciendo los mejores beneficios que tu gato necesita para su salud y bienestar. Que tu gato crezca sano y feliz, es clave para los siguientes años de su vida, por eso Champion Cat adulto con Sistema Total Protect tiene una exclusiva combinación de Antioxidantes Naturales, Ovoproteína, Vitaminas y Minerales que ayudan a mantener a tu gato en óptimas condiciones de salud, fortaleciendo su musculatura, optimizando sus defensas y manteniendo su tracto urinario saludable. Ovo Proteína: Esta formulado con la mejor proteína, la albúmina del huevo, de fácil digestión y con un completo perfil de aminoácidos esenciales para el desarrollo de tu gato. Omega 3: Ácidos grasos esenciales que ayudan a mantener la piel y pelaje saludable. Antioxidantes Naturales: Ayudan a optimizar el funcionamiento del Sistema Inmune y a proteger las células de los destructivos efectos de los Radicales Libres, previniendo el envejecimiento prematuro. Ojos y Corazón Saludable: Con un adecuado balance de Taurina para ayudar a mantener su corazón fuerte y sano; y una adecuada salud ocular. Tracto Urinario Sano: Con una equilibrada composición nutricional que favorece un PH urinario levemente ácido, que ayuda a prevenir la formación cálculos en las vías urinarias. Champion Cat Alimento Seco Pollo para Gato Adulto, 20kg";seleccionados, ofreciendo los mejores;{};Imagenes_Alimentos/AllendesHnos/gatos/champion-cat/champion-cat-champion-cat-pollo-20kg-8659.png;https://www.allendeshnos.cl/wp-content/uploads/2023/06/3-2.png;https://www.allendeshnos.cl/producto/champion-cat-pollo-20kg/
champion-cat-champion-cat-pescado-20kg;Allendes Hnos;Champion Cat;gato;adulto;Champion Cat Pescado 20KG;"[""20kg""]";"Que tu gato crezca sano y feliz, es clave para los siguientes años de su vida, por eso Champion Cat adulto con Sistema Total Protect tiene una exclusiva combinación de Antioxidantes Naturales, Ovoproteína, Vitaminas y Minerales que ayudan a mantener a tu gato en óptimas condiciones de salud, fortaleciendo su musculatura, optimizando sus defensas y manteniendo su tracto urinario saludable. Ovoproteína: Esta formulado con la mejor proteína, la albúmina del huevo, de fácil digestión y con un completo perfil de aminoácidos esenciales para el desarrollo de tu gato. Omega 3: Ácidos grasos esenciales que ayudan a mantener la piel y pelaje saludable. Antioxidantes naturales: Ayudan a optimizar el funcionamiento del Sistema Inmune y a proteger las células de los destructivos efectos de los Radicales Libres, previniendo el envejecimiento prematuro. Ojos y corazón saludable: Con un adecuado balance de Taurina para ayudar a mantener su corazón fuerte y sano; y una adecuada salud ocular. Tracto urinario sano: Con una equilibrada composición nutricional que favorece un PH urinario levemente ácido, que ayuda a prevenir la formación cálculos en las vías urinarias. Champion Cat Alimento Seco Pescado para Gato Adulto, 20kg";nutricional que favorece un PH urinario levemente ácido, que ayuda a prevenir la formación cálculos en las vías urinarias. Champion Cat Alimento Seco Pescado para Gato Adulto, 20kg;{};Imagenes_Alimentos/AllendesHnos/gatos/champion-cat/champion-cat-champion-cat-pescado-20kg-8656.png;https://www.allendeshnos.cl/wp-content/uploads/2023/06/4-2.png;https://www.allendeshnos.cl/producto/champion-cat-pescado-20kg/
champion-cat-champion-cat-carne-20kg;Allendes Hnos;Champion Cat;gato;adulto;Champion Cat Carne 20KG;"[""20kg""]";"Que tu gato crezca sano y feliz, es clave para los siguientes años de su vida, por eso Champion Cat adulto con Sistema Total Protect tiene una exclusiva combinación de Antioxidantes Naturales, Ovoproteína, Vitaminas y Minerales que ayudan a mantener a tu gato en óptimas condiciones de salud, fortaleciendo su musculatura, optimizando sus defensas y manteniendo su tracto urinario saludable. Ovoproteína: Esta formulado con la mejor proteína, la albúmina del huevo, de fácil digestión y con un completo perfil de aminoácidos esenciales para el desarrollo de tu gato. Omega 3: Ácidos grasos esenciales que ayudan a mantener la piel y pelaje saludable. Antioxidantes Naturales: Ayudan a optimizar el funcionamiento del Sistema Inmune y a proteger las células de los destructivos efectos de los Radicales Libres, previniendo el envejecimiento prematuro. Ojos y Corazón Saludable: Con un adecuado balance de Taurina para ayudar a mantener su corazón fuerte y sano; y una adecuada salud ocular. Tracto Urinario Sano: Con una equilibrada composición nutricional que favorece un PH urinario levemente ácido, que ayuda a prevenir la formación cálculos en las vías urinarias. Champion Cat Alimento Seco Carne para Gato Adulto, 20kg";nutricional que favorece un PH urinario levemente ácido, que ayuda a prevenir la formación cálculos en las vías urinarias. Champion Cat Alimento Seco Carne para Gato Adulto, 20kg;{};Imagenes_Alimentos/AllendesHnos/gatos/champion-cat/champion-cat-champion-cat-carne-20kg-8650.png;https://www.allendeshnos.cl/wp-content/uploads/2023/06/2-2.png;https://www.allendeshnos.cl/producto/champion-cat-carne-20kg/
raza-raza-adulto-gato-pollo-y-leche-10kg;Allendes Hnos;Raza;gato;adulto;Raza Adulto Gato Pollo y Leche 10kg;"[""10Kg""]";Elaborado para satisfacer el fino paladar de los felinos, con ingredientes seleccionados ricos en vitaminas y minerales para una nutrición equilibrada con omegas 3 y 6. Un alimento sin colorantes artificiales. Raza alimentos para Gato Adulto sabor Pollo, 10kg;seleccionados ricos en vitaminas y minerales para una nutrición equilibrada con omegas 3 y 6. Un alimento sin colorantes artificiales. Raza alimentos para Gato Adulto sabor Pollo, 10kg;{};Imagenes_Alimentos/AllendesHnos/gatos/raza/raza-raza-adulto-gato-pollo-y-leche-10kg-8645.png;https://www.allendeshnos.cl/wp-content/uploads/2023/06/raza-adl-pollo-lecche-10-kg.png;https://www.allendeshnos.cl/producto/raza-adulto-gato-sabor-pollo-y-leche-10kg/
raza-raza-adulto-gato-pescado-10kg;Allendes Hnos;Raza;gato;adulto;Raza Adulto Gato Pescado 10kg;"[""10Kg""]";Nutrición completa y balanceada Elaborado para satisfacer el fino paladar de los felinos, con ingredientes seleccionados ricos en vitaminas y minerales para una nutrición equilibrada con omegas 3 y 6. Un alimento sin colorantes artificiales. Raza alimentos para Gato Adulto sabor pescado, 10kg;seleccionados ricos en vitaminas y minerales para una nutrición equilibrada con omegas 3 y 6. Un alimento sin colorantes artificiales. Raza alimentos para Gato Adulto sabor pescado, 10kg;{};Imagenes_Alimentos/AllendesHnos/gatos/raza/raza-raza-adulto-gato-pescado-10kg-8638.png;https://www.allendeshnos.cl/wp-content/uploads/2023/06/raza-pescado-10-kg.png;https://www.allendeshnos.cl/producto/raza-alimentos-para-gato-adulto-sabor-pescado-10kg/
raza-raza-adulto-gato-pescado-15kg;Allendes Hnos;Raza;gato;adulto;Raza Adulto Gato Pescado 15kg;"[""15kg""]";Nutrición completa y balanceada Elaborado para satisfacer el fino paladar de los felinos, con ingredientes seleccionados ricos en vitaminas y minerales para una nutrición equilibrada con omegas 3 y 6. Un alimento sin colorantes artificiales. Raza alimentos para Gato Adulto sabor pescado, 15kg;seleccionados ricos en vitaminas y minerales para una nutrición equilibrada con omegas 3 y 6. Un alimento sin colorantes artificiales. Raza alimentos para Gato Adulto sabor pescado, 15kg;{};Imagenes_Alimentos/AllendesHnos/gatos/raza/raza-raza-adulto-gato-pescado-15kg-8636.png;https://www.allendeshnos.cl/wp-content/uploads/2023/06/raza-pescado-15kg.png;https://www.allendeshnos.cl/producto/raza-adulto-gato-pescado-15kg/
raza-raza-gatitos-carne-y-leche-8kg;Allendes Hnos;Raza;gato;cachorro;Raza Gatitos Carne y Leche 8kg;"[""8kg""]";Luego de las primeras siete semanas de vida, la mayoría de los gatitos ya están destetados y preparados para incorporar una dieta sólida. El alimento Raza gatos sabor carne y leche es ideal porque tiene prebióticos que refuerzan el sistema inmunológico. Además, contiene un complejo vitamínico mineral con Omega 3 y 6 que ayuda a que crezcan con un óptimo desarrollo corporal, huesos sanos y fuertes así como también logrando un pelaje brillante y brindando mayor vitalidad. Los PREBIÓTICOS son compuestos que actúan a nivel intestinal para: Promover la flora bacteriana benéfica. Reducir la adherencia de agentes patógenos. Contribuir a reforzar el sistema inmunológico. Además, contiene nucleótidos que son necesarios para la multiplicación y función normal de las células epiteliales de la mucosa intestinal. Ayudan a optimizar las funciones del sistema inmune, gastrointestinal y la utilización de la energía. Raza alimentos para Gatitos hasta 12 meses, 8kg;;{};Imagenes_Alimentos/AllendesHnos/gatos/raza/raza-raza-gatitos-carne-y-leche-8kg-8630.png;https://www.allendeshnos.cl/wp-content/uploads/2023/06/raza-gatitos-8kg.png;https://www.allendeshnos.cl/producto/raza-gatitos-carne-y-leche-8kg/
raza-raza-perro-raza-pequena-carne-15kg;Allendes Hnos;Raza;perro;adulto;Raza Perro Raza Pequeña Carne 15kg;"[""15kg""]";Producto especial para la mordida y digestión de perros pequeños. Esta variedad se presenta en el sabor tradicional que gusta a todos los canes. Proporcionándole todos los beneficios que necesita gracias a su complejo vitamínico mineral con Omega 3 y 6. Un alimento que lo ayuda a tener huesos sanos y fuertes, excelente visión, pelaje brillante y mayor vitalidad. Raza Alimento para perros Razas Pequeñas sabor Carne, 15kg;;{};Imagenes_Alimentos/AllendesHnos/perros/raza/raza-raza-perro-raza-pequena-carne-15kg-8625.png;https://www.allendeshnos.cl/wp-content/uploads/2023/06/raza-pequena-15-kg.png;https://www.allendeshnos.cl/producto/raza-perro-raza-pequena-sabor-carne-15kg/
raza-raza-perro-adulto-carne-15kg;Allendes Hnos;Raza;perro;adulto;Raza Perro Adulto Carne 15kg;"[""15kg""]";El alimento balanceado para perros RAZA sabor carne es el preferido por el paladar canino y una de nuestras variedades que tu mascota va a disfrutar en cada comida. Gracias a su complejo vitamínico mineral con Omega 3 y 6, ayudará a que tenga huesos sanos y fuertes, excelente visión, pelaje brillante y mayor vitalidad. Raza alimento para perros Adultos sabor carne, 15kg;;{};Imagenes_Alimentos/AllendesHnos/perros/raza/raza-raza-perro-adulto-carne-15kg-8621.png;https://www.allendeshnos.cl/wp-content/uploads/2023/06/raza-carne-15-kg.png;https://www.allendeshnos.cl/producto/raza-perro-adulto-sabor-carne-15kg/
raza-raza-perro-adulto-carne-21kg;Allendes Hnos;Raza;perro;adulto;Raza Perro Adulto Carne 21kg;"[""21kg""]";El alimento balanceado para perros RAZA sabor carne es el preferido por el paladar canino y una de nuestras variedades que tu mascota va a disfrutar en cada comida. Gracias a su complejo vitamínico mineral con Omega 3 y 6, ayudará a que tenga huesos sanos y fuertes, excelente visión, pelaje brillante y mayor vitalidad. Raza alimento para perros Adultos sabor carne, 21kg;;{};Imagenes_Alimentos/AllendesHnos/perros/raza/raza-raza-perro-adulto-carne-21kg-8617.png;https://www.allendeshnos.cl/wp-content/uploads/2023/06/raza-carne-21-kg.png;https://www.allendeshnos.cl/producto/raza-perro-adulto-sabor-carne21kg/
raza-raza-cachorros-carne-y-leche-15kg;Allendes Hnos;Raza;perro;cachorro;Raza Cachorros Carne y Leche 15kg;"[""15kg""]";Nutrición completa y balanceada Las propiedades de la leche refuerzan la alimentación de los cachorros aportándoles mayor energía y los prebióticos refuerzan el sistema inmunológico. El delicioso sabor de la carne y los cereales hacen de este un alimento ideal para tu cachorro. Además contiene un complejo vitamínico mineral con Omega 3 y 6, que ayuda a que tu mascota crezca con un óptimo desarrollo corporal, huesos sanos y fuertes, pelaje brillante y mayor vitalidad. Los PREBIÓTICOS son compuestos que actúan a nivel intestinal para: Promover la flora bacteriana benéfica. Reducir la adherencia de agentes patógenos. Contribuir a reforzar el sistema inmunológico. Además, contiene nucleótidos que son necesarios para la multiplicación y función normal de las células epiteliales de la mucosa intestinal. Ayudan a optimizar las funciones del sistema inmune, gastrointestinal y la utilización de la energía. RAZA Alimento seco para perros cachorros, sabor carne, leche y cereales.;;{};Imagenes_Alimentos/AllendesHnos/perros/raza/raza-raza-cachorros-carne-y-leche-15kg-8612.png;https://www.allendeshnos.cl/wp-content/uploads/2023/06/raza-cachorro-15-kg.png;https://www.allendeshnos.cl/producto/raza-cachorros-sabor-carne-cereales-y-leche/
whiskas-whiskas-lata-atun-pate-290gr-24-und;Allendes Hnos;Whiskas;gato;adulto;Whiskas Lata Atún Paté 290gr (24 und);"[""290gr"", ""24 und""]";CON PROTEÍNAS DE ORIGEN ANIMAL que ayudan a proporcionar los nutrientes que tu gato necesita todos los días para estar saludable Cada porción contribuye con la vitalidad y energía necesarias para explorar el mundo Alimento húmedo, nutricionalmente 100% completo y balanceado, formulado para gatos adultos.;;{};Imagenes_Alimentos/AllendesHnos/gatos/whiskas/whiskas-whiskas-lata-atun-pate-290gr-24-und-8499.png;https://www.allendeshnos.cl/wp-content/uploads/2023/06/13-1.png;https://www.allendeshnos.cl/producto/whiskas-lata-atun-pate-display/
whiskas-whiskas-lata-carne-pate-290gr-24-und;Allendes Hnos;Whiskas;gato;adulto;Whiskas Lata Carne Paté 290gr (24 und);"[""85gr""]";CON PROTEÍNAS DE ORIGEN ANIMAL que ayudan a proporcionar los nutrientes que tu gato necesita todos los días para estar saludable Cada porción contribuye con la vitalidad y energía necesarias para explorar el mundo Alimento húmedo, nutricionalmente 100% completo y balanceado, formulado para gatos adultos;;{};Imagenes_Alimentos/AllendesHnos/gatos/whiskas/whiskas-whiskas-lata-carne-pate-290gr-24-und-8494.png;https://www.allendeshnos.cl/wp-content/uploads/2023/06/12-1.png;https://www.allendeshnos.cl/producto/whiskas-lata-carne-pate-display/
whiskas-whiskas-gatito-carne-y-leche-10kg;Allendes Hnos;Whiskas;gato;cachorro;Whiskas Gatito Carne y Leche 10kg;"[""10Kg""]";CON CALCIO que ayuda al desarrollo de dientes y huesos sanos CON DHA para el desarrollo del cerebro Para bocas pequeñas, que pueden ser fácilmente ingeridas por tu gatito CON ANTIOXIDANTES, Vitamina E y Taurina que ayudan a proteger sus células contra la oxidación ÓPTIMA NUTRICIÓN proporcionándole todos los nutrientes y energía necesarios para explorar el mundo La receta de Whiskas ® Gatito brinda a tu gatito una alimentación 100% completa y balanceada para ayudarlo a crecer sano y fuerte:;;{};Imagenes_Alimentos/AllendesHnos/gatos/whiskas/whiskas-whiskas-gatito-carne-y-leche-10kg-8462.png;https://www.allendeshnos.cl/wp-content/uploads/2023/06/4-1.png;https://www.allendeshnos.cl/producto/whiskas-gatito/
whiskas-whiskas-adultos-hogarenos-1-a-partir-de-un-ano;Allendes Hnos;Whiskas;gato;adulto;Whiskas Adultos Hogareños 1+ a partir de un año;"[""10Kg""]";FÓRMULA diseñada especialmente para mantener su peso saludable y una vida vital AYUDA A CONTROLAR SU PESO: Fórmula que ayuda a mantener su peso controlado (ver guía de alimentación) CON MINERALES CONTROLADOS que ayudan a mantener la salud de su tracto urinario CON FIBRAS NATURALES que ayudan a eliminar las bolas de pelo CON EXTRACTO DE YUCCA que ayuda a reducir los olores de la bandeja sanitaria CON VITAMINA A para una visión saludable CON OMEGA 6 Y ZINC, ácidos grasos que ayudan a mantener su piel y pelo sanos EXCLUSIVAS CROQUETAS con relleno cremoso para satisfacer su exigente paladar. ACCIÓN ANTIOXIDANTE, con Vitamina E para ayudar a proteger sus células contra la oxidación ÓPTIMA NUTRICIÓN proporcionándole todos los nutrientes y energía necesarios para explorar el mundo El nuevo Whiskas ® Adulto 1+ Hogareños es ideal para el control de peso de tu gato. Además, le aportará una nutrición 100% completa y balanceada a lo largo de toda su vida adulta;;{};Imagenes_Alimentos/AllendesHnos/gatos/whiskas/whiskas-whiskas-adultos-hogarenos-1-a-partir-de-un-ano-8457.png;https://www.allendeshnos.cl/wp-content/uploads/2023/06/5-1.png;https://www.allendeshnos.cl/producto/whiskas-adultos-hogarenos-1-a-partir-de-un-ano/
whiskas-whiskas-adulto-1-carne-10kg;Allendes Hnos;Whiskas;gato;adulto;Whiskas Adulto 1+ Carne 10kg;"[""10Kg""]";CON VITAMINA A para una visión saludable CON OMEGA 6 Y ZINC, ácidos grasos que ayudan a mantener su piel y pelo sanos CON MINERALES CONTROLADOS que ayudan a mantener la salud de su tracto urinario EXCLUSIVAS CROQUETAS con relleno cremoso para satisfacer a su exigente paladar ACCIÓN ANTIOXIDANTE, Vitamina E para ayudar a proteger sus células contra la oxidación ÓPTIMA NUTRICIÓN proporcionándole todos los nutrientes y energía necesarios para explorar el mundo La receta de Whiskas® Adulto 1+ Sabor Carne aportará una nutrición completa y balanceada 100% a tu gato. Es ideal para satisfacer las diferentes necesidades nutricionales a lo largo de toda su vida adulta;;{};Imagenes_Alimentos/AllendesHnos/gatos/whiskas/whiskas-whiskas-adulto-1-carne-10kg-8452.png;https://www.allendeshnos.cl/wp-content/uploads/2023/06/1-1.png;https://www.allendeshnos.cl/producto/whiskas-carne/
whiskas-whiskas-adulto-1-pescado-10kg;Allendes Hnos;Whiskas;gato;adulto;Whiskas Adulto 1+ Pescado 10kg;"[""10Kg""]";CON VITAMINA A para una visión saludable CON OMEGA 6 Y ZINC, ácidos grasos que ayudan a mantener su piel y pelo sanos CON MINERALES CONTROLADOS que ayudan a mantener la salud de su tracto urinario EXCLUSIVAS CROQUETAS con relleno cremoso para satisfacer a su exigente paladar ACCIÓN ANTIOXIDANTE, con Vitamina E para ayudar a proteger sus células contra la oxidación ÓPTIMA NUTRICIÓN proporcionándole todos los nutrientes y energía necesarios para explorar el mundo La receta de Whiskas ® Adulto 1+ Sabor Pescado le aportará a tu gato una nutrición 100% completa y balanceada. Es ideal para satisfacer las diferentes necesidades nutricionales a lo largo de toda su vida adulta;;{};Imagenes_Alimentos/AllendesHnos/gatos/whiskas/whiskas-whiskas-adulto-1-pescado-10kg-8446.png;https://www.allendeshnos.cl/wp-content/uploads/2023/06/3-1.png;https://www.allendeshnos.cl/producto/whiskas-adulto-pescado/
whiskas-whiskas-adulto-1-pollo-10kg;Allendes Hnos;Whiskas;gato;adulto;Whiskas Adulto 1+ Pollo 10kg;"[""10Kg""]";CON VITAMINA A para una visión saludable CON OMEGA 6 Y ZINC, ácidos grasos que ayudan a mantener su piel y pelo sanos CON MINERALES CONTROLADOS que ayudan a mantener la salud de su tracto urinario EXCLUSIVAS CROQUETAS con relleno cremoso para satisfacer a su exigente paladar ACCIÓN ANTIOXIDANTE, con Vitamina E para ayudar a proteger sus células contra la oxidación ÓPTIMA NUTRICIÓN proporcionándole todos los nutrientes y energía necesarios para explorar el mundo La receta de Whiskas ® Adulto 1+ Sabor Pollo le aportará a tu gato una nutrición 100% completa y balanceada. Es ideal para satisfacer las diferentes necesidades nutricionales a lo largo de toda su vida adulta;;{};Imagenes_Alimentos/AllendesHnos/gatos/whiskas/whiskas-whiskas-adulto-1-pollo-10kg-8441.png;https://www.allendeshnos.cl/wp-content/uploads/2023/06/2-1.png;https://www.allendeshnos.cl/producto/whiskas-adulto-pollo/
pedigree-pedigree-biscrok-adulto-multi;Allendes Hnos;Pedigree;perro;adulto;Pedigree Biscrok Adulto Multi;"[""500gr""]";Pedigree® Biscrok son deliciosas, crocantes y nutritivas galletas, ideales para recompensar a tu perro, entrenarlo o simplemente para demostrarle cuánto lo querés: En PEDIGREE® creemos que los perros alimentan lo mejor de nosotros y por eso queremos alimentar lo bueno de nuestra relación con ellos traduciendo calidad en snacks que les encantarán. Los perros necesitan amor y botanas que ayudan a los dueños a hacerles saber cuanto los quieren y que forman parte de una familia. Los snacks se pueden utilizar para entrenar y recompensar, son perfectos para momentos de conexión, además de poder ayudar a mantener su salud oral. Por ello BISCROK™ son Crujientes Galletas en forma de hueso enriquecidas con calcio y omega 6, ideales para entrenar, premiar y consentir a tu perro a cualquier hora del día. Fortalece la relación entre tú y tu perro dándole lo mejor. Con Calcio y Omega 6 Recomendables para entrenar y consentir a tu perro a cualquier hora del día. Pedigree Biscrok Adulto Multi 500 gr;;{};Imagenes_Alimentos/AllendesHnos/perros/pedigree/pedigree-pedigree-biscrok-adulto-multi-8376.png;https://www.allendeshnos.cl/wp-content/uploads/2023/06/biscrock.png;https://www.allendeshnos.cl/producto/pedigree-biscrok-adulto-multi/
pedigree-pedigree-cachorro-lata-carne-y-pollo;Allendes Hnos;Pedigree;perro;cachorro;Pedigree Cachorro Lata Carne y Pollo;"[""280gr""]";CON PROTEÍNAS DE ORIGEN ANIMAL DE ALTA CALIDAD proporcionando los nutrientes que tu cachorro necesita para crecer saludable y con sus defensas fuertes CON CALCIO Y FÓSFORO para el desarrollo de sus dientes y huesos más fuertes NUTRIENTES BÁSICOS ESCENCIALES en cada porción, asegurándole la vitalidad y energía necesarias Pedigree® Cachorro sabor paté de carne es alimento húmedo. Nutricionalmente completo y balanceado, formulado para el mantenimiento de perros en crecimiento;;{};Imagenes_Alimentos/AllendesHnos/perros/pedigree/pedigree-pedigree-cachorro-lata-carne-y-pollo-8345.png;https://www.allendeshnos.cl/wp-content/uploads/2023/06/8.png;https://www.allendeshnos.cl/producto/pedigree-lata-cachorro/
pedigree-pedigree-adulto-lata-carne;Allendes Hnos;Pedigree;perro;adulto;Pedigree Adulto Lata Carne;"[""280gr""]";CON PROTEÍNAS DE ORIGEN ANIMAL DE ALTA CALIDAD proporcionando los nutrientes que tu perro necesita para estar vital y saludable a lo largo de su vida adulta NUTRICIÓN 100% COMPLETA Y BALANCEADA, ofreciendo variedad, textura irresistible y frescura NUTRIENTES BÁSICOS ESCENCIALES en cada porción, asegurándole la vitalidad y energía necesarias Pedigree Lata Adulto sabor paté de carne es alimento húmedo. Nutricionalmente completo y balanceado, formulado para el mantenimiento de perros adultos;;{};Imagenes_Alimentos/AllendesHnos/perros/pedigree/pedigree-pedigree-adulto-lata-carne-8339.png;https://www.allendeshnos.cl/wp-content/uploads/2023/06/7.png;https://www.allendeshnos.cl/producto/pedigree-lata-sabor-carne-pate/
pedigree-pedigree-adulto-lata-pollo;Allendes Hnos;Pedigree;perro;adulto;Pedigree Adulto Lata Pollo;"[""280gr""]";CON PROTEÍNAS DE ORIGEN ANIMAL DE ALTA CALIDAD proporcionando los nutrientes que tu perro necesita para estar vital y saludable a lo largo de su vida adulta NUTRICIÓN 100% COMPLETA Y BALANCEADA, ofreciendo variedad, textura irresistible y frescura NUTRIENTES BÁSICOS ESCENCIALES en cada porción, asegurándole la vitalidad y energía necesarias Pedigree Adulto en lata sabor paté de pollo es alimento húmedo, nutricionalmente completo y balanceado.;;{};Imagenes_Alimentos/AllendesHnos/perros/pedigree/pedigree-pedigree-adulto-lata-pollo-8335.png;https://www.allendeshnos.cl/wp-content/uploads/2023/06/PEDIGREE-WEB-1.png;https://www.allendeshnos.cl/producto/pedigree-lata-sabor-pollo-pate/
pedigree-pedigree-pouch-adulto-razas-pequenas-pollo;Allendes Hnos;Pedigree;perro;adulto;Pedigree Pouch Adulto Razas Pequeñas Pollo;"[""100gr""]";Alimento 100% completo y balanceado Contiene vitamina E que ayuda al sistema inmunológico Con Ingredientes Naturales como proteínas animales y vegetales Proporciona heces firmes y fáciles de limpiar Con vitaminas y minerales Pedigree Sobrecitos es un alimento balanceado completo destinado a Perros Adultos que brinda todos los nutrientes que tu perro necesita para ayudarlo a mantenerse saludable;Naturales como proteínas animales y vegetales Proporciona heces firmes y fáciles de limpiar Con vitaminas y minerales Pedigree Sobrecitos es un alimento balanceado completo destinado a Perros Adultos que brinda todos los nutrientes que tu perro necesita para ayudarlo a mantenerse saludable;{};Imagenes_Alimentos/AllendesHnos/perros/pedigree/pedigree-pedigree-pouch-adulto-razas-pequenas-pollo-8331.png;https://www.allendeshnos.cl/wp-content/uploads/2023/06/14.png;https://www.allendeshnos.cl/producto/pedigree-pouch-adulto-razas-pequenas-pollo/
pedigree-pedigree-pouch-adulto-en-salsa-sabor-pollo;Allendes Hnos;Pedigree;perro;adulto;Pedigree Pouch Adulto en salsa sabor Pollo;"[""100gr""]";Alimento 100% completo y balanceado Contiene vitamina E que ayuda al sistema inmunológico Con Ingredientes Naturales como proteínas animales y vegetales Proporciona heces firmes y fáciles de limpiar Con vitaminas y minerales Pedigree Sobrecitos es un alimento balanceado completo destinado a Perros Adultos que brinda todos los nutrientes que tu perro necesita para ayudarlo a mantenerse saludable;Naturales como proteínas animales y vegetales Proporciona heces firmes y fáciles de limpiar Con vitaminas y minerales Pedigree Sobrecitos es un alimento balanceado completo destinado a Perros Adultos que brinda todos los nutrientes que tu perro necesita para ayudarlo a mantenerse saludable;{};Imagenes_Alimentos/AllendesHnos/perros/pedigree/pedigree-pedigree-pouch-adulto-en-salsa-sabor-pollo-8327.png;https://www.allendeshnos.cl/wp-content/uploads/2023/06/13.png;https://www.allendeshnos.cl/producto/pedigree-pouch-adulto-en-salsa-sabor-pollo/
pedigree-pedigree-pouch-adulto-en-salsa-sabor-carne;Allendes Hnos;Pedigree;perro;adulto;Pedigree Pouch Adulto en salsa sabor Carne;"[""100gr""]";Alimento 100% completo y balanceado Contiene vitamina E que ayuda al sistema inmunológico Con Ingredientes Naturales como proteínas animales y vegetales Proporciona heces firmes y fáciles de limpiar Con vitaminas y minerales Pedigree Sobrecitos es un alimento balanceado completo destinado a Perros Adultos que brinda todos los nutrientes que tu perro necesita para ayudarlo a mantenerse saludable;Naturales como proteínas animales y vegetales Proporciona heces firmes y fáciles de limpiar Con vitaminas y minerales Pedigree Sobrecitos es un alimento balanceado completo destinado a Perros Adultos que brinda todos los nutrientes que tu perro necesita para ayudarlo a mantenerse saludable;{};Imagenes_Alimentos/AllendesHnos/perros/pedigree/pedigree-pedigree-pouch-adulto-en-salsa-sabor-carne-8323.png;https://www.allendeshnos.cl/wp-content/uploads/2023/06/10.png;https://www.allendeshnos.cl/producto/pedigree-pouch-adulto-en-salsa-sabor-carne/
pedigree-pedigree-pouch-adulto-razas-pequenas-carne;Allendes Hnos;Pedigree;perro;adulto;Pedigree Pouch Adulto Razas Pequeñas Carne;"[""100gr""]";Alimento 100% completo y balanceado Contiene vitamina E que ayuda al sistema inmunológico Con Ingredientes Naturales como proteínas animales y vegetales Proporciona heces firmes y fáciles de limpiar Con vitaminas y minerales Pedigree Sobrecitos es un alimento balanceado completo destinado a Perros Adultos que brinda todos los nutrientes que tu perro necesita para ayudarlo a mantenerse saludable;Naturales como proteínas animales y vegetales Proporciona heces firmes y fáciles de limpiar Con vitaminas y minerales Pedigree Sobrecitos es un alimento balanceado completo destinado a Perros Adultos que brinda todos los nutrientes que tu perro necesita para ayudarlo a mantenerse saludable;{};Imagenes_Alimentos/AllendesHnos/perros/pedigree/pedigree-pedigree-pouch-adulto-razas-pequenas-carne-8316.png;https://www.allendeshnos.cl/wp-content/uploads/2023/06/12.png;https://www.allendeshnos.cl/producto/pedigree-pouch-adulto-razas-pequenas-carne/
pedigree-pedigree-cachorro-pouch-de-carne;Allendes Hnos;Pedigree;perro;cachorro;Pedigree Cachorro Pouch de Carne;"[""100gr""]";Alimento 100% completo y balanceado Contiene vitamina E que ayuda al sistema inmunológico Con Ingredientes Naturales como proteínas animales y vegetales Proporciona heces firmes y fáciles de limpiar Con vitaminas y minerales Pedigree sobrecitos es un alimento balanceado completo destinado a Perros Cachorros que brinda todos los nutrientes que tu perro necesita para ayudarlo a crecer;Naturales como proteínas animales y vegetales Proporciona heces firmes y fáciles de limpiar Con vitaminas y minerales Pedigree sobrecitos es un alimento balanceado completo destinado a Perros Cachorros que brinda todos los nutrientes que tu perro necesita para ayudarlo a crecer;{};Imagenes_Alimentos/AllendesHnos/perros/pedigree/pedigree-pedigree-cachorro-pouch-de-carne-8310.png;https://www.allendeshnos.cl/wp-content/uploads/2023/06/9.png;https://www.allendeshnos.cl/producto/pedigree-sobres-cachorro-en-salsa-sabor-carne/
pedigree-pedigree-pouch-senior-en-salsa-sabor-carne;Allendes Hnos;Pedigree;perro;senior;Pedigree Pouch Senior en salsa sabor Carne;"[""Estándar""]";Alimento 100% completo y balanceado Contiene vitamina E que ayuda al sistema inmunológico Con Ingredientes Naturales como proteínas animales y vegetales Proporciona heces firmes y fáciles de limpiar Con vitaminas y minerales Pedigree Sobrecitos es un alimento balanceado completo destinado a Perros Adultos Senior +7 años que brinda todos los nutrientes que tu perro necesita para ayudarlo a mantenerse saludable;Naturales como proteínas animales y vegetales Proporciona heces firmes y fáciles de limpiar Con vitaminas y minerales Pedigree Sobrecitos es un alimento balanceado completo destinado a Perros Adultos Senior +7 años que brinda todos los nutrientes que tu perro necesita para ayudarlo a mantenerse saludable;{};Imagenes_Alimentos/AllendesHnos/perros/pedigree/pedigree-pedigree-pouch-senior-en-salsa-sabor-carne-8305.png;https://www.allendeshnos.cl/wp-content/uploads/2023/06/11.png;https://www.allendeshnos.cl/producto/pedigree-sobres-senior-en-salsa-sabor-carne/
pedigree-pedigree-senior-sabor-carne-y-vegetales;Allendes Hnos;Pedigree;perro;senior;Pedigree  Senior Sabor Carne y Vegetales;"[""21kg""]";Ayuda su sistema inmunológico gracias a su contenido de antioxidantes, vitamina E y Selenio 24 vitaminas y minerales para una nutrición completa y balanceada. Proteínas de alta calidad Croquetas fáciles de romper para una masticación adecuada. Ayuda a un sistema digestivo sano . Pedigree Senior 7+ años- Alimento 100% completo y balanceado para perros adultos;;{};Imagenes_Alimentos/AllendesHnos/perros/pedigree/pedigree-pedigree-senior-sabor-carne-y-vegetales-8290.png;https://www.allendeshnos.cl/wp-content/uploads/2023/06/senior.png;https://www.allendeshnos.cl/producto/pedigree-croquetas-senior-sabor-carne-y-vegetales/
pedigree-pedigree-cachorro-sabor-carne-y-pollo;Allendes Hnos;Pedigree;perro;cachorro;Pedigree Cachorro Sabor Carne y Pollo;"[""21kg""]";Ayuda su sistema inmunológico gracias a su contenido de antioxidantes, vitamina E y Selenio Con Nutri Defense™ para un óptimo crecimiento DHA para contribuir al desarrollo cerebral y visual Fibras naturales para una óptima digestión Con calcio para huesos fuertes Pedigree cachorro- alimento 100% completo y balanceado para perros cachorros;;{};Imagenes_Alimentos/AllendesHnos/perros/pedigree/pedigree-pedigree-cachorro-sabor-carne-y-pollo-8273.png;https://www.allendeshnos.cl/wp-content/uploads/2023/06/5.png;https://www.allendeshnos.cl/producto/pedigree-croquetas-cachorro-sabor-carne-y-pollo/
pedigree-pedigree-adulto-razas-pequenas-sabor-carne-y-vegetales;Allendes Hnos;Pedigree;perro;adulto;Pedigree Adulto Razas Pequeñas Sabor Carne y Vegetales;"[""21kg""]";Ayuda su sistema inmunológico gracias a su contenido de antioxidantes, vitamina E y Selenio 24 vitaminas y minerales para una nutrición completa y balanceada. Proteínas de alta calidad Vegetales y granos selectos Óptima digestión Pedigree adulto razas pequeñas – alimento 100% completo y balanceado para perros adultos;;{};Imagenes_Alimentos/AllendesHnos/perros/pedigree/pedigree-pedigree-adulto-razas-pequenas-sabor-carne-y-v-8261.png;https://www.allendeshnos.cl/wp-content/uploads/2023/06/2.png;https://www.allendeshnos.cl/producto/pedigree-adulto-razas-pequenas-sabor-carne-y-vegetales/
pedigree-pedigree-adulto-high-protein-sabor-carne-y-pollo-21kg;Allendes Hnos;Pedigree;perro;adulto;Pedigree Adulto High Protein Sabor Carne y Pollo 21kg;"[""21kg""]";Ayuda su sistema inmunológico gracias a su contenido de antioxidantes, vitamina E y Selenio 24 vitaminas y minerales para una nutrición completa y balanceada. Proteínas de alta calidad Vegetales y granos selectos Óptima digestión Nuevo PEDIGREE HIGH PROTEIN, con 28% más proteína .Alimento seco completo y balanceado, elaborado con proteína de alta calidad, sin colorantes ni sabores artificiales.;;{};Imagenes_Alimentos/AllendesHnos/perros/pedigree/pedigree-pedigree-adulto-high-protein-sabor-carne-y-pol-8248.png;https://www.allendeshnos.cl/wp-content/uploads/2023/06/hifh.png;https://www.allendeshnos.cl/producto/pedigree-high-protein-croquetas-adulto-sabor-carne-y-pollo-21kg/
pedigree-pedigree-adulto-carne-pollo-cereal-21kg;Allendes Hnos;Pedigree;perro;adulto;Pedigree Adulto Carne Pollo Cereal 21kg;"[""21kg""]";Ayuda su sistema inmunológico gracias a su contenido de antioxidantes, vitamina E y Selenio 24 vitaminas y minerales para una nutrición completa y balanceada. Proteínas de alta calidad Vegetales y granos selectos Óptima digestión Pedigree Adulto Sabor Carne, Pollo Y Cereales – Alimento 100% Completo Y Balanceado Para Perros Adultos;;{};Imagenes_Alimentos/AllendesHnos/perros/pedigree/pedigree-pedigree-adulto-carne-pollo-cereal-21kg-8236.png;https://www.allendeshnos.cl/wp-content/uploads/2023/06/3.png;https://www.allendeshnos.cl/producto/pedigree-adulto-carne-pollo-cereal-21kg/
pedigree-pedigree-adulto-carne-y-vegetales-21-kg;Allendes Hnos;Pedigree;perro;adulto;Pedigree Adulto Carne y Vegetales 21 kg;"[""21kg""]";PEDIGREE ADULTO SABOR CARNE Y VEGETALES – ALIMENTO 100% COMPLETO Y BALANCEADO PARA PERROS ADULTOS Ayuda su sistema inmunológico gracias a su contenido de antioxidantes, vitamina E y Selenio 24 vitaminas y minerales para una nutrición completa y balanceada. Proteínas de alta calidad Vegetales y granos selectos Óptima digestión Pedigree Adulto Sabor Carne Y Vegetales – Alimento 100% Completo Y Balanceado Para Perros Adultos;;{};Imagenes_Alimentos/AllendesHnos/perros/pedigree/pedigree-pedigree-adulto-carne-y-vegetales-21-kg-8229.png;https://www.allendeshnos.cl/wp-content/uploads/2023/06/1.png;https://www.allendeshnos.cl/producto/pedigree-adulto-carne-y-vegetales-21-kg/
felinnes-felinnes-gatito-sabor-pollo-8-kg;Allendes Hnos;Felinnes;gato;cachorro;Felinnes Gatito Sabor Pollo 8 Kg;"[""8kg""]";Alimento completo y balanceado para gatitos cachorros en crecimiento hasta 1 año de vida y para madres en gestación y lactancia, elaborado con proteínas de origen animal y vegetal de alta digestibilidad, contiene vitaminas y minerales en concentraciones necesarias para un desarrollo fisiológico óptimo. Felinnes gatitos y madres en gestación y lactancia sabor pollo;;{};Imagenes_Alimentos/AllendesHnos/gatos/felinnes/felinnes-felinnes-gatito-sabor-pollo-8-kg-7070.png;https://www.allendeshnos.cl/wp-content/uploads/2023/05/3-5.png;https://www.allendeshnos.cl/producto/felinnes-gatito-sabor-pollo-8-kg/
felinnes-felinnes-adulto-sabor-pollo-20-kg;Allendes Hnos;Felinnes;gato;adulto;Felinnes Adulto Sabor Pollo 20 Kg;"[""20kg""]";Alimento completo y balanceado para gatos adultos elaborado con proteínas de origen animal y vegetal de alta digestibilidad, contiene vitaminas y minerales en concentraciones necesarias para un desarrollo fisiológico óptimo. Felinnes Adulto Sabor Pollo para gatos adultos sabor pollo;;{};Imagenes_Alimentos/AllendesHnos/gatos/felinnes/felinnes-felinnes-adulto-sabor-pollo-20-kg-7067.png;https://www.allendeshnos.cl/wp-content/uploads/2023/05/5-4.png;https://www.allendeshnos.cl/producto/felinnes-adulto-sabor-pollo-20-kg/
felinnes-felinnes-gatito-sabor-pollo-y-leche-20-kg;Allendes Hnos;Felinnes;gato;cachorro;Felinnes Gatito Sabor Pollo y Leche 20 Kg;"[""20kg""]";Alimento completo y balanceado para gatitos cachorros hasta 1 año de vida y madres en gestación y lactancia, elaborado con proteínas de origen animal y vegetal de alta digestibilidad, contiene vitaminas y minerales en concentraciones necesarias para un desarrollo fisiológico óptimo. Felinnes Gatito Sabor Pollo para madres en gestación y lactancia sabor pollo;;{};Imagenes_Alimentos/AllendesHnos/gatos/felinnes/felinnes-felinnes-gatito-sabor-pollo-y-leche-20-kg-7064.png;https://www.allendeshnos.cl/wp-content/uploads/2023/05/4-3.png;https://www.allendeshnos.cl/producto/felinnes-gatito-sabor-pollo-20-kg/
felinnes-felinnes-adulto-sabor-pollo-8-kg;Allendes Hnos;Felinnes;gato;adulto;Felinnes Adulto Sabor Pollo 8 Kg;"[""8kg""]";Alimento completo y balanceado para la mantención de gatos adultos elaborado con proteínas de origen animal y vegetal de alta digestibilidad, contiene vitaminas y minerales en concentraciones necesarias para un desarrollo fisiológico óptimo. Felinnes Adulto Sabor Pollo para gato adulto;;{};Imagenes_Alimentos/AllendesHnos/gatos/felinnes/felinnes-felinnes-adulto-sabor-pollo-8-kg-7047.png;https://www.allendeshnos.cl/wp-content/uploads/2023/05/6-4.png;https://www.allendeshnos.cl/producto/felinnes-adulto-sabor-pollo-8-kg/
cannes-cannes-snack-costillitas-24-und;Allendes Hnos;Cannes;perro;adulto;Cannes Snack Costillitas (24 und);"[""24un"", ""65gr""]";Premia a tus mascotas con las exquisitas Costillitas CANNES que complementan su alimento diario. Cannes Snack Costillitas semihumedo para perros adultos y cachorros;;{};Imagenes_Alimentos/AllendesHnos/perros/cannes/cannes-cannes-snack-costillitas-24-und-7041.png;https://www.allendeshnos.cl/wp-content/uploads/2023/05/8-4.png;https://www.allendeshnos.cl/producto/cannes-snack-costillitas-24-x-65-gr/
felinnes-felinnes-salmon-8kg;Allendes Hnos;Felinnes;gato;adulto;Felinnes Salmon 8kg;"[""8kg""]";Alimento completo y balanceado para gato adulto elaborado con proteínas de origen animal y vegetal de alta digestibilidad, contiene vitaminas y minerales en concentraciones necesarias para un desarrollo fisiológico óptimo. Felinnes Salmon gato adulto;;{};Imagenes_Alimentos/AllendesHnos/gatos/felinnes/felinnes-felinnes-salmon-8kg-7038.png;https://www.allendeshnos.cl/wp-content/uploads/2023/05/1-4.png;https://www.allendeshnos.cl/producto/felinnes-salmon-x-8-kg/
cannes-cannes-galletas-sabor-carne-12-und;Allendes Hnos;Cannes;perro;adulto;Cannes Galletas Sabor Carne (12 und);"[""12Un"", ""450gr""]";Premia a tus mascotas con las exquisitas galletas horneadas CANNES, que complementan su alimento diario de manera saludable porque contienen ácidos grasos Omega 3 y además ayudan a prevenir la formación de sarro, manteniendo sus dientes limpios y sanos. Cannes Caja De Galletas para perro adulto y cachorro sabor carne;;{};Imagenes_Alimentos/AllendesHnos/perros/cannes/cannes-cannes-galletas-sabor-carne-12-und-7035.png;https://www.allendeshnos.cl/wp-content/uploads/2023/05/dd.png;https://www.allendeshnos.cl/producto/cannes-caja-de-galletas-sabor-carne-12-x-450-gr/
cannes-cannes-premium-razas-pequena-18-kg;Allendes Hnos;Cannes;perro;adulto;Cannes Premium Razas Pequeña 18 Kg;"[""18kg""]";Cannes es un alimento completo y balanceado con ingredientes seleccionados de alta calidad, enriquecidos con vitaminas y minerales, que le brindan a su mascota una vida saludable. El alimento CANNES ADULTO cumple con los perfiles nutricionales establecidos por AAFCO (Association of American Feed Control Officials) para la mantención de perros adultos. Cannes Premium Razas Pequeña, Cannes adultos razas pequeñas (1 a 6 años) sabor carne con mix de granos ancestrales;seleccionados de alta calidad, enriquecidos con vitaminas y minerales, que le brindan a su mascota una vida saludable. El alimento CANNES ADULTO cumple con los perfiles nutricionales establecidos por AAFCO (Association of American Feed Control Officials) para la mantención de perros adultos. Cannes Premium Razas Pequeña, Cannes adultos razas pequeñas (1 a 6 años) sabor carne con mix de granos ancestrales;{};Imagenes_Alimentos/AllendesHnos/perros/cannes/cannes-cannes-premium-razas-pequena-18-kg-7032.png;https://www.allendeshnos.cl/wp-content/uploads/2023/05/1-5.png;https://www.allendeshnos.cl/producto/cannes-premium-razas-pequena-x-18-kg/
cannes-cannes-galletas-sabor-leche-12-und;Allendes Hnos;Cannes;perro;adulto;Cannes Galletas Sabor Leche (12 und);"[""12Un"", ""450gr""]";Premia a tus mascotas con las exquisitas galletas horneadas CANNES, que complementan su alimento diario de manera saludable porque contienen Omega 3 y además ayudan a prevenir la formación de sarro, manteniendo sus dientes limpios y sanos. Cannes Caja De Galletas para perro adulto y cachorro sabor leche;;{};Imagenes_Alimentos/AllendesHnos/perros/cannes/cannes-cannes-galletas-sabor-leche-12-und-7029.png;https://www.allendeshnos.cl/wp-content/uploads/2023/05/7-4.png;https://www.allendeshnos.cl/producto/cannes-caja-de-galletas-sabor-leche-12-x-450-gr/
cannes-cannes-snack-filetitos-24-und;Allendes Hnos;Cannes;perro;adulto;Cannes Snack Filetitos (24 und);"[""24un"", ""65gr""]";Premia a tus mascotas con las exquisitas Filetitos CANNES que complementan su alimento diario. Cannes Snack Filetitos , Snack semihumedo filetitos sabor lomo asado para perros adultos y cachorros;;{};Imagenes_Alimentos/AllendesHnos/perros/cannes/cannes-cannes-snack-filetitos-24-und-7026.png;https://www.allendeshnos.cl/wp-content/uploads/2023/05/9-5.png;https://www.allendeshnos.cl/producto/cannes-snack-filetitos-24-x-65-gr/
cannes-cannes-lata-cachorro-carne-12-und;Allendes Hnos;Cannes;perro;cachorro;Cannes Lata Cachorro Carne (12 und);"[""12Un"", ""375gr""]";Sorprende a tu perro con estos ricos y jugosos trocitos de carme que combinan el mejor sabor con un alimento balanceado rico en vitaminas y minerales. Cannes Display Lata, Trocitos jugosos adultos sabor carne;;{};Imagenes_Alimentos/AllendesHnos/perros/cannes/cannes-cannes-lata-cachorro-carne-12-und-7023.png;https://www.allendeshnos.cl/wp-content/uploads/2023/05/10-3.png;https://www.allendeshnos.cl/producto/cannes-display-lata-cachorro-carne-12x375-gr/
cannes-cannes-lata-adulto-carne-12-und;Allendes Hnos;Cannes;perro;adulto;Cannes Lata Adulto Carne (12 und);"[""12Un"", ""375gr""]";Sorprende a tu perro con estos ricos y jugosos trocitos de carme que combinan el mejor sabor con un alimento balanceado rico en vitaminas y minerales. Cannes Display Lata, Trocitos jugosos adultos sabor carne;;{};Imagenes_Alimentos/AllendesHnos/perros/cannes/cannes-cannes-lata-adulto-carne-12-und-7020.png;https://www.allendeshnos.cl/wp-content/uploads/2023/05/11-3.png;https://www.allendeshnos.cl/producto/cannes-display-lata-adt-carne-12x375/
cannes-cannes-lata-adulto-pollo-12-und;Allendes Hnos;Cannes;perro;adulto;Cannes Lata Adulto Pollo (12 und);"[""12Un"", ""375gr""]";Sorprende a tu perro con estos ricos y jugosos trocitos de pollo, que combinan el mejor sabor con un alimento balanceado rico en vitaminas y minerales. Cannes Display Lata de Trocitos jugosos adultos sabor pollo;;{};Imagenes_Alimentos/AllendesHnos/perros/cannes/cannes-cannes-lata-adulto-pollo-12-und-7017.png;https://www.allendeshnos.cl/wp-content/uploads/2023/05/12-3.png;https://www.allendeshnos.cl/producto/cannes-display-lata-adt-pollo-12x375-gr/
charly-charly-carne-y-cereales-25kg;Allendes Hnos;Charly;perro;adulto;Charly Carne y Cereales 25kg;"[""25kg""]";Charly es un alimento completo y balanceado para perro adulto. Sus irresistibles bocados le entregan a tu perro todas las vitaminas y minerales necesarios para su correcta nutrición y desarrollo Charly Carne Y Cereales para  perro adulto;;{};Imagenes_Alimentos/AllendesHnos/perros/charly/charly-charly-carne-y-cereales-25kg-7011.png;https://www.allendeshnos.cl/wp-content/uploads/2023/05/Charly-web.png;https://www.allendeshnos.cl/producto/charly-carne-y-cereales-25-kg/
charly-charly-adulto-carne-pollo-y-cereal-18kg;Allendes Hnos;Charly;perro;adulto;Charly Adulto Carne Pollo y Cereal 18kg;"[""18kg""]";Charly es un alimento completo y balanceado para perro adulto. Sus irresistibles bocados le entregan a tu perro tods las vitaminas y minerales necesarios para su correcta nutrición y desarrollo Charly Adulto perro adulto sabor carne y cereales;;{};Imagenes_Alimentos/AllendesHnos/perros/charly/charly-charly-adulto-carne-pollo-y-cereal-18kg-7008.png;https://www.allendeshnos.cl/wp-content/uploads/2023/05/18kg.png;https://www.allendeshnos.cl/producto/charly-adulto-carne-pollo-y-cereal-18-kg/
cannes-cannes-pouch-adulto-carne-24-und;Allendes Hnos;Cannes;perro;adulto;Cannes Pouch Adulto Carne (24 und);"[""100gr"", ""24un""]";Dale a tu perro sabrositos Cannes, exquisitos trocitos en salsa, que harán disfrutar a tu mascota, aportando a su alimentación proteínas de alta calidad Trocitos en salsa para perros adultos sabor carne;;{};Imagenes_Alimentos/AllendesHnos/perros/cannes/cannes-cannes-pouch-adulto-carne-24-und-6962.png;https://www.allendeshnos.cl/wp-content/uploads/2023/05/4-4.png;https://www.allendeshnos.cl/producto/cannes-pouch-adulto-carne-24x100-gr/
felinnes-felinnes-pouch-sabor-salmon-24-und;Allendes Hnos;Felinnes;gato;adulto;Felinnes Pouch Sabor Salmon (24 und);"[""24un"", ""85gr""]";Jugosos trocitos en salsa es una mezcla de seleccionados ingredientes para entregar a tu gato una experiencia única en sabor y textura. Felinnes Pouch, Trocitos en salsa para gato adulto sabor salmón;para entregar a tu gato una experiencia única en sabor y textura. Felinnes Pouch, Trocitos en salsa para gato adulto sabor salmón;{};Imagenes_Alimentos/AllendesHnos/gatos/felinnes/felinnes-felinnes-pouch-sabor-salmon-24-und-6959.png;https://www.allendeshnos.cl/wp-content/uploads/2023/05/9-2.png;https://www.allendeshnos.cl/producto/felinnes-pouch-sabor-salmon-24-x85gr/
felinnes-felinnes-pouch-gatito-carne-leche-24-und;Allendes Hnos;Felinnes;gato;cachorro;Felinnes Pouch Gatito Carne Leche (24 und);"[""24un"", ""85gr""]";Jugosos trocitos en salsa es una mezcla de seleccionados ingredientes para entregar a tu gato una experiencia única en sabor y textura. Felinnes Pouch, Trocitos en salsa para gatitos;para entregar a tu gato una experiencia única en sabor y textura. Felinnes Pouch, Trocitos en salsa para gatitos;{};Imagenes_Alimentos/AllendesHnos/gatos/felinnes/felinnes-felinnes-pouch-gatito-carne-leche-24-und-6956.png;https://www.allendeshnos.cl/wp-content/uploads/2023/05/8-7.png;https://www.allendeshnos.cl/producto/felinnes-pouch-gatito-carne-leche-24x85-gr/
cannes-cannes-pouch-adulto-pollo-24-und;Allendes Hnos;Cannes;perro;adulto;Cannes Pouch Adulto Pollo (24 und);"[""100gr"", ""24un""]";Dale a tu perro sabrositos Cannes, exquisitos trocitos en salsa, que harán disfrutar a tu mascota, aportando a su alimentación proteínas de alta calidad Cannes Pouch, Trocitos en salsa para perros adultos sabor pollo;;{};Imagenes_Alimentos/AllendesHnos/perros/cannes/cannes-cannes-pouch-adulto-pollo-24-und-6953.png;https://www.allendeshnos.cl/wp-content/uploads/2023/05/5-5.png;https://www.allendeshnos.cl/producto/cannes-pouch-adulto-pollo-24x100-gr/
cannes-cannes-pouch-cachorro-carne-24-und;Allendes Hnos;Cannes;perro;cachorro;Cannes Pouch Cachorro Carne (24 und);"[""24un"", ""85gr""]";Dale a tu perro sabrositos Cannes, exquisitos trocitos en salsa, que harán disfrutar a tu mascota, aportando a su alimentación proteínas de alta calidad Cannes Pouch, Trocitos en salsa para perros cachorros sabor carne;;{};Imagenes_Alimentos/AllendesHnos/perros/cannes/cannes-cannes-pouch-cachorro-carne-24-und-6949.png;https://www.allendeshnos.cl/wp-content/uploads/2023/05/6-5.png;https://www.allendeshnos.cl/producto/cannes-pouch-cachorro-carne-24x85-gr/
felinnes-felinnes-pouch-sabor-carne-24-und;Allendes Hnos;Felinnes;gato;adulto;Felinnes Pouch Sabor Carne (24 und);"[""2Kg""]";Jugosos trocitos en salsa es una mezcla de seleccionados ingredientes para entregar a tu gato una experiencia única en sabor y textura. Felinnes Pouch, Trocitos en salsa para gato adulto sabor carne;para entregar a tu gato una experiencia única en sabor y textura. Felinnes Pouch, Trocitos en salsa para gato adulto sabor carne;{};Imagenes_Alimentos/AllendesHnos/gatos/felinnes/felinnes-felinnes-pouch-sabor-carne-24-und-6946.png;https://www.allendeshnos.cl/wp-content/uploads/2023/05/7-6.png;https://www.allendeshnos.cl/producto/felinnes-pouch-sabor-carne-24x85gr/
felinnes-felinnes-salmon-20kg;Allendes Hnos;Felinnes;gato;adulto;Felinnes Salmon 20kg;"[""20kg""]";Alimento completo y balanceado para la mantención de gatos adultos elaborado con proteínas de origen animal y vegetal de alta digestibilidad, contiene vitaminas y minerales en concentraciones necesarias para un desarrollo fisiológico óptimo. Felinnes Salmon para gatos adulto;;{};Imagenes_Alimentos/AllendesHnos/gatos/felinnes/felinnes-felinnes-salmon-20kg-6943.png;https://www.allendeshnos.cl/wp-content/uploads/2023/05/2-4.png;https://www.allendeshnos.cl/producto/felinnes-salmon-x-20-kg/
cannes-cannes-premium-cachorro-18-kg;Allendes Hnos;Cannes;perro;cachorro;Cannes Premium Cachorro 18 Kg;"[""18kg""]";Cannes es un alimento completo y balanceado con ingredientes seleccionados de alta calidad, enriquecidos con vitaminas y minerales, que le brindan a su mascota una vida saludable. El alimento CANNES CACHORRO cumple con el perfil nutricional establecido por AAFCO (Association of American Feed Control Officials) para crecimiento y reproducción. Cannes Premium cachorros de 0 a 12 meses y madres en gestación y lactancia sabor carne con mix de granos ancestrales;seleccionados de alta calidad, enriquecidos con vitaminas y minerales, que le brindan a su mascota una vida saludable. El alimento CANNES CACHORRO cumple con el perfil nutricional establecido por AAFCO (Association of American Feed Control Officials) para crecimiento y reproducción. Cannes Premium cachorros de 0 a 12 meses y madres en gestación y lactancia sabor carne con mix de granos ancestrales;{};Imagenes_Alimentos/AllendesHnos/perros/cannes/cannes-cannes-premium-cachorro-18-kg-6940.png;https://www.allendeshnos.cl/wp-content/uploads/2023/05/2-5.png;https://www.allendeshnos.cl/producto/cannes-premium-cachorro-18-kg/
cannes-cannes-premium-carne-cereal-18-kg;Allendes Hnos;Cannes;perro;adulto;Cannes Premium Carne Cereal 18 Kg;"[""18kg""]";Cannes es un alimento completo y balanceado con ingredientes seleccionados de alta calidad, enriquecidos con vitaminas y minerales, que le brindan a su mascota una vida saludable. El alimento CANNES ADULTO cumple con el perfil nutricional establecido por AAFCO (Association of American Feed Control Officials) para la mantención de perros adultos. Cannes Premium Carne, adultos razas medianas y grandes (1 a 6 años) sabor carne con mix de granos ancestrales;seleccionados de alta calidad, enriquecidos con vitaminas y minerales, que le brindan a su mascota una vida saludable. El alimento CANNES ADULTO cumple con el perfil nutricional establecido por AAFCO (Association of American Feed Control Officials) para la mantención de perros adultos. Cannes Premium Carne, adultos razas medianas y grandes (1 a 6 años) sabor carne con mix de granos ancestrales;{};Imagenes_Alimentos/AllendesHnos/perros/cannes/cannes-cannes-premium-carne-cereal-18-kg-6937.png;https://www.allendeshnos.cl/wp-content/uploads/2023/05/3-6.png;https://www.allendeshnos.cl/producto/cannes-premium-carne-cereal-18-kg/
best-balance-best-balance-20kg;Allendes Hnos;Best Balance;perro;adulto;Best Balance 20kg;"[""20kg""]";Best Balance Adulto: Nueva línea Best Balance®, alimento premium de alta gama diseñado para Perros adultos de todas las razas. Creado cuidadosamente por un equipo selecto de Médicos Veterinarios y expertos en alimentación, poniendo especial cuidado para brindarle a tu mascota una dieta equilibrada, balanceada, saludable y con un inigualable sabor. –          Con Vitaminas y Minerales: ayudando a mantener órganos sanos y mejorar su sistema inmunológico. –          Prebióticos: manteniendo en condiciones óptimas el ambiente del tracto instestinal para asegurar la utilización de nutrientes. –          Con Antioxidantes naturales: enriquecido con selenio, vitamina E y C, contribuyendo a mejorar el sistema inmunológico y disminuir el envejecimiento celular debido a su efectiva acción antioxidante. –          Proteína Total mínimo: 23% –          Grasa total mínimo: 12% –          Fibra cruda máximo: 4% Best Balance Adulto: Nueva línea Best Balance®, alimento premium de alta gama diseñado para Perros adultos de todas las razas. Creado cuidadosamente por un equipo selecto de Médicos Veterinarios y expertos en alimentación, poniendo especial cuidado para brindarle a tu mascota una dieta equilibrada, balanceada, saludable y con un inigualable sabor.;;{};Imagenes_Alimentos/AllendesHnos/perros/best-balance/best-balance-best-balance-20kg-6792.png;https://www.allendeshnos.cl/wp-content/uploads/2023/05/Best-Balance-Adultos-Razas-M-y-G_-SECO-2.png;https://www.allendeshnos.cl/producto/best-balance-20k-2/
best-balance-best-balance-cachorro-10kg;Allendes Hnos;Best Balance;perro;cachorro;Best Balance Cachorro 10kg;"[""10kg""]";Best Balance Cachorro: Nueva línea Best Balance®, alimento premium de alta gama diseñado para cachorros de todas las razas. Creado cuidadosamente por un equipo selecto de Médicos Veterinarios y expertos en alimentación, poniendo especial cuidado para brindarle a tu cachorro una dieta equilibrada, balanceada, saludable y con un inigualable sabor. –          Incluye Semilla de linaza: gran fuente de fibra dietética potenciando la función digestiva. Rica en ácidos grasos, agentes reductores de colesterol. –          Con Omega 3 y Omega 6: actúan sobre el sistema inmunológico, nervioso y cardiovascular, mejorando el metabolismo de tu cachorro reflejándose en una piel sana y un pelaje brillante. –          Vitaminas y Minerales: ayudando a mantener órganos sanos y mejorar su sistema inmunológico. –          Proteína total mínimo:  28% –          Grasa Total mínimo: 11% –          Fibra cruda máximo: 4% Best Balance Cachorro: Nueva línea Best Balance®, alimento premium de alta gama diseñado para cachorros de todas las razas. Creado cuidadosamente por un equipo selecto de Médicos Veterinarios y expertos en alimentación, poniendo especial cuidado para brindarle a tu cachorro una dieta equilibrada, balanceada, saludable y con un inigualable sabor.;;{};Imagenes_Alimentos/AllendesHnos/perros/best-balance/best-balance-best-balance-cachorro-10kg-6786.png;https://www.allendeshnos.cl/wp-content/uploads/2023/05/Best-Balance-Cachorros-Razas-M-y-G_SECO.png;https://www.allendeshnos.cl/producto/best-balance-20k/
best-balance-best-balance-10kg;Allendes Hnos;Best Balance;perro;adulto;Best Balance 10kg;"[""10kg""]";Best Balance Adulto: Nueva línea Best Balance®, alimento premium de alta gama diseñado para Perros adultos de todas las razas. Creado cuidadosamente por un equipo selecto de Médicos Veterinarios y expertos en alimentación, poniendo especial cuidado para brindarle a tu mascota una dieta equilibrada, balanceada, saludable y con un inigualable sabor. –          Con Vitaminas y Minerales: ayudando a mantener órganos sanos y mejorar su sistema inmunológico. –          Prebióticos: manteniendo en condiciones óptimas el ambiente del tracto instestinal para asegurar la utilización de nutrientes. –          Con Antioxidantes naturales: enriquecido con selenio, vitamina E y C, contribuyendo a mejorar el sistema inmunológico y disminuir el envejecimiento celular debido a su efectiva acción antioxidante. –          Proteína Total mínimo: 23% –          Grasa total mínimo: 12% –          Fibra cruda máximo: 4% Best Balance Adulto: Nueva línea Best Balance®, alimento premium de alta gama diseñado para Perros adultos de todas las razas. Creado cuidadosamente por un equipo selecto de Médicos Veterinarios y expertos en alimentación, poniendo especial cuidado para brindarle a tu mascota una dieta equilibrada, balanceada, saludable y con un inigualable sabor.;;{};Imagenes_Alimentos/AllendesHnos/perros/best-balance/best-balance-best-balance-10kg-6780.png;https://www.allendeshnos.cl/wp-content/uploads/2023/05/Best-Balance-Adultos-Razas-M-y-G_-SECO.png;https://www.allendeshnos.cl/producto/best-balance-10k/
raza-best-balance-raza-pequena-10kg;Allendes Hnos;Raza;perro;adulto;Best Balance Raza Pequeña 10kg;"[""10kg""]";Best Balance Raza Pequeña: Nueva línea Best Balance®, alimento premium de alta gama diseñado para perros adultos de razas pequeñas. Creado cuidadosamente por un equipo selecto de Médicos Veterinarios y expertos en alimentación, poniendo especial cuidado para brindarle a tu mascota una dieta equilibrada, balanceada, saludable y con un inigualable sabor. –          Prebióticos: manteniendo en condiciones óptimas el ambiente del tracto intestinal para asegurar la utilización de nutrientes. –          Vitaminas y Minerales: ayudando a mantener órganos sanos y mejorar su sistema inmunológico. Análisis garantizado BMS –          Proteína total mínimo:  26% –          Grasa Total mínimo: 12% –          Fibra cruda máximo: 3% Best Balance Raza Pequeña: Nueva línea Best Balance®, alimento premium de alta gama diseñado para perros adultos de razas pequeñas. Creado cuidadosamente por un equipo selecto de Médicos Veterinarios y expertos en alimentación, poniendo especial cuidado para brindarle a tu mascota una dieta equilibrada, balanceada, saludable y con un inigualable sabor.;;{};Imagenes_Alimentos/AllendesHnos/perros/raza/raza-best-balance-raza-pequena-10kg-6776.png;https://www.allendeshnos.cl/wp-content/uploads/2023/05/Best-Balance-Adultos-Razas-pequenas_-SECO.png;https://www.allendeshnos.cl/producto/best-balance-raza-pequena-x-10-kg/
tyson-tyson-adulto-25kg;Allendes Hnos;Tyson;perro;adulto;Tyson Adulto 25kg;"[""25kg""]";TYSON es un alimento desarrollado por expertos Veterinarios. Posee una Power Vitamínico pensado para perros de todas las razas y tamaños, ayudando a fortalecer los aspectos funcionales más importantes en el desarrollo de la mascota. Incluye un potente golpe de Vitaminas y Minerales que aportan a una correcta vitalidad y mantención. TYSON ADULTO, ALIMENTO PARA PERROS EN FORMATO DE  25 KILOS;;{};Imagenes_Alimentos/AllendesHnos/perros/tyson/tyson-tyson-adulto-25kg-6770.png;https://www.allendeshnos.cl/wp-content/uploads/2023/05/Tyson-web.png;https://www.allendeshnos.cl/producto/tyson-adulto-x-25k/
sabrocat-sabrocat-20kg;Allendes Hnos;Sabrocat;gato;adulto;Sabrocat 20kg;"[""20kg""]";Sabrocat es un alimento balanceado que satisface los requerimientos nutricionales de su gato.  Su fórmula contiene todos los nutrientes: proteínas, grasa, carbohidratos, vitaminas y minerales necesarios para que su mascota se mantenga saludable. Sabrocat es un alimento balanceado que satisface los requerimientos nutricionales de su gato.  Su fórmula contiene todos los nutrientes: proteínas, grasa, carbohidratos, vitaminas y minerales necesarios para que su mascota se mantenga saludable.;;{};Imagenes_Alimentos/AllendesHnos/gatos/sabrocat/sabrocat-sabrocat-20kg-6752.png;https://www.allendeshnos.cl/wp-content/uploads/2023/05/2-10.png;https://www.allendeshnos.cl/producto/sabrocat-20-kg/
guau-forte-guau-forte-25kg;Allendes Hnos;Guau Forte;perro;adulto;Guau Forte 25kg;"[""25kg""]";GUAU FORTE, ALIMENTO PARA PERROS EN FORMATO DE  25 KILOS GUAU FORTE, ALIMENTO PARA PERROS EN FORMATO DE  25 KILOS;;{};Imagenes_Alimentos/AllendesHnos/perros/guau-forte/guau-forte-guau-forte-25kg-6742.png;https://www.allendeshnos.cl/wp-content/uploads/2023/05/GUAU-.png;https://www.allendeshnos.cl/producto/guau-forte-x-25-kgs/
don-cucho-don-cucho-8kg;Allendes Hnos;Don Cucho;gato;adulto;Don Cucho 8kg;"[""8kg""]";DON CUCHO, ALIMENTO PARA GATOS EN FORMATO DE  8 KILOS DON CUCHO, ALIMENTO PARA GATOS EN FORMATO DE  8 KILOS;;{};Imagenes_Alimentos/AllendesHnos/gatos/don-cucho/don-cucho-don-cucho-8kg-6734.png;https://www.allendeshnos.cl/wp-content/uploads/2023/05/don-cuchoo-8kg.png;https://www.allendeshnos.cl/producto/don-cucho-x-8k/
doko-doko-cachorro-24kg;Allendes Hnos;Doko;perro;cachorro;Doko Cachorro 24kg;"[""24kg""]";DOKO CACHORRO  24 KG DOKO CACHORRO  24 KG;;{};Imagenes_Alimentos/AllendesHnos/perros/doko/doko-doko-cachorro-24kg-6688.png;https://www.allendeshnos.cl/wp-content/uploads/2023/05/2-11.png;https://www.allendeshnos.cl/producto/doko-cachorro-24-kg/
doko-doko-adulto-carne-y-cereales-24kg;Allendes Hnos;Doko;perro;adulto;Doko Adulto Carne y Cereales 24kg;"[""24kg""]";DOKO ADULTO CARNE Y CEREALES  24 KG DOKO ADULTO CARNE Y CEREALES  24 KG;;{};Imagenes_Alimentos/AllendesHnos/perros/doko/doko-doko-adulto-carne-y-cereales-24kg-6677.png;https://www.allendeshnos.cl/wp-content/uploads/2023/05/1-11.png;https://www.allendeshnos.cl/producto/doko-adulto-carne-y-cereales-24-kg/
gati-gati-pescado-arroz-y-espinaca;Allendes Hnos;Gati;gato;adulto;Gati Pescado Arroz y Espinaca;"[""Estándar""]";El nuevo Purina Gati Recetas Caseras, es un sabroso alimento completo y balanceado, con recetas tan buenas como las que usted hace. El sabor de estas exquisitas Recetas Caseras, le encantarán a su gato ya que contienen el sabor y los nutrientes de la carne, el pescado y el pollo, mezclados con cereales y vegetales, lo que hacen que esta novedosa combinación de sabores le recuerde a la comida de verdad. Principales beneficios Excelente palatabilidad: La exquisita combinación de ingredientes, formas, aromas y texturas garantizan un sabor irresistible para los gatos. Óptimo nivel de vitaminas y minerales: Asegura un adecuado estado de músculos y huesos. Aceites y grasas: Favorece el desarrollo de una piel saludable y un pelo brillante. Ingredientes Maíz amarillo molido · Harina de soja · Harina de gluten de maíz · Harina de subproductos de pollo · Grasa animal estabilizada con BHT · Afrechillo de trigo · Harina de pescado · Harina de carne y hueso vacuno · Digesto animal (sabor natural de pollo) · Arroz de cervecería · Espinaca deshidratada · Carbonato de calcio · Fosfato bicalcico · Sal · Ácido fosfórico · DL-metionina · L-Lisina · Cloruro de colina · Taurina · Cloruro de potasio · Sulfato de zinc · Sulfato ferroso · Niacina · Suplementos vitamínicos (E, A, B-12, D-3) · Pantotenato de calcio · Sulfato de manganeso · Suplemento de riboflavina · Biotina · Acido fólico · Sulfato de cobre · Mononitrato de tiamina · Clorohidrato de piridoxina · Complejo menadiona sódica bisulfito (fuente de actividad de vitamina K) · Lodato de calcio · Selenito de sodio www.nestle.com.uy · Colorantes agregados (rojo 40, amarillo 5, azul 2 y dióxido de titanio) Nutrición Proteína cruda (mínimo) 24 % Grasa cruda (mínimo) 8 % Fibra curda (máximo) 4,5 % Humedad (máximo) 12 % Minerales (máximo) 9 % Calcio (mínimo/máximo) 1,1 % / 1,7 % Fósforo (mínimo/máximo) 0,9 % / 1,3 % El nuevo Purina Gati Recetas Caseras, es un sabroso alimento completo y balanceado, con recetas tan buenas como las que usted hace. El sabor de estas exquisitas Recetas Caseras, le encantarán a su gato ya que contienen el sabor y los nutrientes de la carne, el pescado y el pollo, mezclados con cereales y vegetales, lo que hacen que esta novedosa combinación de sabores le recuerde a la comida de verdad.;Maíz amarillo molido · Harina de soja · Harina de gluten de maíz · Harina de subproductos de pollo · Grasa animal estabilizada con BHT · Afrechillo de trigo · Harina de pescado · Harina de carne y hueso vacuno · Digesto animal (sabor natural de pollo) · Arroz de cervecería · Espinaca deshidratada · Carbonato de calcio · Fosfato bicalcico · Sal · Ácido fosfórico · DL-metionina · L-Lisina · Cloruro de colina · Taurina · Cloruro de potasio · Sulfato de zinc · Sulfato ferroso · Niacina · Suplementos vitamínicos (E, A, B-12, D-3) · Pantotenato de calcio · Sulfato de manganeso · Suplemento de riboflavina · Biotina · Acido fólico · Sulfato de cobre · Mononitrato de tiamina · Clorohidrato de piridoxina · Complejo menadiona sódica bisulfito (fuente de actividad de vitamina K) · Lodato de calcio · Selenito de sodio www.nestle.com.uy · Colorantes agregados (rojo 40, amarillo 5, azul 2 y dióxido de titanio) Nutrición Proteína cruda (mínimo) 24 % Grasa cruda (mínimo) 8 % Fibra curda (máximo) 4,5 % ;{};Imagenes_Alimentos/AllendesHnos/gatos/gati/gati-gati-pescado-arroz-y-espinaca-6539.png;https://www.allendeshnos.cl/wp-content/uploads/2023/05/1-9.png;https://www.allendeshnos.cl/producto/gati-pescado-arroz-y-espinaca-x-15k/
masko-cat-masko-cat-25kg;Allendes Hnos;Masko Cat;gato;cachorro;Masko Cat 25kg;"[""25kg""]";"Ingredientes Maíz, harina de carne y bovino, harina de soya, subproductos de cereales (trigo y arroz), harina de subproductos de ave, gluten de maíz, grasa animal pollo o vacuno, hidrolizado hígado de ave, harina de pescado, MOS (manano oligosacáridos), omega 3 y 6, extracto de Yucca Shidigera, taurina, ácido cítrico y/o fosfórico, carbonato de calcio, fosfato tricálcico, sal, adsorbentes naturales, antioxidantes, colorantes y saborizantes permitidos. Vitaminas: A; B1; B2; B6; K; E; B12, cloruro de colina, niacina, pantotenato de calcio, ácido fólico. Minerales: Calcio, fósforo, hierro, zinc, potasio, cloro, sodio, cobre, selenio. ANÁLISIS GARANTIZADO Humedad Máximo 12% Proteína Mínimo 28% Grasa Cruda Mínimo 10% Fibra Cruda Máximo 4.00% Calcio Mínimo 1.00% Fósforo Mínimo 0.80% Taurina Mínimo 0.10% Maíz, harina de carne y bovino, harina de soya, subproductos de cereales (trigo y arroz), harina de subproductos de ave";"Maíz, harina de carne y bovino, harina de soya, subproductos de cereales (trigo y arroz), harina de subproductos de ave, gluten de maíz, grasa animal pollo o vacuno, hidrolizado hígado de ave, harina de pescado, MOS (manano oligosacáridos), omega 3 y 6, extracto de Yucca Shidigera, taurina, ácido cítrico y/o fosfórico, carbonato de calcio, fosfato tricálcico, sal, adsorbentes naturales, antioxidantes, colorantes y saborizantes permitidos. Vitaminas: A; B1; B2; B6; K; E; B12, cloruro de colina, niacina, pantotenato de calcio, ácido fólico. Minerales: Calcio, fósforo, hierro, zinc, potasio, cloro, sodio, cobre, selenio.";{};Imagenes_Alimentos/AllendesHnos/gatos/masko-cat/masko-cat-masko-cat-25kg-6533.png;https://www.allendeshnos.cl/wp-content/uploads/2023/05/4-1.png;https://www.allendeshnos.cl/producto/masko-cat-x-25k/
masko-cat-masko-cat-10kg;Allendes Hnos;Masko Cat;gato;cachorro;Masko Cat 10kg;"[""10kg""]";"Ingredientes Maíz, harina de carne y bovino, harina de soya, subproductos de cereales (trigo y arroz), harina de subproductos de ave, gluten de maíz, grasa animal pollo o vacuno, hidrolizado hígado de ave, harina de pescado, MOS (manano oligosacáridos), omega 3 y 6, extracto de Yucca Shidigera, taurina, ácido cítrico y/o fosfórico, carbonato de calcio, fosfato tricálcico, sal, adsorbentes naturales, antioxidantes, colorantes y saborizantes permitidos. Vitaminas: A; B1; B2; B6; K; E; B12, cloruro de colina, niacina, pantotenato de calcio, ácido fólico. Minerales: Calcio, fósforo, hierro, zinc, potasio, cloro, sodio, cobre, selenio. ANÁLISIS GARANTIZADO Humedad Máximo 12% Proteína Mínimo 28% Grasa Cruda Mínimo 10% Fibra Cruda Máximo 4.00% Calcio Mínimo 1.00% Fósforo Mínimo 0.80% Taurina Mínimo 0.10% Maíz, harina de carne y bovino, harina de soya, subproductos de cereales (trigo y arroz), harina de subproductos de ave";"Maíz, harina de carne y bovino, harina de soya, subproductos de cereales (trigo y arroz), harina de subproductos de ave, gluten de maíz, grasa animal pollo o vacuno, hidrolizado hígado de ave, harina de pescado, MOS (manano oligosacáridos), omega 3 y 6, extracto de Yucca Shidigera, taurina, ácido cítrico y/o fosfórico, carbonato de calcio, fosfato tricálcico, sal, adsorbentes naturales, antioxidantes, colorantes y saborizantes permitidos. Vitaminas: A; B1; B2; B6; K; E; B12, cloruro de colina, niacina, pantotenato de calcio, ácido fólico. Minerales: Calcio, fósforo, hierro, zinc, potasio, cloro, sodio, cobre, selenio.";{};Imagenes_Alimentos/AllendesHnos/gatos/masko-cat/masko-cat-masko-cat-10kg-6528.png;https://www.allendeshnos.cl/wp-content/uploads/2023/05/3-2.png;https://www.allendeshnos.cl/producto/masko-cat-x-10k/
can-masko-can-25kg;Allendes Hnos;Can;perro;adulto;Masko Can 25kg;"[""25kg""]";Formula que contienen ingredientes balanceados y altamente digestibles, para un mejor aprovechamiento de los nutrientes. Delicioso sabor de Leche y Cereales junto a un alto nivel de crocancia del alimento, mejoran la textura y aceptación del producto. Contiene aditivos funcionales específicos, dirigidos a reforzar aspectos claves del organismo de su mascota. Masko es una línea de alta calidad nutricional, con una fórmula equilibrada en sus nutrientes e irresistible para la mascota. Fabricada en base a materias primas cuidadosamente seleccionadas y dosificadas, este alimento asegura óptimos niveles de digestibilidad y palatabilidad. Maíz, harina de soya, harina de carne y hueso bovino, harina de trigo, subproductos de cereales (trigo y arroz);balanceados y altamente digestibles, para un mejor aprovechamiento de los nutrientes. Delicioso sabor de Leche y Cereales junto a un alto nivel de crocancia del alimento, mejoran la textura y aceptación del producto. Contiene aditivos funcionales específicos, dirigidos a reforzar aspectos claves del organismo de su mascota. Masko es una línea de alta calidad nutricional, con una fórmula equilibrada en sus nutrientes e irresistible para la mascota. Fabricada en base a materias primas cuidadosamente seleccionadas y dosificadas, este alimento asegura óptimos niveles de digestibilidad y palatabilidad. Maíz, harina de soya, harina de carne y hueso bovino, harina de trigo, subproductos de cereales (trigo y arroz);{};Imagenes_Alimentos/AllendesHnos/perros/can/can-masko-can-25kg-6525.png;https://www.allendeshnos.cl/wp-content/uploads/2023/05/6-1.png;https://www.allendeshnos.cl/producto/masko-can-x-25k/
masko-cachorro-masko-cachorro-20kg;Allendes Hnos;Masko Cachorro;perro;cachorro;Masko Cachorro 20kg;"[""20kg""]";"Ingredientes Harina de carne y hueso bovino, maíz, harina de soya, harina de subproductos de ave, subproductos de cereales (trigo y arroz), grasa animal estabilizada de pollo y vacuno, suero lácteo, MOS (manano oligosacáridos), hidrolizado hígado de ave, omega 3 y 6, extracto de Yucca Shidigera, carbonato de calcio, fosfato tricálcico, sal, adsorbentes naturales, antioxidantes, colorantes y saborizantes permitidos. Vitaminas: A; B1; B2; B6; D3;E; niacina, cloruro colina, pantotenato de calcio y ácido fólico. Minerales: Calcio, fósforo, zinc, hierro, cobre, sodio y selenio. ANÁLISIS GARANTIZADO Humedad Máximo 12% Proteína Mínimo 26% Grasa Cruda Mínimo 11% Fibra Cruda Máximo 3.50% Calcio Mínimo 1.40% Fósforo Mínimo 0.80% Harina de carne y hueso bovino, maíz, harina de soya, harina de subproductos de ave, subproductos de cereales";"Harina de carne y hueso bovino, maíz, harina de soya, harina de subproductos de ave, subproductos de cereales (trigo y arroz), grasa animal estabilizada de pollo y vacuno, suero lácteo, MOS (manano oligosacáridos), hidrolizado hígado de ave, omega 3 y 6, extracto de Yucca Shidigera, carbonato de calcio, fosfato tricálcico, sal, adsorbentes naturales, antioxidantes, colorantes y saborizantes permitidos. Vitaminas: A; B1; B2; B6; D3;E; niacina, cloruro colina, pantotenato de calcio y ácido fólico. Minerales: Calcio, fósforo, zinc, hierro, cobre, sodio y selenio.";{};Imagenes_Alimentos/AllendesHnos/perros/masko-cachorro/masko-cachorro-masko-cachorro-20kg-6511.png;https://www.allendeshnos.cl/wp-content/uploads/2023/05/2-2.png;https://www.allendeshnos.cl/producto/masko-cachorro-x-20k/
masko-cachorro-masko-cachorro-10kg;Allendes Hnos;Masko Cachorro;perro;cachorro;Masko Cachorro 10kg;"[""10kg""]";"Harina de carne y hueso bovino, maíz, harina de soya, harina de subproductos de ave, subproductos de cereales (trigo y arroz), grasa animal estabilizada de pollo y vacuno, suero lácteo, MOS (manano oligosacáridos), hidrolizado hígado de ave, omega 3 y 6, extracto de Yucca Shidigera, carbonato de calcio, fosfato tricálcico, sal, adsorbentes naturales, antioxidantes, colorantes y saborizantes permitidos. Vitaminas: A; B1; B2; B6; D3; E; niacina, cloruro colina, pantotenato de calcio y ácido fólico. Minerales: Calcio, fósforo, zinc, hierro, cobre, sodio y selenio. ANÁLISIS GARANTIZADO Humedad Máximo 12% Proteína Mínimo 26% Grasa Cruda Mínimo 11% Fibra Cruda Máximo 3.50% Calcio Mínimo 1.40% Fósforo Mínimo 0.80% MASKO CACHORRO X 10K Harina de carne y hueso bovino, maíz, harina de soya, harina de subproductos de ave, subproductos de cereales";;{};Imagenes_Alimentos/AllendesHnos/perros/masko-cachorro/masko-cachorro-masko-cachorro-10kg-6501.png;https://www.allendeshnos.cl/wp-content/uploads/2023/05/1-2.png;https://www.allendeshnos.cl/producto/masko-cachorro-x-10k/
sabrokan-sabrokan-adulto-25-kg;Allendes Hnos;Sabrokan;perro;adulto;Sabrokan Adulto 25 Kg;"[""25kg""]";Sabrokan Adulto con Carne y Cereal – 25 kg Sabrokan Adulto C&C – 25 kg;;{};Imagenes_Alimentos/AllendesHnos/perros/sabrokan/sabrokan-sabrokan-adulto-25-kg-6412.png;https://www.allendeshnos.cl/wp-content/uploads/2023/05/1-10.png;https://www.allendeshnos.cl/producto/sabrokan-adulto-25-kg/
champion-dog-champion-dog-senior-18kg;Allendes Hnos;Champion Dog;perro;senior;Champion Dog Senior 18kg;"[""18kg""]";Champion Dog Senior Carne, Pollo y Vegetales 18 kg Champion Dog Senior 18 kg;;{};Imagenes_Alimentos/AllendesHnos/perros/champion-dog/champion-dog-champion-dog-senior-18kg-6400.png;https://www.allendeshnos.cl/wp-content/uploads/2023/05/5-3.png;https://www.allendeshnos.cl/producto/champion-dog-senior-18-kg/
champion-dog-champion-dog-adulto-raza-pequena-18kg;Allendes Hnos;Champion Dog;perro;adulto;Champion Dog Adulto Raza Pequeña 18kg;"[""18kg""]";Champion Dog Adulto Minis y Pequeños Carne, Pollo y Vegetales 18 kg Champion Dog Adulto RP 18 kg;;{};Imagenes_Alimentos/AllendesHnos/perros/champion-dog/champion-dog-champion-dog-adulto-raza-pequena-18kg-6397.png;https://www.allendeshnos.cl/wp-content/uploads/2023/05/2-3.png;https://www.allendeshnos.cl/producto/champion-dog-adulto-raza-pequena-18-kg/
champion-dog-champion-dog-cachorro-18kg;Allendes Hnos;Champion Dog;perro;cachorro;Champion Dog Cachorro 18kg;"[""18kg""]";Champion Dog Cachorros medianos y grandes Carne, Pollo y Leche 18 kg Champion Dog Cachorro 18 Kg;;{};Imagenes_Alimentos/AllendesHnos/perros/champion-dog/champion-dog-champion-dog-cachorro-18kg-6394.png;https://www.allendeshnos.cl/wp-content/uploads/2023/05/1-3.png;https://www.allendeshnos.cl/producto/champion-dog-cachorro-18-kg/
champion-dog-champion-dog-adulto-18kg;Allendes Hnos;Champion Dog;perro;adulto;Champion Dog Adulto 18kg;"[""18kg""]";Alimento Champion Dog Adulto Carne y Cereales 18 kg Champion Dog Adulto C&C 18 kg;;{};Imagenes_Alimentos/AllendesHnos/perros/champion-dog/champion-dog-champion-dog-adulto-18kg-6391.png;https://www.allendeshnos.cl/wp-content/uploads/2023/05/3-4.png;https://www.allendeshnos.cl/producto/champion-dog-adulto-18-kg/
champion-cat-champion-cat-pouch-atun-y-salmon-24-und;Allendes Hnos;Champion Cat;gato;adulto;Champion Cat Pouch Atún y Salmón (24 und);"[""100gr"", ""24un""]";"Los Trocitos en Salsa Champion Cat serán sin duda el alimento preferido de tu gato, ya que han sido delicadamente cocinados al horno, conservando todo el sabor y aroma de sus ingredientes. Los trocitos tienen un sabor y textura muy agradable al paladar de tu gato; y junto a su deliciosa salsa, lo convierten en un alimento completamente irresistible para tu gato. Champion Cat Pouch Atún Y Salmón Trocitos en salsa";;{};Imagenes_Alimentos/AllendesHnos/gatos/champion-cat/champion-cat-champion-cat-pouch-atun-y-salmon-24-und-6344.png;https://www.allendeshnos.cl/wp-content/uploads/2023/05/5-2.png;https://www.allendeshnos.cl/producto/champion-cat-pouch-atun-y-salmon-24x100g/
champion-cat-champion-cat-pouch-carne-24-und;Allendes Hnos;Champion Cat;gato;adulto;Champion Cat Pouch Carne (24 und);"[""100gr"", ""24un""]";Champion Cat Pouch Carne Trocitos en salsa Champion sabor carne;;{};Imagenes_Alimentos/AllendesHnos/gatos/champion-cat/champion-cat-champion-cat-pouch-carne-24-und-6339.png;https://www.allendeshnos.cl/wp-content/uploads/2023/05/6-2.png;https://www.allendeshnos.cl/producto/champion-cat-pouch-carne-24-x-100-g/
dog-selection-criadores-dog-selection-criadores-cachorro-carne-pollo-y-leche;Allendes Hnos;Dog Selection Criadores;perro;cachorro;Dog Selection Criadores Cachorro Carne, Pollo y Leche;"[""Estándar""]";DOG SELECTION CRIADORES CACHORRO CARNE POLLO Y LECHE 21+3 KG DOG SELECTION CRIADORES CACHORRO CARNE POLLO Y LECHE 21+3 KG;;{};Imagenes_Alimentos/AllendesHnos/perros/dog-selection-criadores/dog-selection-criadores-dog-selection-criadores-cachorr-6333.png;https://www.allendeshnos.cl/wp-content/uploads/2023/05/Dog-Selection-web-1-1.png;https://www.allendeshnos.cl/producto/dog-selection-criadores-cachorro-carne-pollo-y-leche/
raza-dog-selection-criadores-adulto-raza-pequena;Allendes Hnos;Raza;perro;adulto;Dog Selection Criadores Adulto Raza Pequeña;"[""Estándar""]";DOG SELECTION CRIADORES ADULTO RAZA PEQUEÑA X 15 KG DOG SELECTION CRIADORES ADULTO RAZA PEQUEÑA X 15 KG;;{};Imagenes_Alimentos/AllendesHnos/perros/raza/raza-dog-selection-criadores-adulto-raza-pequena-6329.png;https://www.allendeshnos.cl/wp-content/uploads/2023/05/Dog-Selection-web-.png;https://www.allendeshnos.cl/producto/dog-selection-criadores-adulto-raza-pequena/
dog-selection-criadores-dog-selection-criadores-adulto-carne-y-pollo;Allendes Hnos;Dog Selection Criadores;perro;adulto;Dog Selection Criadores Adulto Carne y Pollo;"[""Estándar""]";DOG SELECTION CRIADORES ADULTO CARNE Y POLLO X 21+3 KG DOG SELECTION CRIADORES ADULTO CARNE Y POLLO X 21+3 KG;;{};Imagenes_Alimentos/AllendesHnos/perros/dog-selection-criadores/dog-selection-criadores-dog-selection-criadores-adulto--6312.png;https://www.allendeshnos.cl/wp-content/uploads/2023/05/Dog-Selection-web-1.png;https://www.allendeshnos.cl/producto/dog-selection-criadores-adulto-carne-y-pollo/
champion-dog-champion-dog-pouch-cachorro-24-und;Allendes Hnos;Champion Dog;perro;cachorro;Champion Dog Pouch Cachorro (24 und);"[""100gr"", ""24un""]";Los Trocitos en Salsa Champion Dog han sido delicadamente cocinados al horno, con un sabor irresistible para tu cachorro. Puedes dárselo solo o mezclándolo con el alimento seco, ya que su exquisita salsa le dará un sabor muy delicioso a su comida habitual, con lo que le demostrarás toda la entrega y cariño que tienes hacia él por verlo feliz. Champion Dog Pouch Cachorro;;{};Imagenes_Alimentos/AllendesHnos/perros/champion-dog/champion-dog-champion-dog-pouch-cachorro-24-und-6293.png;https://www.allendeshnos.cl/wp-content/uploads/2023/05/6-3.png;https://www.allendeshnos.cl/producto/champion-dog-pouch-cachorro-24-x-100-g/
champion-dog-champion-dog-pouch-pollo-24-und;Allendes Hnos;Champion Dog;perro;adulto;Champion Dog Pouch Pollo (24 und);"[""100gr"", ""24un""]";Los Trocitos en Salsa Champion Dog han sido delicadamente cocinados al horno, con un sabor irresistible para tu perro. Puedes dárselo solo o mezclándolo con el alimento seco, ya que su exquisita salsa le dará un sabor muy delicioso a su comida habitual, con lo que le demostrarás toda la entrega y cariño que tienes hacia él por verlo feliz. Champion Dog Pouch Sabor Pollo Trocitos en Salsa para Perros Adultos Sabor Pollo;;{};Imagenes_Alimentos/AllendesHnos/perros/champion-dog/champion-dog-champion-dog-pouch-pollo-24-und-6290.png;https://www.allendeshnos.cl/wp-content/uploads/2023/05/10-1.png;https://www.allendeshnos.cl/producto/champion-dog-pouch-sabor-pollo-24-x-100g/
champion-dog-champion-dog-pouch-carne-y-verdura-24-und;Allendes Hnos;Champion Dog;perro;adulto;Champion Dog Pouch Carne y Verdura (24 und);"[""100gr"", ""24un""]";Los Trocitos en Salsa Champion Dog han sido delicadamente cocinados al horno, con un sabor irresistible para tu perro. Puedes dárselo solo o mezclándolo con el alimento seco, ya que su exquisita salsa le dará un sabor muy delicioso a su comida habitual, con lo que le demostrarás toda la entrega y cariño que tienes hacia él por verlo feliz. Champion Dog Pouch Sabor Trocitos en Salsa para Perros Adultos Sabor Carne y Verduras;;{};Imagenes_Alimentos/AllendesHnos/perros/champion-dog/champion-dog-champion-dog-pouch-carne-y-verdura-24-und-6287.png;https://www.allendeshnos.cl/wp-content/uploads/2023/05/9-1.png;https://www.allendeshnos.cl/producto/champion-dog-pouch-sabor-cv-24-x-100-g/
champion-cat-champion-cat-lata-pescado-24-und;Allendes Hnos;Champion Cat;gato;adulto;Champion Cat Lata Pescado (24 und);"[""24un"", ""315gr""]";Champion Cat Recetas de Paté es un alimento húmedo especialmente preparado para deleitar el paladar de tu gato, ya que contiene ingredientes frescos y finamente seleccionados para ser preparados con la mejor receta. Además, contiene todos los nutrientes necesarios para mantener su salud y bienestar. Champion Cat Lata Pescado Recetas de paté pescado;frescos y finamente seleccionados para ser preparados con la mejor receta. Además, contiene todos los nutrientes necesarios para mantener su salud y bienestar. Champion Cat Lata Pescado Recetas de paté pescado;{};Imagenes_Alimentos/AllendesHnos/gatos/champion-cat/champion-cat-champion-cat-lata-pescado-24-und-6276.png;https://www.allendeshnos.cl/wp-content/uploads/2023/05/12.png;https://www.allendeshnos.cl/producto/champion-cat-lata-pescado-24-x-315-g/
champion-cat-champion-cat-lata-carne-24-und;Allendes Hnos;Champion Cat;gato;adulto;Champion Cat Lata Carne (24 und);"[""24un"", ""315gr""]";Champion Cat Recetas de Paté es un alimento húmedo especialmente preparado para deleitar el paladar de tu gato, ya que contiene ingredientes frescos y finamente seleccionados para ser preparados con la mejor receta. Además, contiene todos los nutrientes necesarios para mantener su salud y bienestar. Champion Cat Lata Carne Recetas de paté carne;frescos y finamente seleccionados para ser preparados con la mejor receta. Además, contiene todos los nutrientes necesarios para mantener su salud y bienestar. Champion Cat Lata Carne Recetas de paté carne;{};Imagenes_Alimentos/AllendesHnos/gatos/champion-cat/champion-cat-champion-cat-lata-carne-24-und-6272.png;https://www.allendeshnos.cl/wp-content/uploads/2023/05/10.png;https://www.allendeshnos.cl/producto/champion-cat-lata-carne-24-x-315-g/
champion-dog-champion-dog-lata-pollo-24-und;Allendes Hnos;Champion Dog;perro;adulto;Champion Dog Lata Pollo (24 und);"[""24un"", ""315gr""]";Champion Dog recetas de paté, es un alimento húmedo, especialmente formulado para alimentar la felicidad de tu perro, ya que contiene ingredientes frescos y finamente seleccionados para ser preparados con la mejor receta. Además contiene todos los nutrientes necesarios para mantener tu salud y bienestar. Champion Dog Lata, Recetas de Paté para Perros Adultos Sabor Pollo;frescos y finamente seleccionados para ser preparados con la mejor receta. Además contiene todos los nutrientes necesarios para mantener tu salud y bienestar. Champion Dog Lata, Recetas de Paté para Perros Adultos Sabor Pollo;{};Imagenes_Alimentos/AllendesHnos/perros/champion-dog/champion-dog-champion-dog-lata-pollo-24-und-6269.png;https://www.allendeshnos.cl/wp-content/uploads/2023/05/12-1.png;https://www.allendeshnos.cl/producto/champion-dog-lata-pc-24-x-315-g/
champion-dog-champion-dog-lata-carne-24-und;Allendes Hnos;Champion Dog;perro;adulto;Champion Dog Lata Carne (24 und);"[""24un"", ""315gr""]";Champion Dog recetas de paté, es un alimento húmedo, especialmente formulado para alimentar la felicidad de tu perro, ya que contiene ingredientes frescos y finamente seleccionados para ser preparados con la mejor receta. Además contiene todos los nutrientes necesarios para mantener tu salud y bienestar. Champion Dog Lata Recetas de Paté para Perros Adultos Sabor Carne;frescos y finamente seleccionados para ser preparados con la mejor receta. Además contiene todos los nutrientes necesarios para mantener tu salud y bienestar. Champion Dog Lata Recetas de Paté para Perros Adultos Sabor Carne;{};Imagenes_Alimentos/AllendesHnos/perros/champion-dog/champion-dog-champion-dog-lata-carne-24-und-6263.png;https://www.allendeshnos.cl/wp-content/uploads/2023/05/13-1.png;https://www.allendeshnos.cl/producto/champion-dog-lata-cc-24-x-315-g/
champion-dog-champion-dog-lata-cachorro-24-und;Allendes Hnos;Champion Dog;perro;cachorro;Champion Dog Lata Cachorro (24 und);"[""24un"", ""315gr""]";Champion Dog recetas de paté, es un alimento húmedo, especialmente formulado para alimentar la felicidad de tu cachorro, ya que contiene ingredientes frescos y finamente seleccionados para ser preparados con la mejor receta. Además contiene todos los nutrientes necesarios para mantener tu salud y bienestar. Champion Dog Lata Cachorro Recetas de Paté para Perros Sabor Pollo;frescos y finamente seleccionados para ser preparados con la mejor receta. Además contiene todos los nutrientes necesarios para mantener tu salud y bienestar. Champion Dog Lata Cachorro Recetas de Paté para Perros Sabor Pollo;{};Imagenes_Alimentos/AllendesHnos/perros/champion-dog/champion-dog-champion-dog-lata-cachorro-24-und-6256.png;https://www.allendeshnos.cl/wp-content/uploads/2023/05/11-1.png;https://www.allendeshnos.cl/producto/champion-dog-lata-cachorro-24-x-315-g/
nomade-nomade-cachorro-10kg;Allendes Hnos;Nómade;perro;cachorro;Nomade Cachorro 10Kg;"[""10Kg""]";Nómade es un alimento para perros cachorros de todas las razas desarrollado por expertos en nutrición animal. Un alimento que excede los requerimientos nutricionales de los cachorros, para lograr un desarrollo al máximo de su potencial genético, proporcionando una dieta sana y equilibrada para una vida plena, feliz y en movimiento. ENRIQUECIDO CON ÁCIDOS GRASOS OMEGA 3 Y 6 – Los ácidos grasos Omega 3 y 6 proporcionan un pelaje más sano y un mejor desarrollo y funcionamiento del sistema nervioso. MEJORA EL SISTEMA INMUNE Y LA ABSORCIÓN DE NUTRIENTES – Nómade incorpora MOS (Manano Oligosacáridos) que permite una mayor absorción de nutrientes, además contiene XPC®, (cultivo de levaduras) que producen un marcado aumento en la inmunidad. – USO RECOMENDADO PARA HEMBRAS EN ETAPA DE GESTACIÓN Y LACTANCIA – Dado el alto nivel de proteínas y nutrientes que posee este alimento, necesario para mantener a su mascota en estas etapas de alto nivel de requerimiento nutricional. – MÚSCULOS MÁS FUERTES Y SANOS – Proteínas de alta calidad y adecuado balance de aminoácidos, ayudan a desarrollar y mantener músculos fuertes y saludables, gracias a que promueve un metabolismo general óptimo. ENRIQUECIDO CON MAQUI – Esta fruta oriunda de nuestro país, contiene un alto contenido de antioxidantes celulares que tienen función cardio-protectora, ayudan a regular el metabolismo de la glucosa y del colesterol, teniendo además función antiinflamatoria – CONTIENE EXTRACTO DE QUILLAY – Reducción de los olores molestos de las heces de los perros (amonio, ácido sulfhídrico y mercaptanos). SIN COLORANTES ARTIFICIALES Nomade Cachorro  Diseñado para cachorro de todos los tamaños;;{};Imagenes_Alimentos/AllendesHnos/perros/nomade/nomade-nomade-cachorro-10kg-6174.png;https://www.allendeshnos.cl/wp-content/uploads/2023/05/5.png;https://www.allendeshnos.cl/producto/nomade-cachorro-10kg/
nomade-nomade-adulto-raza-pequena-10kg;Allendes Hnos;Nómade;perro;adulto;Nomade Adulto Raza Pequeña 10Kg;"[""10Kg""]";Nómade es un alimento para perros adultos de razas pequeñas desarrollado por expertos en nutrición animal. Un alimento que excede los requerimientos nutricionales de perros adultos, aún de las razas más exigentes, proporcionando una dieta sana y equilibrada para una vida plena, feliz y en movimiento. Beneficios: ENRIQUECIDO CON ÁCIDOS GRASOS OMEGA 3 Y 6 – Los ácidos grasos Omega 3 y 6 proporcionan un pelaje más sano y un mejor desarrollo y funcionamiento del sistema nervioso. MEJORA EL SISTEMA INMUNE Y LA ABSORCIÓN DE NUTRIENTES – Nómade incorpora MOS (Manano Oligosacáridos) que permite una mayor absorción de nutrientes, además contiene XPC®, (cultivo de levaduras) que producen un marcado aumento en la inmunidad. – DIENTES MÁS BLANCOS Y ENCÍAS MAS SANAS – El uso regular de HMF reduce significativamente el sarro dental, lográndose dientes más blancos y encías más sanas. MÚSCULOS MÁS FUERTES Y SANOS – Proteínas de alta calidad y adecuado balance de aminoácidos, ayudan a desarrollar y mantener músculos fuertes y saludables, gracias a que promueve un metabolismo general óptimo. ENRIQUECIDO CON MAQUI – Esta fruta oriunda de nuestro país, contiene un alto contenido de antioxidantes celulares que tienen función cardio-protectora, ayudan a regular el metabolismo de la glucosa y del colesterol, teniendo además función antiinflamatoria – CONTIENE EXTRACTO DE QUILLAY – Reducción de los olores molestos de las heces de los perros (amonio, ácido sulfhídrico y mercaptanos). SIN COLORANTES ARTIFICIALES Nomade Adulto Raza Pequeña , Diseñado para perros adultos de tamaño pequeño;;{};Imagenes_Alimentos/AllendesHnos/perros/nomade/nomade-nomade-adulto-raza-pequena-10kg-6169.png;https://www.allendeshnos.cl/wp-content/uploads/2023/05/3-1.png;https://www.allendeshnos.cl/producto/nomade-adulto-raza-pequena-10kg/
nomade-nomade-adulto-raza-mediana-y-grande-20kg;Allendes Hnos;Nómade;perro;adulto;Nomade Adulto Raza Mediana y Grande 20Kg;"[""20kg""]";Un alimento que excede los requerimientos nutricionales de perros adultos, aún de las razas más exigentes, proporcionando una dieta sana y equilibrada para una vida plena, feliz y en movimiento. BENEFICIOS ENRIQUECIDO CON ÁCIDOS GRASOS OMEGA 3 Y 6 – Los ácidos grasos Omega 3 y 6 proporcionan un pelaje más sano y un mejor desarrollo y funcionamiento del sistema nervioso. MEJORA EL SISTEMA INMUNE Y LA ABSORCIÓN DE NUTRIENTES – Nómade incorpora MOS (Manano Oligosacáridos) que permite una mayor absorción de nutrientes, además contiene XPC®, (cultivo de levaduras) que producen un marcado aumento en la inmunidad. – DIENTES MÁS BLANCOS Y ENCÍAS MAS SANAS – El uso regular de HMF reduce significativamente el sarro dental, lográndose dientes más blancos y encías más sanas. MÚSCULOS MÁS FUERTES Y SANOS – Proteínas de alta calidad y adecuado balance de aminoácidos, ayudan a desarrollar y mantener músculos fuertes y saludables, gracias a que promueve un metabolismo general óptimo. ENRIQUECIDO CON MAQUI – Esta fruta oriunda de nuestro país, contiene un alto contenido de antioxidantes celulares que tienen función cardio-protectora, ayudan a regular el metabolismo de la glucosa y del colesterol, teniendo además función antiinflamatoria – CONTIENE EXTRACTO DE QUILLAY – Reducción de los olores molestos de las heces de los perros (amonio, ácido sulfhídrico y mercaptanos). SIN COLORANTES ARTIFICIALES Nomade Adulto Raza Mediana Y Grande , Diseñado para perros adultos de tamaño mediano y grande;;{};Imagenes_Alimentos/AllendesHnos/perros/nomade/nomade-nomade-adulto-raza-mediana-y-grande-20kg-6153.png;https://www.allendeshnos.cl/wp-content/uploads/2023/05/1-1.png;https://www.allendeshnos.cl/producto/nomade-adulto-raza-mediana-y-grande-20kg/
stay-happy-stay-happy-creamy-cat-salmon-6-und;Allendes Hnos;Stay Happy;gato;adulto;Stay Happy Creamy Cat Salmón (6 und);"[""56g"", ""6un""]";Paté cremoso elaborado con carne de salmón. Su exquisito sabor sera el delirio de tu gato. Es un producto libre de granos y alto en proteinas. Paté cremoso con sabor a Salmón. Libre de granos y alto en proteínas.;;{};Imagenes_Alimentos/AllendesHnos/gatos/stay-happy/stay-happy-stay-happy-creamy-cat-salmon-6-und-6150.png;https://www.allendeshnos.cl/wp-content/uploads/2023/05/12-4.png;https://www.allendeshnos.cl/producto/creamy-cat-salmon-56grs-disp-6und/
stay-happy-stay-happy-creamy-cat-pollo-camaron-6-und;Allendes Hnos;Stay Happy;gato;adulto;Stay Happy Creamy Cat Pollo Camarón (6 und);"[""56g"", ""6un""]";Paté cremoso elaborado con carne de pollo fresco y camarón fresco. Su exquisito sabor sera el delirio de tu gato. Es un producto libre de granos y alto en proteínas. Con extracto de yucca que ayuda a reducir el olor de las fecas. Creamy Cat Pollo Camarón , Paté cremoso con sabor a Pollo Camarón. Libre de granos y alto en proteínas.;;{};Imagenes_Alimentos/AllendesHnos/gatos/stay-happy/stay-happy-stay-happy-creamy-cat-pollo-camaron-6-und-6143.png;https://www.allendeshnos.cl/wp-content/uploads/2023/05/13-2.png;https://www.allendeshnos.cl/producto/creamy-cat-pollo-camaron-56grs-disp-6und/
stay-happy-stay-happy-creamy-cat-pollo-6-und;Allendes Hnos;Stay Happy;gato;adulto;Stay Happy Creamy Cat Pollo (6 und);"[""56g"", ""6un""]";Paté cremoso elaborado con carne de pollo fresco. Su exquisito sabor será el delirio de tu gato. Es un producto libre de granos y alto en proteínas. Con extracto de yucca que ayuda a reducir el olor de las fecas. Creamy Cat Pollo, Paté cremoso con sabor a Pollo. Libre de granos y alto en proteínas.;;{};Imagenes_Alimentos/AllendesHnos/gatos/stay-happy/stay-happy-stay-happy-creamy-cat-pollo-6-und-6098.png;https://www.allendeshnos.cl/wp-content/uploads/2023/05/11-4.png;https://www.allendeshnos.cl/producto/creamy-cat-pollo-56grs-disp-6und/
stay-happy-stay-happy-destructor-de-olores-gatos-4-und;Allendes Hnos;Stay Happy;gato;adulto;Stay Happy Destructor de olores Gatos (4 und);"[""500ml""]";Fórmula natural compuestas de enzimas que degradan los olores de heces y orina de tu perro. Es seguro para tu mascota, para tu hogar y para el ambiente. 100% biodegradable. – No mancha. – No es tóxico. Destructor De Olores , Fórmula natural compuestas de enzimas que degradan los olores de heces y orina de tu gato.;;{};Imagenes_Alimentos/AllendesHnos/gatos/stay-happy/stay-happy-stay-happy-destructor-de-olores-gatos-4-und-5962.png;https://www.allendeshnos.cl/wp-content/uploads/2023/04/37-1.png;https://www.allendeshnos.cl/producto/stay-happy-destructor-de-olores-gatos-500ml/
stay-happy-stay-happy-destructor-de-olores-perros-4-und;Allendes Hnos;Stay Happy;perro;adulto;Stay Happy Destructor de olores Perros (4 und);"[""500ml""]";Fórmula natural compuestas de enzimas que degradan los olores de heces y orina de tu perro. Es seguro para tu mascota, para tu hogar y para el ambiente. 100% biodegradable. – Fórmula bio natural que elimina olores. – Fórmula ecológica, seguro para el medio ambiente (100% Biodegradable). – Contiene enzimas que degradan orina, heces, diarrea y vómito. – Seguro para tu mascota y hogar (No mancha, No es tóxico) Destructor De Olores , fórmula natural compuestas de enzimas que degradan los olores de heces y orina de tu perro.;;{};Imagenes_Alimentos/AllendesHnos/perros/stay-happy/stay-happy-stay-happy-destructor-de-olores-perros-4-und-5947.png;https://www.allendeshnos.cl/wp-content/uploads/2023/04/38-1.png;https://www.allendeshnos.cl/producto/stay-happy-destructor-de-olores-perros-500ml/
animal-planet-nutribalance-animal-planet-nutribalance-gato-adulto-8kg;Allendes Hnos;Animal Planet Nutribalance;gato;adulto;Animal Planet Nutribalance Gato Adulto 8kg;"[""8kg""]";Nutrición completa para gatos adultos. Su formulación entrega proteínas de alto nivel biológico, lo que promueve una óptima salud digestiva y un aporte de aminoácidos para la formación y mantención de la masa muscular. FORMULADO POR ESPECIALISTAS La combinación de ingredientes esenciales en nuestros productos, ayudarán a mantener una óptima nutrición en tu mascota. icono riñones Salud Tracto Urinario Animal Planet Nutribalance para gatos adultos está formulado con niveles equilibrados de Calcio y Fósforo, lo que favorece un buen funcionamiento del sistema urinario, generando un balance en el ph de la orina, evitando una sobresaturación de cationes o aniones, debido al bajo consumo de agua de los felinos. icono digestión Óptima Digestión Formulado con proteínas de alta digestibilidad y valor biológico. Contiene minerales orgánicos de alta disponibilidad y MOS (Mananooligosacáridos), que ayudan a mantener la salud digestiva, mejorando a su vez, la absorción de nutrientes. icono cuero capilar Promueve un pelaje brillante La incorporación de ácidos grasos Omega 3, vitaminas y minerales orgánicos en la formulación, contribuyen a fortalecer la queratina, la que entrega estructura al pelo y mantiene la salud de los folículos pilosos, manteniendo la lubricación, elasticidad y brillo del pelaje de su gato. Animal Planet Nutribalance Gato Adulto Un buen alimento para gatos adultos requiere entregar proteínas de alto valor biológico, promoviendo una óptima salud digestiva y un buen desarrollo muscular. Ademas de proporcionar beneficios funcionales que promueven un pelaje sano y brillante, una óptima digestión y un buen funcionamiento del tracto urinario.;esenciales en nuestros productos, ayudarán a mantener una óptima nutrición en tu mascota. icono riñones Salud Tracto Urinario Animal Planet Nutribalance para gatos adultos está formulado con niveles equilibrados de Calcio y Fósforo, lo que favorece un buen funcionamiento del sistema urinario, generando un balance en el ph de la orina, evitando una sobresaturación de cationes o aniones, debido al bajo consumo de agua de los felinos. icono digestión Óptima Digestión Formulado con proteínas de alta digestibilidad y valor biológico. Contiene minerales orgánicos de alta disponibilidad y MOS (Mananooligosacáridos), que ayudan a mantener la salud digestiva, mejorando a su vez, la absorción de nutrientes. icono cuero capilar Promueve un pelaje brillante La incorporación de ácidos grasos Omega 3, vitaminas y minerales orgánicos en la formulación, contribuyen a fortalecer la queratina, la que entrega estructura al pelo y mantiene la salud de los folículos pilosos, manteniendo la lubricación, ela;{};Imagenes_Alimentos/AllendesHnos/gatos/animal-planet-nutribalance/animal-planet-nutribalance-animal-planet-nutribalance-g-3608.png;https://www.allendeshnos.cl/wp-content/uploads/2023/03/7.png;https://www.allendeshnos.cl/producto/animal-planet-nutribalance-gato-adulto/
animal-planet-nutribalance-animal-planet-nutribalance-adulto-raza-mediana-y-grande-20kg;Allendes Hnos;Animal Planet Nutribalance;perro;adulto;Animal Planet Nutribalance Adulto Raza Mediana y Grande 20kg;"[""20kg""]";FORMULADO POR ESPECIALISTAS La combinación de ingredientes esenciales en nuestros productos, ayudarán a mantener una óptima nutrición en tu mascota. icono cuero capilar Promueve un pelaje brillante La incorporación de ácidos grasos Omega 3, vitaminas y minerales orgánicos en la formulación, contribuyen a fortalecer la queratina, la que entrega estructura al pelo y mantiene la salud de los folículos pilosos, favoreciendo la lubricación, elasticidad y brillo del pelaje de su perro. Fortalece el sistema inmune El aporte de ácidos grasos Omega 3, vitaminas y minerales orgánicos, permiten mantener saludable la primera barrera de defensas del organismo de su perro, que es la piel. Además la incorporación de Prebióticos Mananooligosacaridos (MOS), ayudan a mantener la salud digestiva, atrapando y eliminando los agentes patógenos. icono digestión Óptima digestión Formulado con proteínas de alta digestibilidad y valor biológico. Contiene minerales orgánicos de alta disponibilidad y MOS (Mananooligosacaridos), que ayudan a mantener la salud digestiva, mejorando a su vez, la absorción de nutrientes. Un buen alimento para perros adultos de razas medianas y grandes, requiere entregar proteinas de alto valor biológico, promoviendo una óptima salud digestiva y un buen desarrollo muscular. Además de entregar beneficios funcionales que promueven un pelaje sano y brillante, una óptima digestión, lo que fortalece el sistema inmunológico.;esenciales en nuestros productos, ayudarán a mantener una óptima nutrición en tu mascota. icono cuero capilar Promueve un pelaje brillante La incorporación de ácidos grasos Omega 3, vitaminas y minerales orgánicos en la formulación, contribuyen a fortalecer la queratina, la que entrega estructura al pelo y mantiene la salud de los folículos pilosos, favoreciendo la lubricación, elasticidad y brillo del pelaje de su perro. Fortalece el sistema inmune El aporte de ácidos grasos Omega 3, vitaminas y minerales orgánicos, permiten mantener saludable la primera barrera de defensas del organismo de su perro, que es la piel. Además la incorporación de Prebióticos Mananooligosacaridos (MOS), ayudan a mantener la salud digestiva, atrapando y eliminando los agentes patógenos. icono digestión Óptima digestión Formulado con proteínas de alta digestibilidad y valor biológico. Contiene minerales orgánicos de alta disponibilidad y MOS (Mananooligosacaridos), que ayudan a mantener la salud digestiva, m;{};Imagenes_Alimentos/AllendesHnos/perros/animal-planet-nutribalance/animal-planet-nutribalance-animal-planet-nutribalance-a-3603.png;https://www.allendeshnos.cl/wp-content/uploads/2023/03/4.png;https://www.allendeshnos.cl/producto/animal-planet-nutribalance-adulto-raza-mediana-y-grande/
